{"type":"FeatureCollection","features":[{"type":"Feature","properties":{"grid":"A1","height":145,"airport":"Thiruvananthapuram"},"geometry":{"type":"Polygon","coordinates":[[[76.75001534988685,8.661763202298363],[76.7500153503262,8.653083150742521],[76.75001535037927,8.650001729739609],[76.74482353934945,8.650001729569604],[76.73627766773039,8.650001730170171],[76.7333486801778,8.650001730324638],[76.7333486797573,8.653083151306335],[76.73334868009286,8.661763201605117],[76.73334868002749,8.666668400396746],[76.73627766768878,8.666668399852515],[76.74482353901341,8.666668399887202],[76.75001534997757,8.66666840007903],[76.75001534988685,8.661763202298363]]]}},{"type":"Feature","properties":{"grid":"A2","height":145,"airport":"Thiruvananthapuram"},"geometry":{"type":"Polygon","coordinates":[[[76.76668201996691,8.66176320199753],[76.7666820202633,8.653083150800082],[76.76668201994421,8.650001730027043],[76.76191528038339,8.650001730027043],[76.75336940908763,8.650001730432683],[76.75001535037927,8.650001729739609],[76.7500153503262,8.653083150742521],[76.75001534988685,8.661763202298363],[76.75001534997757,8.66666840007903],[76.75336940936822,8.666668400120267],[76.76191528038314,8.666668399635881],[76.76668202022967,8.666668400175826],[76.76668201996691,8.66176320199753]]]}},{"type":"Feature","properties":{"grid":"A3","height":145,"airport":"Thiruvananthapuram"},"geometry":{"type":"Polygon","coordinates":[[[76.78334868988787,8.661763201576848],[76.7833486900278,8.653083151445006],[76.783348690236,8.650001730244625],[76.77900702239373,8.650001729937012],[76.77046115124502,8.650001730165746],[76.76668201994421,8.650001730027043],[76.7666820202633,8.653083150800082],[76.76668201996691,8.66176320199753],[76.76668202022967,8.666668400175826],[76.77046115097492,8.666668400242914],[76.7790070218607,8.6666684001255],[76.78334869033036,8.666668399753112],[76.78334868988787,8.661763201576848]]]}},{"type":"Feature","properties":{"grid":"A4","height":145,"airport":"Thiruvananthapuram"},"geometry":{"type":"Polygon","coordinates":[[[76.80001536011319,8.66176320190598],[76.80001536007015,8.653083150834734],[76.80001535989656,8.650001730366403],[76.79609876301151,8.650001730179902],[76.78755289183366,8.650001730249908],[76.783348690236,8.650001730244625],[76.7833486900278,8.653083151445006],[76.78334868988787,8.661763201576848],[76.78334869033036,8.666668399753112],[76.78755289195308,8.666668400188463],[76.79609876288613,8.666668400419821],[76.80001535983463,8.666668399684841],[76.80001536011319,8.66176320190598]]]}},{"type":"Feature","properties":{"grid":"A5","height":25,"airport":"Thiruvananthapuram"},"geometry":{"type":"Polygon","coordinates":[[[76.81668203018923,8.661763202050341],[76.81668202994933,8.653083150746978],[76.81668203029326,8.65000173035345],[76.8131905053103,8.650001729802248],[76.80464463392715,8.650001729731926],[76.80001535989656,8.650001730366403],[76.80001536007015,8.653083150834734],[76.80001536011319,8.66176320190598],[76.80001535983463,8.666668399684841],[76.80464463356394,8.666668399916183],[76.81319050471625,8.666668399573803],[76.81668203011023,8.666668399931968],[76.81668203018923,8.661763202050341]]]}},{"type":"Feature","properties":{"grid":"A6","height":25,"airport":"Thiruvananthapuram"},"geometry":{"type":"Polygon","coordinates":[[[76.83334869966647,8.66176320197923],[76.83334870012429,8.653083151146715],[76.83334870006793,8.650001730179303],[76.83028224601263,8.650001729688267],[76.8217363751609,8.6500017303959],[76.81668203029326,8.65000173035345],[76.81668202994933,8.653083150746978],[76.81668203018923,8.661763202050341],[76.81668203011023,8.666668399931968],[76.82173637525585,8.666668400297448],[76.83028224589955,8.666668400271126],[76.83334869979497,8.666668399563958],[76.83334869966647,8.66176320197923]]]}},{"type":"Feature","properties":{"grid":"A7","height":145,"airport":"Thiruvananthapuram"},"geometry":{"type":"Polygon","coordinates":[[[76.85001536991243,8.661763201652946],[76.850015370141,8.65308315109883],[76.8500153696793,8.650001729808722],[76.8473739881962,8.650001729787595],[76.83882811678698,8.65000173039221],[76.83334870006793,8.650001730179303],[76.83334870012429,8.653083151146715],[76.83334869966647,8.66176320197923],[76.83334869979497,8.666668399563958],[76.83882811737712,8.666668400390922],[76.84737398768405,8.66666839975787],[76.85001537026517,8.666668400349161],[76.85001536991243,8.661763201652946]]]}},{"type":"Feature","properties":{"grid":"A8","height":145,"airport":"Thiruvananthapuram"},"geometry":{"type":"Polygon","coordinates":[[[76.8666820395734,8.661763201948558],[76.86668203954964,8.65308315057214],[76.8666820395905,8.650001730110091],[76.8644657285792,8.65000173008004],[76.85591985824897,8.650001729687672],[76.8500153696793,8.650001729808722],[76.850015370141,8.65308315109883],[76.85001536991243,8.661763201652946],[76.85001537026517,8.666668400349161],[76.85591985755462,8.666668400172139],[76.86446572861394,8.666668399813144],[76.86668204014958,8.66666839954847],[76.8666820395734,8.661763201948558]]]}},{"type":"Feature","properties":{"grid":"A9","height":145,"airport":"Thiruvananthapuram"},"geometry":{"type":"Polygon","coordinates":[[[76.88334871001234,8.661763201921586],[76.88334870972635,8.65308315133426],[76.88334871025573,8.650001730143293],[76.88155747114308,8.650001729605828],[76.87301159990777,8.650001730052514],[76.8666820395905,8.650001730110091],[76.86668203954964,8.65308315057214],[76.8666820395734,8.661763201948558],[76.86668204014958,8.66666839954847],[76.87301159977478,8.666668399585609],[76.88155747085862,8.666668400389907],[76.8833487099205,8.666668399838011],[76.88334871001234,8.661763201921586]]]}},{"type":"Feature","properties":{"grid":"A10","height":145,"airport":"Thiruvananthapuram"},"geometry":{"type":"Polygon","coordinates":[[[76.90001537987555,8.661763202448595],[76.90001538020779,8.653083150641185],[76.90001538031659,8.650001729880927],[76.8986492117065,8.650001730156843],[76.89010334119806,8.650001729644814],[76.88334871025573,8.650001730143293],[76.88334870972635,8.65308315133426],[76.88334871001234,8.661763201921586],[76.8833487099205,8.666668399838011],[76.89010334076492,8.666668400418772],[76.89864921203596,8.666668399654998],[76.90001538003236,8.666668400277363],[76.90001537987555,8.661763202448595]]]}},{"type":"Feature","properties":{"grid":"A11","height":145,"airport":"Thiruvananthapuram"},"geometry":{"type":"Polygon","coordinates":[[[76.91668204961265,8.661763201684916],[76.91668204964915,8.6530831511774],[76.91668205023612,8.650001730190437],[76.91574095424608,8.65000172986832],[76.90719508338918,8.650001730229585],[76.90001538031659,8.650001729880927],[76.90001538020779,8.653083150641185],[76.90001537987555,8.661763202448595],[76.90001538003236,8.666668400277363],[76.90719508268077,8.666668399911918],[76.9157409543287,8.666668400272677],[76.91668205003094,8.666668399930284],[76.91668204961265,8.661763201684916]]]}},{"type":"Feature","properties":{"grid":"A12","height":145,"airport":"Thiruvananthapuram"},"geometry":{"type":"Polygon","coordinates":[[[76.93334871969601,8.66176320230562],[76.93334872031674,8.653083151088795],[76.93334871955975,8.650001730135452],[76.93283269457598,8.650001729627823],[76.92428682409864,8.65000172997336],[76.91668205023612,8.650001730190437],[76.91668204964915,8.6530831511774],[76.91668204961265,8.661763201684916],[76.91668205003094,8.666668399930284],[76.92428682406661,8.666668399843132],[76.93283269535449,8.66666840040929],[76.93334872037953,8.666668399663786],[76.93334871969601,8.66176320230562]]]}},{"type":"Feature","properties":{"grid":"A13","height":145,"airport":"Thiruvananthapuram"},"geometry":{"type":"Polygon","coordinates":[[[76.95001538966196,8.661763201565877],[76.95001538994825,8.653083151255816],[76.95001538965427,8.650001729674111],[76.9499244366863,8.65000173028166],[76.941378566408,8.65000172972726],[76.93334871955975,8.650001730135452],[76.93334872031674,8.653083151088795],[76.93334871969601,8.66176320230562],[76.93334872037953,8.666668399663786],[76.94137856618308,8.666668400168453],[76.94992443728233,8.666668400016219],[76.9500153897245,8.66666840035371],[76.95001538966196,8.661763201565877]]]}},{"type":"Feature","properties":{"grid":"A14","height":145,"airport":"Thiruvananthapuram"},"geometry":{"type":"Polygon","coordinates":[[[76.9666820599829,8.661763202140062],[76.96668205990576,8.65308315073228],[76.96668206007409,8.650001729677374],[76.95847030703995,8.650001730373978],[76.95001538965427,8.650001729674111],[76.95001538994825,8.653083151255816],[76.95001538966196,8.661763201565877],[76.9500153897245,8.66666840035371],[76.95847030665223,8.666668399958038],[76.96668206033213,8.666668400145134],[76.9666820599829,8.661763202140062]]]}},{"type":"Feature","properties":{"grid":"A15","height":145,"airport":"Thiruvananthapuram"},"geometry":{"type":"Polygon","coordinates":[[[76.98334873019954,8.661763202186831],[76.98334872974851,8.653083151292899],[76.98334873036912,8.650001730111926],[76.97556204906206,8.650001730051681],[76.96701617819417,8.650001729995727],[76.96668206007409,8.650001729677374],[76.96668205990576,8.65308315073228],[76.9666820599829,8.661763202140062],[76.96668206033213,8.666668400145134],[76.96701617774347,8.666668399971458],[76.97556204855603,8.666668400061907],[76.98334872994022,8.666668399918072],[76.98334873019954,8.661763202186831]]]}},{"type":"Feature","properties":{"grid":"A16","height":145,"airport":"Thiruvananthapuram"},"geometry":{"type":"Polygon","coordinates":[[[77.00001539986174,8.661763201672665],[77.00001539992532,8.65308315109143],[77.00001540008437,8.650001730040296],[76.99265379010528,8.650001729637973],[76.98410792036418,8.650001729629244],[76.98334873036912,8.650001730111926],[76.98334872974851,8.653083151292899],[76.98334873019954,8.661763202186831],[76.98334872994022,8.666668399918072],[76.98410791981523,8.666668400220768],[76.9926537904295,8.666668400448895],[77.00001539991568,8.666668399629497],[77.00001539986174,8.661763201672665]]]}},{"type":"Feature","properties":{"grid":"A17","height":145,"airport":"Thiruvananthapuram"},"geometry":{"type":"Polygon","coordinates":[[[77.01668207034581,8.661763202362135],[77.0166820699906,8.653083150997972],[77.01668206968267,8.650001730327903],[77.00974553234266,8.650001729986727],[77.00119966082742,8.650001730059783],[77.00001540008437,8.650001730040296],[77.00001539992532,8.65308315109143],[77.00001539986174,8.661763201672665],[77.00001539991568,8.666668399629497],[77.00119966111937,8.666668399833636],[77.00974553171127,8.666668400179024],[77.01668206981329,8.666668400149511],[77.01668207034581,8.661763202362135]]]}},{"type":"Feature","properties":{"grid":"A18","height":145,"airport":"Thiruvananthapuram"},"geometry":{"type":"Polygon","coordinates":[[[77.03334874028357,8.661763202417875],[77.03334874040242,8.65308315097361],[77.03334873961722,8.650001730031917],[77.02683727339567,8.65000173016714],[77.0182914026558,8.650001730328324],[77.01668206968267,8.650001730327903],[77.0166820699906,8.653083150997972],[77.01668207034581,8.661763202362135],[77.01668206981329,8.666668400149511],[77.0182914029209,8.66666839966836],[77.02683727275787,8.666668400115217],[77.03334874008176,8.666668399631158],[77.03334874028357,8.661763202417875]]]}},{"type":"Feature","properties":{"grid":"A19","height":145,"airport":"Thiruvananthapuram"},"geometry":{"type":"Polygon","coordinates":[[[77.05001541013311,8.661763201800689],[77.05001540980204,8.65308315098877],[77.05001541035074,8.650001730017012],[77.04392901543238,8.650001730128285],[77.03538314438387,8.650001730403126],[77.03334873961722,8.650001730031917],[77.03334874040242,8.65308315097361],[77.03334874028357,8.661763202417875],[77.03334874008176,8.666668399631158],[77.03538314375466,8.666668399693247],[77.04392901482937,8.666668400211131],[77.05001541028058,8.666668399847913],[77.05001541013311,8.661763201800689]]]}},{"type":"Feature","properties":{"grid":"A20","height":145,"airport":"Thiruvananthapuram"},"geometry":{"type":"Polygon","coordinates":[[[77.0666820803623,8.661763202278866],[77.06668207955573,8.653083150999137],[77.06668207961603,8.650001730258207],[77.0610207560789,8.650001729842916],[77.05247488636287,8.650001730242577],[77.05001541035074,8.650001730017012],[77.05001540980204,8.65308315098877],[77.05001541013311,8.661763201800689],[77.05001541028058,8.666668399847913],[77.05247488578914,8.66666839985695],[77.06102075555216,8.666668400439479],[77.06668207995469,8.666668399861061],[77.0666820803623,8.661763202278866]]]}},{"type":"Feature","properties":{"grid":"A21","height":145,"airport":"Thiruvananthapuram"},"geometry":{"type":"Polygon","coordinates":[[[77.08334874960258,8.66176320201443],[77.08334875012135,8.65308315096471],[77.08334874968264,8.650001729801987],[77.07811249841637,8.65000173015826],[77.06956662712724,8.65000172981456],[77.06668207961603,8.650001730258207],[77.06668207955573,8.653083150999137],[77.0666820803623,8.661763202278866],[77.06668207995469,8.666668399861061],[77.06956662665067,8.666668400132082],[77.07811249799799,8.666668399839503],[77.08334874956216,8.666668399630764],[77.08334874960258,8.66176320201443]]]}},{"type":"Feature","properties":{"grid":"A22","height":145,"airport":"Thiruvananthapuram"},"geometry":{"type":"Polygon","coordinates":[[[77.10001542013354,8.661763201861218],[77.10001542013993,8.653083150855162],[77.10001542010986,8.65000173042088],[77.09520423915757,8.650001730147535],[77.08665836884978,8.650001729970947],[77.08334874968264,8.650001729801987],[77.08334875012135,8.65308315096471],[77.08334874960258,8.66176320201443],[77.08334874956216,8.666668399630764],[77.08665836941094,8.666668399557613],[77.09520423889461,8.666668400196189],[77.10001541956605,8.666668400020633],[77.10001542013354,8.661763201861218]]]}},{"type":"Feature","properties":{"grid":"A23","height":145,"airport":"Thiruvananthapuram"},"geometry":{"type":"Polygon","coordinates":[[[77.11668208968796,8.661763201793535],[77.11668209006913,8.653083150630005],[77.11668209043701,8.650001730271475],[77.11229598137844,8.650001729753129],[77.10375011005985,8.650001729775019],[77.10001542010986,8.65000173042088],[77.10001542013993,8.653083150855162],[77.10001542013354,8.661763201861218],[77.10001541956605,8.666668400020633],[77.10375010988933,8.666668399923388],[77.11229598130855,8.666668399643932],[77.11668209041927,8.666668400086085],[77.11668208968796,8.661763201793535]]]}},{"type":"Feature","properties":{"grid":"B1","height":145,"airport":"Thiruvananthapuram"},"geometry":{"type":"Polygon","coordinates":[[[76.75001534981608,8.64440310015054],[76.75001535016193,8.635723047805278],[76.75001534990875,8.633335059841384],[76.74482353928435,8.63333505968307],[76.73627766755524,8.633335060000787],[76.7333486798646,8.633335059762105],[76.73334867961384,8.635723048142793],[76.73334867990017,8.644403100149688],[76.7333486801778,8.650001730324638],[76.73627766773039,8.650001730170171],[76.74482353934945,8.650001729569604],[76.75001535037927,8.650001729739609],[76.75001534981608,8.64440310015054]]]}},{"type":"Feature","properties":{"grid":"B2","height":145,"airport":"Thiruvananthapuram"},"geometry":{"type":"Polygon","coordinates":[[[76.76668201998694,8.64440309966769],[76.76668202004304,8.635723047695503],[76.76668202019074,8.633335060338855],[76.76191527960134,8.633335059973325],[76.7533694091217,8.633335060281937],[76.75001534990875,8.633335059841384],[76.75001535016193,8.635723047805278],[76.75001534981608,8.64440310015054],[76.75001535037927,8.650001729739609],[76.75336940908763,8.650001730432683],[76.76191528038339,8.650001730027043],[76.76668201994421,8.650001730027043],[76.76668201998694,8.64440309966769]]]}},{"type":"Feature","properties":{"grid":"B3","height":145,"airport":"Thiruvananthapuram"},"geometry":{"type":"Polygon","coordinates":[[[76.78334868996734,8.644403099575364],[76.78334868971594,8.635723047779528],[76.78334869025662,8.633335060320604],[76.77900702177166,8.633335060236183],[76.77046115054429,8.633335059657876],[76.76668202019074,8.633335060338855],[76.76668202004304,8.635723047695503],[76.76668201998694,8.64440309966769],[76.76668201994421,8.650001730027043],[76.77046115124502,8.650001730165746],[76.77900702239373,8.650001729937012],[76.783348690236,8.650001730244625],[76.78334868996734,8.644403099575364]]]}},{"type":"Feature","properties":{"grid":"B4","height":25,"airport":"Thiruvananthapuram"},"geometry":{"type":"Polygon","coordinates":[[[76.80001536021615,8.64440309983921],[76.80001535963935,8.635723048023054],[76.80001535965647,8.633335059756629],[76.79609876342191,8.633335060447864],[76.78755289218343,8.63333505990076],[76.78334869025662,8.633335060320604],[76.78334868971594,8.635723047779528],[76.78334868996734,8.644403099575364],[76.783348690236,8.650001730244625],[76.78755289183366,8.650001730249908],[76.79609876301151,8.650001730179902],[76.80001535989656,8.650001730366403],[76.80001536021615,8.64440309983921]]]}},{"type":"Feature","properties":{"grid":"B5","height":25,"airport":"Thiruvananthapuram"},"geometry":{"type":"Polygon","coordinates":[[[76.81668203028374,8.644403100428812],[76.81668203027185,8.635723048391352],[76.81668202976591,8.633335060416178],[76.81319050489975,8.633335059667775],[76.80464463438697,8.633335060070012],[76.80001535965647,8.633335059756629],[76.80001535963935,8.635723048023054],[76.80001536021615,8.64440309983921],[76.80001535989656,8.650001730366403],[76.80464463392715,8.650001729731926],[76.8131905053103,8.650001729802248],[76.81668203029326,8.65000173035345],[76.81668203028374,8.644403100428812]]]}},{"type":"Feature","properties":{"grid":"B6","height":25,"airport":"Thiruvananthapuram"},"geometry":{"type":"Polygon","coordinates":[[[76.833348699716,8.644403100409429],[76.83334870025075,8.635723047954006],[76.83334870012202,8.633335059556346],[76.83028224565722,8.633335059671468],[76.82173637478147,8.633335060141698],[76.81668202976591,8.633335060416178],[76.81668203027185,8.635723048391352],[76.81668203028374,8.644403100428812],[76.81668203029326,8.65000173035345],[76.8217363751609,8.6500017303959],[76.83028224601263,8.650001729688267],[76.83334870006793,8.650001730179303],[76.833348699716,8.644403100409429]]]}},{"type":"Feature","properties":{"grid":"B7","height":25,"airport":"Thiruvananthapuram"},"geometry":{"type":"Polygon","coordinates":[[[76.85001536987998,8.64440309974146],[76.85001537003882,8.635723047579846],[76.85001537028779,8.633335059858368],[76.84737398786314,8.633335060412943],[76.83882811735255,8.633335060061537],[76.83334870012202,8.633335059556346],[76.83334870025075,8.635723047954006],[76.833348699716,8.644403100409429],[76.83334870006793,8.650001730179303],[76.83882811678698,8.65000173039221],[76.8473739881962,8.650001729787595],[76.8500153696793,8.650001729808722],[76.85001536987998,8.64440309974146]]]}},{"type":"Feature","properties":{"grid":"B8","height":145,"airport":"Thiruvananthapuram"},"geometry":{"type":"Polygon","coordinates":[[[76.8666820403346,8.644403100201679],[76.86668204009892,8.635723048137327],[76.8666820398089,8.633335060386994],[76.86446572913515,8.633335060059492],[76.85591985790981,8.63333505981372],[76.85001537028779,8.633335059858368],[76.85001537003882,8.635723047579846],[76.85001536987998,8.64440309974146],[76.8500153696793,8.650001729808722],[76.85591985824897,8.650001729687672],[76.8644657285792,8.65000173008004],[76.8666820395905,8.650001730110091],[76.8666820403346,8.644403100201679]]]}},{"type":"Feature","properties":{"grid":"B9","height":145,"airport":"Thiruvananthapuram"},"geometry":{"type":"Polygon","coordinates":[[[76.88334870971262,8.644403099954868],[76.88334870997213,8.635723047786803],[76.8833487100476,8.633335060197881],[76.88155747074222,8.633335060376869],[76.87301160044314,8.633335060246953],[76.8666820398089,8.633335060386994],[76.86668204009892,8.635723048137327],[76.8666820403346,8.644403100201679],[76.8666820395905,8.650001730110091],[76.87301159990777,8.650001730052514],[76.88155747114308,8.650001729605828],[76.88334871025573,8.650001730143293],[76.88334870971262,8.644403099954868]]]}},{"type":"Feature","properties":{"grid":"B10","height":145,"airport":"Thiruvananthapuram"},"geometry":{"type":"Polygon","coordinates":[[[76.90001538029384,8.644403099859918],[76.90001538012564,8.635723048300123],[76.9000153796497,8.633335060167683],[76.89864921212312,8.633335060427127],[76.89010334075766,8.63333506044116],[76.8833487100476,8.633335060197881],[76.88334870997213,8.635723047786803],[76.88334870971262,8.644403099954868],[76.88334871025573,8.650001730143293],[76.89010334119806,8.650001729644814],[76.8986492117065,8.650001730156843],[76.90001538031659,8.650001729880927],[76.90001538029384,8.644403099859918]]]}},{"type":"Feature","properties":{"grid":"B11","height":145,"airport":"Thiruvananthapuram"},"geometry":{"type":"Polygon","coordinates":[[[76.91668204981134,8.64440309989368],[76.91668205010023,8.635723047837127],[76.91668204998183,8.633335060255385],[76.9157409536293,8.633335060171566],[76.90719508283857,8.633335060339991],[76.9000153796497,8.633335060167683],[76.90001538012564,8.635723048300123],[76.90001538029384,8.644403099859918],[76.90001538031659,8.650001729880927],[76.90719508338918,8.650001730229585],[76.91574095424608,8.65000172986832],[76.91668205023612,8.650001730190437],[76.91668204981134,8.64440309989368]]]}},{"type":"Feature","properties":{"grid":"B12","height":145,"airport":"Thiruvananthapuram"},"geometry":{"type":"Polygon","coordinates":[[[76.9333487196319,8.644403100014705],[76.93334872036313,8.635723048168977],[76.93334871968526,8.633335060433115],[76.93283269470385,8.633335059575698],[76.92428682431212,8.633335059918043],[76.91668204998183,8.633335060255385],[76.91668205010023,8.635723047837127],[76.91668204981134,8.64440309989368],[76.91668205023612,8.650001730190437],[76.92428682409864,8.65000172997336],[76.93283269457598,8.650001729627823],[76.93334871955975,8.650001730135452],[76.9333487196319,8.644403100014705]]]}},{"type":"Feature","properties":{"grid":"B13","height":145,"airport":"Thiruvananthapuram"},"geometry":{"type":"Polygon","coordinates":[[[76.95001539021374,8.644403100185716],[76.95001538955108,8.635723048363577],[76.95001539012179,8.633335059755128],[76.94992443661576,8.633335060403557],[76.9413785664427,8.63333506003555],[76.93334871968526,8.633335060433115],[76.93334872036313,8.635723048168977],[76.9333487196319,8.644403100014705],[76.93334871955975,8.650001730135452],[76.941378566408,8.65000172972726],[76.9499244366863,8.65000173028166],[76.95001538965427,8.650001729674111],[76.95001539021374,8.644403100185716]]]}},{"type":"Feature","properties":{"grid":"B14","height":145,"airport":"Thiruvananthapuram"},"geometry":{"type":"Polygon","coordinates":[[[76.96668206019824,8.644403100378316],[76.96668205993886,8.635723048374215],[76.96668205994187,8.633335060001052],[76.95847030685194,8.633335059762729],[76.95001539012179,8.633335059755128],[76.95001538955108,8.635723048363577],[76.95001539021374,8.644403100185716],[76.95001538965427,8.650001729674111],[76.95847030703995,8.650001730373978],[76.96668206007409,8.650001729677374],[76.96668206019824,8.644403100378316]]]}},{"type":"Feature","properties":{"grid":"B15","height":145,"airport":"Thiruvananthapuram"},"geometry":{"type":"Polygon","coordinates":[[[76.98334873003874,8.644403099650699],[76.98334873016756,8.63572304817224],[76.98334872959877,8.633335060229117],[76.9755620486209,8.633335059949852],[76.96701617788572,8.633335059912575],[76.96668205994187,8.633335060001052],[76.96668205993886,8.635723048374215],[76.96668206019824,8.644403100378316],[76.96668206007409,8.650001729677374],[76.96701617819417,8.650001729995727],[76.97556204906206,8.650001730051681],[76.98334873036912,8.650001730111926],[76.98334873003874,8.644403099650699]]]}},{"type":"Feature","properties":{"grid":"B16","height":145,"airport":"Thiruvananthapuram"},"geometry":{"type":"Polygon","coordinates":[[[77.00001540020276,8.644403099772584],[77.0000153997867,8.63572304772422],[77.00001539955034,8.633335060401123],[76.99265379027935,8.633335059661883],[76.98410791978262,8.633335059866015],[76.98334872959877,8.633335060229117],[76.98334873016756,8.63572304817224],[76.98334873003874,8.644403099650699],[76.98334873036912,8.650001730111926],[76.98410792036418,8.650001729629244],[76.99265379010528,8.650001729637973],[77.00001540008437,8.650001730040296],[77.00001540020276,8.644403099772584]]]}},{"type":"Feature","properties":{"grid":"B17","height":145,"airport":"Thiruvananthapuram"},"geometry":{"type":"Polygon","coordinates":[[[77.01668207023512,8.644403099806157],[77.01668207016718,8.635723047890853],[77.01668207024947,8.633335059574549],[77.00974553218313,8.633335059762151],[77.00119966084097,8.633335060232794],[77.00001539955034,8.633335060401123],[77.0000153997867,8.63572304772422],[77.00001540020276,8.644403099772584],[77.00001540008437,8.650001730040296],[77.00119966082742,8.650001730059783],[77.00974553234266,8.650001729986727],[77.01668206968267,8.650001730327903],[77.01668207023512,8.644403099806157]]]}},{"type":"Feature","properties":{"grid":"B18","height":145,"airport":"Thiruvananthapuram"},"geometry":{"type":"Polygon","coordinates":[[[77.03334873968534,8.644403099717364],[77.03334873994527,8.635723047738885],[77.03334874035154,8.633335060431985],[77.02683727286667,8.633335060219261],[77.01829140322378,8.633335060058686],[77.01668207024947,8.633335059574549],[77.01668207016718,8.635723047890853],[77.01668207023512,8.644403099806157],[77.01668206968267,8.650001730327903],[77.0182914026558,8.650001730328324],[77.02683727339567,8.65000173016714],[77.03334873961722,8.650001730031917],[77.03334873968534,8.644403099717364]]]}},{"type":"Feature","properties":{"grid":"B19","height":145,"airport":"Thiruvananthapuram"},"geometry":{"type":"Polygon","coordinates":[[[77.05001540992451,8.644403100366162],[77.05001540958345,8.635723048133164],[77.05001541029975,8.633335060222429],[77.0439290154011,8.633335060073524],[77.03538314365352,8.633335060225567],[77.03334874035154,8.633335060431985],[77.03334873994527,8.635723047738885],[77.03334873968534,8.644403099717364],[77.03334873961722,8.650001730031917],[77.03538314438387,8.650001730403126],[77.04392901543238,8.650001730128285],[77.05001541035074,8.650001730017012],[77.05001540992451,8.644403100366162]]]}},{"type":"Feature","properties":{"grid":"B20","height":145,"airport":"Thiruvananthapuram"},"geometry":{"type":"Polygon","coordinates":[[[77.06668207958386,8.644403099914824],[77.06668208044275,8.635723048125325],[77.06668207964809,8.633335059815296],[77.06102075560054,8.633335060211367],[77.05247488610955,8.633335059768788],[77.05001541029975,8.633335060222429],[77.05001540958345,8.635723048133164],[77.05001540992451,8.644403100366162],[77.05001541035074,8.650001730017012],[77.05247488636287,8.650001730242577],[77.0610207560789,8.650001729842916],[77.06668207961603,8.650001730258207],[77.06668207958386,8.644403099914824]]]}},{"type":"Feature","properties":{"grid":"B21","height":145,"airport":"Thiruvananthapuram"},"geometry":{"type":"Polygon","coordinates":[[[77.08334875003922,8.644403100126468],[77.08334875025567,8.635723047690234],[77.08334874976724,8.633335060069847],[77.07811249835245,8.633335059662487],[77.06956662731429,8.633335059569776],[77.06668207964809,8.633335059815296],[77.06668208044275,8.635723048125325],[77.06668207958386,8.644403099914824],[77.06668207961603,8.650001730258207],[77.06956662712724,8.65000172981456],[77.07811249841637,8.65000173015826],[77.08334874968264,8.650001729801987],[77.08334875003922,8.644403100126468]]]}},{"type":"Feature","properties":{"grid":"B22","height":145,"airport":"Thiruvananthapuram"},"geometry":{"type":"Polygon","coordinates":[[[77.10001541992658,8.644403100066858],[77.10001542039291,8.635723047686815],[77.10001542020136,8.633335060046848],[77.0952042385676,8.633335060221814],[77.08665836943516,8.633335059576593],[77.08334874976724,8.633335060069847],[77.08334875025567,8.635723047690234],[77.08334875003922,8.644403100126468],[77.08334874968264,8.650001729801987],[77.08665836884978,8.650001729970947],[77.09520423915757,8.650001730147535],[77.10001542010986,8.65000173042088],[77.10001541992658,8.644403100066858]]]}},{"type":"Feature","properties":{"grid":"B23","height":145,"airport":"Thiruvananthapuram"},"geometry":{"type":"Polygon","coordinates":[[[77.11668208970345,8.644403099695555],[77.11668209040351,8.635723048079553],[77.11668208959112,8.633335059715865],[77.11229598112821,8.633335060014055],[77.10375011009799,8.633335059761453],[77.10001542020136,8.633335060046848],[77.10001542039291,8.635723047686815],[77.10001541992658,8.644403100066858],[77.10001542010986,8.65000173042088],[77.10375011005985,8.650001729775019],[77.11229598137844,8.650001729753129],[77.11668209043701,8.650001730271475],[77.11668208970345,8.644403099695555]]]}},{"type":"Feature","properties":{"grid":"C1","height":145,"airport":"Thiruvananthapuram"},"geometry":{"type":"Polygon","coordinates":[[[76.7500153495643,8.62704299733488],[76.75001534982854,8.618362946022215],[76.75001535038925,8.616668390400578],[76.74482353882439,8.616668390252087],[76.7362776680822,8.616668390268904],[76.7333486800068,8.616668389633741],[76.73334867959477,8.618362946104407],[76.73334867981596,8.627042997093202],[76.7333486798646,8.633335059762105],[76.73627766755524,8.633335060000787],[76.74482353928435,8.63333505968307],[76.75001534990875,8.633335059841384],[76.7500153495643,8.62704299733488]]]}},{"type":"Feature","properties":{"grid":"C2","height":145,"airport":"Thiruvananthapuram"},"geometry":{"type":"Polygon","coordinates":[[[76.76668202044087,8.627042996695167],[76.76668202026868,8.618362945770246],[76.76668202006287,8.616668390235795],[76.76191527986445,8.616668390394937],[76.75336940856832,8.616668389696647],[76.75001535038925,8.616668390400578],[76.75001534982854,8.618362946022215],[76.7500153495643,8.62704299733488],[76.75001534990875,8.633335059841384],[76.7533694091217,8.633335060281937],[76.76191527960134,8.633335059973325],[76.76668202019074,8.633335060338855],[76.76668202044087,8.627042996695167]]]}},{"type":"Feature","properties":{"grid":"C3","height":25,"airport":"Thiruvananthapuram"},"geometry":{"type":"Polygon","coordinates":[[[76.78334869018721,8.627042996960823],[76.7833486895609,8.618362946227045],[76.7833486903986,8.61666839000547],[76.77900702181365,8.6166683901349],[76.77046115070027,8.616668389639461],[76.76668202006287,8.616668390235795],[76.76668202026868,8.618362945770246],[76.76668202044087,8.627042996695167],[76.76668202019074,8.633335060338855],[76.77046115054429,8.633335059657876],[76.77900702177166,8.633335060236183],[76.78334869025662,8.633335060320604],[76.78334869018721,8.627042996960823]]]}},{"type":"Feature","properties":{"grid":"C4","height":25,"airport":"Thiruvananthapuram"},"geometry":{"type":"Polygon","coordinates":[[[76.80001536016613,8.627042997189315],[76.80001535997623,8.618362946445883],[76.80001536003786,8.616668389683731],[76.796098763211,8.616668390348252],[76.78755289210459,8.616668390073777],[76.7833486903986,8.61666839000547],[76.7833486895609,8.618362946227045],[76.78334869018721,8.627042996960823],[76.78334869025662,8.633335060320604],[76.78755289218343,8.63333505990076],[76.79609876342191,8.633335060447864],[76.80001535965647,8.633335059756629],[76.80001536016613,8.627042997189315]]]}},{"type":"Feature","properties":{"grid":"C5","height":25,"airport":"Thiruvananthapuram"},"geometry":{"type":"Polygon","coordinates":[[[76.8166820299276,8.627042997350282],[76.81668203015603,8.618362946400612],[76.8166820303516,8.616668390135883],[76.81319050531235,8.616668390090162],[76.8046446340371,8.616668390054945],[76.80001536003786,8.616668389683731],[76.80001535997623,8.618362946445883],[76.80001536016613,8.627042997189315],[76.80001535965647,8.633335059756629],[76.80464463438697,8.633335060070012],[76.81319050489975,8.633335059667775],[76.81668202976591,8.633335060416178],[76.8166820299276,8.627042997350282]]]}},{"type":"Feature","properties":{"grid":"C6","height":25,"airport":"Thiruvananthapuram"},"geometry":{"type":"Polygon","coordinates":[[[76.83334869993001,8.627042997408804],[76.83334869965009,8.618362946060712],[76.83334869997692,8.616668390431501],[76.8302822457483,8.616668390240688],[76.82173637503251,8.616668389554844],[76.8166820303516,8.616668390135883],[76.81668203015603,8.618362946400612],[76.8166820299276,8.627042997350282],[76.81668202976591,8.633335060416178],[76.82173637478147,8.633335060141698],[76.83028224565722,8.633335059671468],[76.83334870012202,8.633335059556346],[76.83334869993001,8.627042997408804]]]}},{"type":"Feature","properties":{"grid":"C7","height":25,"airport":"Thiruvananthapuram"},"geometry":{"type":"Polygon","coordinates":[[[76.85001536972321,8.627042997333959],[76.85001536982928,8.618362946290674],[76.85001537027591,8.616668389627023],[76.8473739875912,8.61666838984563],[76.83882811726787,8.616668390335919],[76.83334869997692,8.616668390431501],[76.83334869965009,8.618362946060712],[76.83334869993001,8.627042997408804],[76.83334870012202,8.633335059556346],[76.83882811735255,8.633335060061537],[76.84737398786314,8.633335060412943],[76.85001537028779,8.633335059858368],[76.85001536972321,8.627042997333959]]]}},{"type":"Feature","properties":{"grid":"C8","height":25,"airport":"Thiruvananthapuram"},"geometry":{"type":"Polygon","coordinates":[[[76.86668203976541,8.627042997090202],[76.86668204023893,8.618362946155242],[76.866682039903,8.616668390407787],[76.86446572938003,8.616668389780111],[76.8559198583563,8.616668389661587],[76.85001537027591,8.616668389627023],[76.85001536982928,8.618362946290674],[76.85001536972321,8.627042997333959],[76.85001537028779,8.633335059858368],[76.85591985790981,8.63333505981372],[76.86446572913515,8.633335060059492],[76.8666820398089,8.633335060386994],[76.86668203976541,8.627042997090202]]]}},{"type":"Feature","properties":{"grid":"C9","height":145,"airport":"Thiruvananthapuram"},"geometry":{"type":"Polygon","coordinates":[[[76.88334870960637,8.62704299664601],[76.88334871042859,8.618362945622932],[76.88334871021131,8.616668390021406],[76.88155747055777,8.616668390010599],[76.8730115995708,8.616668390201964],[76.866682039903,8.616668390407787],[76.86668204023893,8.618362946155242],[76.86668203976541,8.627042997090202],[76.8666820398089,8.633335060386994],[76.87301160044314,8.633335060246953],[76.88155747074222,8.633335060376869],[76.8833487100476,8.633335060197881],[76.88334870960637,8.62704299664601]]]}},{"type":"Feature","properties":{"grid":"C10","height":145,"airport":"Thiruvananthapuram"},"geometry":{"type":"Polygon","coordinates":[[[76.90001537970868,8.62704299686923],[76.90001537995231,8.618362945566131],[76.90001537985084,8.616668390248662],[76.89864921237962,8.616668389590375],[76.89010334125382,8.616668390110815],[76.88334871021131,8.616668390021406],[76.88334871042859,8.618362945622932],[76.88334870960637,8.62704299664601],[76.8833487100476,8.633335060197881],[76.89010334075766,8.63333506044116],[76.89864921212312,8.633335060427127],[76.9000153796497,8.633335060167683],[76.90001537970868,8.62704299686923]]]}},{"type":"Feature","properties":{"grid":"C11","height":145,"airport":"Thiruvananthapuram"},"geometry":{"type":"Polygon","coordinates":[[[76.9166820496175,8.627042996823759],[76.91668205017635,8.618362945943831],[76.91668205018337,8.616668390144554],[76.91574095429743,8.616668390293308],[76.90719508285268,8.616668390258141],[76.90001537985084,8.616668390248662],[76.90001537995231,8.618362945566131],[76.90001537970868,8.62704299686923],[76.9000153796497,8.633335060167683],[76.90719508283857,8.633335060339991],[76.9157409536293,8.633335060171566],[76.91668204998183,8.633335060255385],[76.9166820496175,8.627042996823759]]]}},{"type":"Feature","properties":{"grid":"C12","height":145,"airport":"Thiruvananthapuram"},"geometry":{"type":"Polygon","coordinates":[[[76.9333487197954,8.627042997376739],[76.9333487197373,8.618362945824217],[76.93334871984987,8.616668389681298],[76.93283269483656,8.616668390281445],[76.9242868238056,8.616668389705696],[76.91668205018337,8.616668390144554],[76.91668205017635,8.618362945943831],[76.9166820496175,8.627042996823759],[76.91668204998183,8.633335060255385],[76.92428682431212,8.633335059918043],[76.93283269470385,8.633335059575698],[76.93334871968526,8.633335060433115],[76.9333487197954,8.627042997376739]]]}},{"type":"Feature","properties":{"grid":"C13","height":145,"airport":"Thiruvananthapuram"},"geometry":{"type":"Polygon","coordinates":[[[76.95001538978269,8.627042996687537],[76.95001539000577,8.618362946069599],[76.95001539022103,8.616668389721227],[76.94992443707764,8.616668390405815],[76.94137856628956,8.616668390213208],[76.93334871984987,8.616668389681298],[76.9333487197373,8.618362945824217],[76.9333487197954,8.627042997376739],[76.93334871968526,8.633335060433115],[76.9413785664427,8.63333506003555],[76.94992443661576,8.633335060403557],[76.95001539012179,8.633335059755128],[76.95001538978269,8.627042996687537]]]}},{"type":"Feature","properties":{"grid":"C14","height":145,"airport":"Thiruvananthapuram"},"geometry":{"type":"Polygon","coordinates":[[[76.96668206005107,8.627042997430665],[76.96668205961815,8.618362945747698],[76.9666820599378,8.616668390236018],[76.95847030701297,8.61666838995148],[76.95001539022103,8.616668389721227],[76.95001539000577,8.618362946069599],[76.95001538978269,8.627042996687537],[76.95001539012179,8.633335059755128],[76.95847030685194,8.633335059762729],[76.96668205994187,8.633335060001052],[76.96668206005107,8.627042997430665]]]}},{"type":"Feature","properties":{"grid":"C15","height":145,"airport":"Thiruvananthapuram"},"geometry":{"type":"Polygon","coordinates":[[[76.98334873013597,8.627042996860917],[76.98334872994498,8.618362945720083],[76.98334873036144,8.616668390279296],[76.97556204905639,8.61666838977088],[76.96701617773363,8.61666838974114],[76.9666820599378,8.616668390236018],[76.96668205961815,8.618362945747698],[76.96668206005107,8.627042997430665],[76.96668205994187,8.633335060001052],[76.96701617788572,8.633335059912575],[76.9755620486209,8.633335059949852],[76.98334872959877,8.633335060229117],[76.98334873013597,8.627042996860917]]]}},{"type":"Feature","properties":{"grid":"C16","height":145,"airport":"Thiruvananthapuram"},"geometry":{"type":"Polygon","coordinates":[[[77.0000153995961,8.627042996752882],[77.00001539962716,8.618362945957974],[77.00001540013275,8.616668389822284],[76.99265379004571,8.616668389645112],[76.98410791988974,8.616668390041463],[76.98334873036144,8.616668390279296],[76.98334872994498,8.618362945720083],[76.98334873013597,8.627042996860917],[76.98334872959877,8.633335060229117],[76.98410791978262,8.633335059866015],[76.99265379027935,8.633335059661883],[77.00001539955034,8.633335060401123],[77.0000153995961,8.627042996752882]]]}},{"type":"Feature","properties":{"grid":"C17","height":145,"airport":"Thiruvananthapuram"},"geometry":{"type":"Polygon","coordinates":[[[77.01668206979748,8.627042997063343],[77.01668207003051,8.618362946418234],[77.01668206971385,8.61666838973058],[77.00974553215312,8.616668390428211],[77.00119966116718,8.616668390376418],[77.00001540013275,8.616668389822284],[77.00001539962716,8.618362945957974],[77.0000153995961,8.627042996752882],[77.00001539955034,8.633335060401123],[77.00119966084097,8.633335060232794],[77.00974553218313,8.633335059762151],[77.01668207024947,8.633335059574549],[77.01668206979748,8.627042997063343]]]}},{"type":"Feature","properties":{"grid":"C18","height":145,"airport":"Thiruvananthapuram"},"geometry":{"type":"Polygon","coordinates":[[[77.03334874028452,8.627042996854247],[77.03334873979098,8.618362946167608],[77.03334873956217,8.616668389965447],[77.02683727299488,8.616668390285575],[77.01829140282024,8.616668389796605],[77.01668206971385,8.61666838973058],[77.01668207003051,8.618362946418234],[77.01668206979748,8.627042997063343],[77.01668207024947,8.633335059574549],[77.01829140322378,8.633335060058686],[77.02683727286667,8.633335060219261],[77.03334874035154,8.633335060431985],[77.03334874028452,8.627042996854247]]]}},{"type":"Feature","properties":{"grid":"C19","height":145,"airport":"Thiruvananthapuram"},"geometry":{"type":"Polygon","coordinates":[[[77.05001540970288,8.627042997000041],[77.05001541027895,8.618362946066217],[77.05001541013013,8.616668389583783],[77.04392901474299,8.616668390070394],[77.03538314430081,8.616668390073645],[77.03334873956217,8.616668389965447],[77.03334873979098,8.618362946167608],[77.03334874028452,8.627042996854247],[77.03334874035154,8.633335060431985],[77.03538314365352,8.633335060225567],[77.0439290154011,8.633335060073524],[77.05001541029975,8.633335060222429],[77.05001540970288,8.627042997000041]]]}},{"type":"Feature","properties":{"grid":"C20","height":145,"airport":"Thiruvananthapuram"},"geometry":{"type":"Polygon","coordinates":[[[77.06668208032174,8.627042996547704],[77.0666820801351,8.6183629460843],[77.06668208006808,8.616668390363735],[77.06102075593134,8.616668389750659],[77.05247488595471,8.616668390262141],[77.05001541013013,8.616668389583783],[77.05001541027895,8.618362946066217],[77.05001540970288,8.627042997000041],[77.05001541029975,8.633335060222429],[77.05247488610955,8.633335059768788],[77.06102075560054,8.633335060211367],[77.06668207964809,8.633335059815296],[77.06668208032174,8.627042996547704]]]}},{"type":"Feature","properties":{"grid":"C21","height":145,"airport":"Thiruvananthapuram"},"geometry":{"type":"Polygon","coordinates":[[[77.0833487498833,8.627042997279935],[77.0833487498166,8.61836294618218],[77.0833487498185,8.616668389553844],[77.07811249782362,8.616668390183525],[77.06956662722418,8.616668390325176],[77.06668208006808,8.616668390363735],[77.0666820801351,8.6183629460843],[77.06668208032174,8.627042996547704],[77.06668207964809,8.633335059815296],[77.06956662731429,8.633335059569776],[77.07811249835245,8.633335059662487],[77.08334874976724,8.633335060069847],[77.0833487498833,8.627042997279935]]]}},{"type":"Feature","properties":{"grid":"C22","height":145,"airport":"Thiruvananthapuram"},"geometry":{"type":"Polygon","coordinates":[[[77.10001541974334,8.627042997343922],[77.10001541978056,8.618362946319799],[77.10001541985315,8.616668389825827],[77.09520423894882,8.616668390432512],[77.08665836936785,8.616668390215722],[77.0833487498185,8.616668389553844],[77.0833487498166,8.61836294618218],[77.0833487498833,8.627042997279935],[77.08334874976724,8.633335060069847],[77.08665836943516,8.633335059576593],[77.0952042385676,8.633335060221814],[77.10001542020136,8.633335060046848],[77.10001541974334,8.627042997343922]]]}},{"type":"Feature","properties":{"grid":"C23","height":145,"airport":"Thiruvananthapuram"},"geometry":{"type":"Polygon","coordinates":[[[77.11668209035892,8.627042996699215],[77.11668208957073,8.618362945557827],[77.1166820897159,8.616668390240347],[77.11229598056549,8.616668390450076],[77.1037501100113,8.616668389906097],[77.10001541985315,8.616668389825827],[77.10001541978056,8.618362946319799],[77.10001541974334,8.627042997343922],[77.10001542020136,8.633335060046848],[77.10375011009799,8.633335059761453],[77.11229598112821,8.633335060014055],[77.11668208959112,8.633335059715865],[77.11668209035892,8.627042996699215]]]}},{"type":"Feature","properties":{"grid":"D1","height":145,"airport":"Thiruvananthapuram"},"geometry":{"type":"Polygon","coordinates":[[[76.75001535005121,8.60968289477899],[76.75001535023321,8.601002843608688],[76.75001535000179,8.600001719641751],[76.74482353888014,8.600001720392973],[76.73627766840485,8.600001720099105],[76.73334867970208,8.600001719968187],[76.73334867970293,8.601002844314811],[76.7333486798596,8.609682895175753],[76.7333486800068,8.616668389633741],[76.7362776680822,8.616668390268904],[76.74482353882439,8.616668390252087],[76.75001535038925,8.616668390400578],[76.75001535005121,8.60968289477899]]]}},{"type":"Feature","properties":{"grid":"D2","height":25,"airport":"Thiruvananthapuram"},"geometry":{"type":"Polygon","coordinates":[[[76.7666820204358,8.609682894919995],[76.7666820200347,8.601002844152047],[76.766682019567,8.600001719742345],[76.76191528026632,8.600001720416417],[76.75336940925474,8.600001719597156],[76.75001535000179,8.600001719641751],[76.75001535023321,8.601002843608688],[76.75001535005121,8.60968289477899],[76.75001535038925,8.616668390400578],[76.75336940856832,8.616668389696647],[76.76191527986445,8.616668390394937],[76.76668202006287,8.616668390235795],[76.7666820204358,8.609682894919995]]]}},{"type":"Feature","properties":{"grid":"D3","height":25,"airport":"Thiruvananthapuram"},"geometry":{"type":"Polygon","coordinates":[[[76.78334868965055,8.609682894669115],[76.78334868955709,8.60100284410289],[76.78334868976417,8.600001720231928],[76.77900702161759,8.60000171966182],[76.7704611508108,8.60000172013914],[76.766682019567,8.600001719742345],[76.7666820200347,8.601002844152047],[76.7666820204358,8.609682894919995],[76.76668202006287,8.616668390235795],[76.77046115070027,8.616668389639461],[76.77900702181365,8.6166683901349],[76.7833486903986,8.61666839000547],[76.78334868965055,8.609682894669115]]]}},{"type":"Feature","properties":{"grid":"D4","height":25,"airport":"Thiruvananthapuram"},"geometry":{"type":"Polygon","coordinates":[[[76.80001535997471,8.60968289488788],[76.80001536017103,8.601002844326889],[76.80001536013869,8.600001720176389],[76.79609876329373,8.600001719901208],[76.78755289159932,8.600001719889246],[76.78334868976417,8.600001720231928],[76.78334868955709,8.60100284410289],[76.78334868965055,8.609682894669115],[76.7833486903986,8.61666839000547],[76.78755289210459,8.616668390073777],[76.796098763211,8.616668390348252],[76.80001536003786,8.616668389683731],[76.80001535997471,8.60968289488788]]]}},{"type":"Feature","properties":{"grid":"D5","height":25,"airport":"Thiruvananthapuram"},"geometry":{"type":"Polygon","coordinates":[[[76.81668203004529,8.609682894646053],[76.81668202960498,8.60100284389816],[76.8166820302443,8.600001720449553],[76.81319050473348,8.600001720198252],[76.8046446337925,8.600001719706853],[76.80001536013869,8.600001720176389],[76.80001536017103,8.601002844326889],[76.80001535997471,8.60968289488788],[76.80001536003786,8.616668389683731],[76.8046446340371,8.616668390054945],[76.81319050531235,8.616668390090162],[76.8166820303516,8.616668390135883],[76.81668203004529,8.609682894646053]]]}},{"type":"Feature","properties":{"grid":"D6","height":25,"airport":"Thiruvananthapuram"},"geometry":{"type":"Polygon","coordinates":[[[76.83334870032463,8.609682894812881],[76.83334870013782,8.60100284367741],[76.83334869962617,8.600001720116847],[76.83028224628369,8.600001719612075],[76.82173637501648,8.600001719567997],[76.8166820302443,8.600001720449553],[76.81668202960498,8.60100284389816],[76.81668203004529,8.609682894646053],[76.8166820303516,8.616668390135883],[76.82173637503251,8.616668389554844],[76.8302822457483,8.616668390240688],[76.83334869997692,8.616668390431501],[76.83334870032463,8.609682894812881]]]}},{"type":"Feature","properties":{"grid":"D7","height":25,"airport":"Thiruvananthapuram"},"geometry":{"type":"Polygon","coordinates":[[[76.85001537036237,8.609682895357464],[76.85001537041063,8.601002843638089],[76.85001536965478,8.600001720042929],[76.84737398830416,8.600001719913639],[76.83882811744355,8.600001720331184],[76.83334869962617,8.600001720116847],[76.83334870013782,8.60100284367741],[76.83334870032463,8.609682894812881],[76.83334869997692,8.616668390431501],[76.83882811726787,8.616668390335919],[76.8473739875912,8.61666838984563],[76.85001537027591,8.616668389627023],[76.85001537036237,8.609682895357464]]]}},{"type":"Feature","properties":{"grid":"D8","height":25,"airport":"Thiruvananthapuram"},"geometry":{"type":"Polygon","coordinates":[[[76.86668203970366,8.609682895344694],[76.86668203997286,8.601002843749114],[76.86668203987949,8.600001720196609],[76.86446572932495,8.600001720170079],[76.8559198577827,8.600001720168333],[76.85001536965478,8.600001720042929],[76.85001537041063,8.601002843638089],[76.85001537036237,8.609682895357464],[76.85001537027591,8.616668389627023],[76.8559198583563,8.616668389661587],[76.86446572938003,8.616668389780111],[76.866682039903,8.616668390407787],[76.86668203970366,8.609682895344694]]]}},{"type":"Feature","properties":{"grid":"D9","height":25,"airport":"Thiruvananthapuram"},"geometry":{"type":"Polygon","coordinates":[[[76.88334870971461,8.609682894734359],[76.88334871019049,8.601002843970301],[76.88334870984521,8.600001719642435],[76.88155747060542,8.600001720339215],[76.87301160002266,8.600001719928366],[76.86668203987949,8.600001720196609],[76.86668203997286,8.601002843749114],[76.86668203970366,8.609682895344694],[76.866682039903,8.616668390407787],[76.8730115995708,8.616668390201964],[76.88155747055777,8.616668390010599],[76.88334871021131,8.616668390021406],[76.88334870971461,8.609682894734359]]]}},{"type":"Feature","properties":{"grid":"D10","height":145,"airport":"Thiruvananthapuram"},"geometry":{"type":"Polygon","coordinates":[[[76.9000153799536,8.609682895302742],[76.90001537970448,8.601002844274426],[76.90001538001837,8.600001720152413],[76.89864921158812,8.60000172038725],[76.89010334088105,8.600001719590846],[76.88334870984521,8.600001719642435],[76.88334871019049,8.601002843970301],[76.88334870971461,8.609682894734359],[76.88334871021131,8.616668390021406],[76.89010334125382,8.616668390110815],[76.89864921237962,8.616668389590375],[76.90001537985084,8.616668390248662],[76.9000153799536,8.609682895302742]]]}},{"type":"Feature","properties":{"grid":"D11","height":145,"airport":"Thiruvananthapuram"},"geometry":{"type":"Polygon","coordinates":[[[76.91668204996098,8.60968289520981],[76.91668204987619,8.601002843716538],[76.91668204993925,8.6000017198865],[76.91574095444054,8.600001720266633],[76.90719508343824,8.60000172000808],[76.90001538001837,8.600001720152413],[76.90001537970448,8.601002844274426],[76.9000153799536,8.609682895302742],[76.90001537985084,8.616668390248662],[76.90719508285268,8.616668390258141],[76.91574095429743,8.616668390293308],[76.91668205018337,8.616668390144554],[76.91668204996098,8.60968289520981]]]}},{"type":"Feature","properties":{"grid":"D12","height":145,"airport":"Thiruvananthapuram"},"geometry":{"type":"Polygon","coordinates":[[[76.93334872019892,8.609682895322777],[76.93334872026375,8.601002844072413],[76.93334872006977,8.600001719711969],[76.93283269497184,8.600001719960996],[76.92428682440728,8.6000017202552],[76.91668204993925,8.6000017198865],[76.91668204987619,8.601002843716538],[76.91668204996098,8.60968289520981],[76.91668205018337,8.616668390144554],[76.9242868238056,8.616668389705696],[76.93283269483656,8.616668390281445],[76.93334871984987,8.616668389681298],[76.93334872019892,8.609682895322777]]]}},{"type":"Feature","properties":{"grid":"D13","height":145,"airport":"Thiruvananthapuram"},"geometry":{"type":"Polygon","coordinates":[[[76.95001539021206,8.609682894705106],[76.95001539041178,8.601002844405464],[76.95001538995899,8.60000171959631],[76.94992443717057,8.600001720316962],[76.94137856595553,8.600001720284183],[76.93334872006977,8.600001719711969],[76.93334872026375,8.601002844072413],[76.93334872019892,8.609682895322777],[76.93334871984987,8.616668389681298],[76.94137856628956,8.616668390213208],[76.94992443707764,8.616668390405815],[76.95001539022103,8.616668389721227],[76.95001539021206,8.609682894705106]]]}},{"type":"Feature","properties":{"grid":"D14","height":145,"airport":"Thiruvananthapuram"},"geometry":{"type":"Polygon","coordinates":[[[76.96668205955879,8.609682895131998],[76.96668205986462,8.601002843778964],[76.96668206006892,8.600001720406134],[76.95847030661703,8.600001720064748],[76.95001538995899,8.60000171959631],[76.95001539041178,8.601002844405464],[76.95001539021206,8.609682894705106],[76.95001539022103,8.616668389721227],[76.95847030701297,8.61666838995148],[76.9666820599378,8.616668390236018],[76.96668205955879,8.609682895131998]]]}},{"type":"Feature","properties":{"grid":"D15","height":145,"airport":"Thiruvananthapuram"},"geometry":{"type":"Polygon","coordinates":[[[76.98334872959558,8.60968289475308],[76.9833487299971,8.601002843958586],[76.98334872993917,8.600001720300334],[76.97556204856363,8.600001720451889],[76.96701617774956,8.600001720409258],[76.96668206006892,8.600001720406134],[76.96668205986462,8.601002843778964],[76.96668205955879,8.609682895131998],[76.9666820599378,8.616668390236018],[76.96701617773363,8.61666838974114],[76.97556204905639,8.61666838977088],[76.98334873036144,8.616668390279296],[76.98334872959558,8.60968289475308]]]}},{"type":"Feature","properties":{"grid":"D16","height":145,"airport":"Thiruvananthapuram"},"geometry":{"type":"Polygon","coordinates":[[[77.00001539988088,8.609682895342853],[77.0000154003535,8.601002844006864],[77.00001540003157,8.60000172014491],[76.99265379031984,8.600001719606704],[76.98410791978424,8.60000172018409],[76.98334872993917,8.600001720300334],[76.9833487299971,8.601002843958586],[76.98334872959558,8.60968289475308],[76.98334873036144,8.616668390279296],[76.98410791988974,8.616668390041463],[76.99265379004571,8.616668389645112],[77.00001540013275,8.616668389822284],[77.00001539988088,8.609682895342853]]]}},{"type":"Feature","properties":{"grid":"D17","height":145,"airport":"Thiruvananthapuram"},"geometry":{"type":"Polygon","coordinates":[[[77.01668206995419,8.609682895059649],[77.01668206957434,8.60100284389492],[77.0166820698949,8.60000171990617],[77.00974553225025,8.600001720200673],[77.00119966090016,8.60000171961512],[77.00001540003157,8.60000172014491],[77.0000154003535,8.601002844006864],[77.00001539988088,8.609682895342853],[77.00001540013275,8.616668389822284],[77.00119966116718,8.616668390376418],[77.00974553215312,8.616668390428211],[77.01668206971385,8.61666838973058],[77.01668206995419,8.609682895059649]]]}},{"type":"Feature","properties":{"grid":"D18","height":145,"airport":"Thiruvananthapuram"},"geometry":{"type":"Polygon","coordinates":[[[77.03334874027743,8.609682894768762],[77.03334873993319,8.601002843574612],[77.03334873999101,8.600001720449415],[77.02683727287925,8.600001720394541],[77.01829140326899,8.600001719556225],[77.0166820698949,8.60000171990617],[77.01668206957434,8.60100284389492],[77.01668206995419,8.609682895059649],[77.01668206971385,8.61666838973058],[77.01829140282024,8.616668389796605],[77.02683727299488,8.616668390285575],[77.03334873956217,8.616668389965447],[77.03334874027743,8.609682894768762]]]}},{"type":"Feature","properties":{"grid":"D19","height":145,"airport":"Thiruvananthapuram"},"geometry":{"type":"Polygon","coordinates":[[[77.05001541040436,8.609682895339859],[77.05001541007533,8.601002843920355],[77.05001540985899,8.600001719932505],[77.04392901528188,8.600001720132806],[77.03538314360812,8.600001719985434],[77.03334873999101,8.600001720449415],[77.03334873993319,8.601002843574612],[77.03334874027743,8.609682894768762],[77.03334873956217,8.616668389965447],[77.03538314430081,8.616668390073645],[77.04392901474299,8.616668390070394],[77.05001541013013,8.616668389583783],[77.05001541040436,8.609682895339859]]]}},{"type":"Feature","properties":{"grid":"D20","height":145,"airport":"Thiruvananthapuram"},"geometry":{"type":"Polygon","coordinates":[[[77.06668207987406,8.609682894930563],[77.06668208045282,8.601002843988883],[77.06668207996533,8.600001720124045],[77.06102075618014,8.600001720297115],[77.05247488589595,8.60000171993832],[77.05001540985899,8.600001719932505],[77.05001541007533,8.601002843920355],[77.05001541040436,8.609682895339859],[77.05001541013013,8.616668389583783],[77.05247488595471,8.616668390262141],[77.06102075593134,8.616668389750659],[77.06668208006808,8.616668390363735],[77.06668207987406,8.609682894930563]]]}},{"type":"Feature","properties":{"grid":"D21","height":145,"airport":"Thiruvananthapuram"},"geometry":{"type":"Polygon","coordinates":[[[77.08334875006155,8.609682895304202],[77.08334874970599,8.601002843750331],[77.08334874985378,8.600001720085265],[77.07811249773579,8.600001719932019],[77.06956662685454,8.600001720296376],[77.06668207996533,8.600001720124045],[77.06668208045282,8.601002843988883],[77.06668207987406,8.609682894930563],[77.06668208006808,8.616668390363735],[77.06956662722418,8.616668390325176],[77.07811249782362,8.616668390183525],[77.0833487498185,8.616668389553844],[77.08334875006155,8.609682895304202]]]}},{"type":"Feature","properties":{"grid":"D22","height":145,"airport":"Thiruvananthapuram"},"geometry":{"type":"Polygon","coordinates":[[[77.10001541959737,8.609682894622733],[77.100015420113,8.601002844058879],[77.10001541998105,8.600001719776223],[77.0952042393955,8.600001719904066],[77.08665836864552,8.60000172010392],[77.08334874985378,8.600001720085265],[77.08334874970599,8.601002843750331],[77.08334875006155,8.609682895304202],[77.0833487498185,8.616668389553844],[77.08665836936785,8.616668390215722],[77.09520423894882,8.616668390432512],[77.10001541985315,8.616668389825827],[77.10001541959737,8.609682894622733]]]}},{"type":"Feature","properties":{"grid":"D23","height":145,"airport":"Thiruvananthapuram"},"geometry":{"type":"Polygon","coordinates":[[[77.11668208985651,8.609682894648685],[77.11668209030908,8.601002843980089],[77.11668208990052,8.600001720065483],[77.11229598060106,8.60000172017561],[77.10375010980736,8.600001720232294],[77.10001541998105,8.600001719776223],[77.100015420113,8.601002844058879],[77.10001541959737,8.609682894622733],[77.10001541985315,8.616668389825827],[77.1037501100113,8.616668389906097],[77.11229598056549,8.616668390450076],[77.1166820897159,8.616668390240347],[77.11668208985651,8.609682894648685]]]}},{"type":"Feature","properties":{"grid":"E1","height":25,"airport":"Thiruvananthapuram"},"geometry":{"type":"Polygon","coordinates":[[[76.75001535037957,8.592322793418859],[76.75001534957448,8.583642742408898],[76.75001534967356,8.583335050297634],[76.7448235385494,8.58333505013435],[76.73627766762515,8.583335050424116],[76.73334867986092,8.58333504988183],[76.73334867994117,8.583642741897682],[76.73334868002988,8.592322792616867],[76.73334867970208,8.600001719968187],[76.73627766840485,8.600001720099105],[76.74482353888014,8.600001720392973],[76.75001535000179,8.600001719641751],[76.75001535037957,8.592322793418859]]]}},{"type":"Feature","properties":{"grid":"E2","height":25,"airport":"Thiruvananthapuram"},"geometry":{"type":"Polygon","coordinates":[[[76.76668201997047,8.592322792561607],[76.76668202025243,8.583642741960306],[76.76668201962201,8.583335049782853],[76.76191527990485,8.583335050066433],[76.75336940937038,8.583335050016268],[76.75001534967356,8.583335050297634],[76.75001534957448,8.583642742408898],[76.75001535037957,8.592322793418859],[76.75001535000179,8.600001719641751],[76.75336940925474,8.600001719597156],[76.76191528026632,8.600001720416417],[76.766682019567,8.600001719742345],[76.76668201997047,8.592322792561607]]]}},{"type":"Feature","properties":{"grid":"E3","height":25,"airport":"Thiruvananthapuram"},"geometry":{"type":"Polygon","coordinates":[[[76.78334869018137,8.59232279271942],[76.78334868971596,8.583642742338759],[76.78334869017225,8.583335050111879],[76.77900702210245,8.583335049741258],[76.77046115087802,8.583335050277292],[76.76668201962201,8.583335049782853],[76.76668202025243,8.583642741960306],[76.76668201997047,8.592322792561607],[76.766682019567,8.600001719742345],[76.7704611508108,8.60000172013914],[76.77900702161759,8.60000171966182],[76.78334868976417,8.600001720231928],[76.78334869018137,8.59232279271942]]]}},{"type":"Feature","properties":{"grid":"E4","height":25,"airport":"Thiruvananthapuram"},"geometry":{"type":"Polygon","coordinates":[[[76.80001535964917,8.592322792962442],[76.80001536023104,8.583642741693584],[76.80001535996114,8.583335050354838],[76.79609876277236,8.583335050039409],[76.78755289158666,8.583335050271451],[76.78334869017225,8.583335050111879],[76.78334868971596,8.583642742338759],[76.78334869018137,8.59232279271942],[76.78334868976417,8.600001720231928],[76.78755289159932,8.600001719889246],[76.79609876329373,8.600001719901208],[76.80001536013869,8.600001720176389],[76.80001535964917,8.592322792962442]]]}},{"type":"Feature","properties":{"grid":"E5","height":25,"airport":"Thiruvananthapuram"},"geometry":{"type":"Polygon","coordinates":[[[76.81668202974004,8.592322793251983],[76.81668203044704,8.583642741806932],[76.81668203035025,8.583335049569037],[76.81319050498635,8.583335050007776],[76.80464463366388,8.583335049954107],[76.80001535996114,8.583335050354838],[76.80001536023104,8.583642741693584],[76.80001535964917,8.592322792962442],[76.80001536013869,8.600001720176389],[76.8046446337925,8.600001719706853],[76.81319050473348,8.600001720198252],[76.8166820302443,8.600001720449553],[76.81668202974004,8.592322793251983]]]}},{"type":"Feature","properties":{"grid":"E6","height":25,"airport":"Thiruvananthapuram"},"geometry":{"type":"Polygon","coordinates":[[[76.83334869999892,8.592322792653409],[76.83334869990891,8.583642741744304],[76.83334869999335,8.583335050440462],[76.83028224637025,8.583335049622354],[76.82173637473988,8.583335050205458],[76.81668203035025,8.583335049569037],[76.81668203044704,8.583642741806932],[76.81668202974004,8.592322793251983],[76.8166820302443,8.600001720449553],[76.82173637501648,8.600001719567997],[76.83028224628369,8.600001719612075],[76.83334869962617,8.600001720116847],[76.83334869999892,8.592322792653409]]]}},{"type":"Feature","properties":{"grid":"E7","height":25,"airport":"Thiruvananthapuram"},"geometry":{"type":"Polygon","coordinates":[[[76.85001536998381,8.592322792944048],[76.85001536998678,8.583642742370362],[76.8500153702433,8.583335050217539],[76.84737398818748,8.583335049745854],[76.83882811697787,8.58333505007594],[76.83334869999335,8.583335050440462],[76.83334869990891,8.583642741744304],[76.83334869999892,8.592322792653409],[76.83334869962617,8.600001720116847],[76.83882811744355,8.600001720331184],[76.84737398830416,8.600001719913639],[76.85001536965478,8.600001720042929],[76.85001536998381,8.592322792944048]]]}},{"type":"Feature","properties":{"grid":"E8","height":25,"airport":"Thiruvananthapuram"},"geometry":{"type":"Polygon","coordinates":[[[76.86668204014792,8.592322793184405],[76.866682040221,8.583642741845887],[76.86668203974511,8.583335049777624],[76.86446572897223,8.583335050349513],[76.85591985800795,8.583335050445314],[76.8500153702433,8.583335050217539],[76.85001536998678,8.583642742370362],[76.85001536998381,8.592322792944048],[76.85001536965478,8.600001720042929],[76.8559198577827,8.600001720168333],[76.86446572932495,8.600001720170079],[76.86668203987949,8.600001720196609],[76.86668204014792,8.592322793184405]]]}},{"type":"Feature","properties":{"grid":"E9","height":25,"airport":"Thiruvananthapuram"},"geometry":{"type":"Polygon","coordinates":[[[76.88334871004045,8.5923227933431],[76.88334871016934,8.583642741947681],[76.88334870986887,8.58333504998468],[76.88155747088291,8.583335049578725],[76.8730115999931,8.583335050363225],[76.86668203974511,8.583335049777624],[76.866682040221,8.583642741845887],[76.86668204014792,8.592322793184405],[76.86668203987949,8.600001720196609],[76.87301160002266,8.600001719928366],[76.88155747060542,8.600001720339215],[76.88334870984521,8.600001719642435],[76.88334871004045,8.5923227933431]]]}},{"type":"Feature","properties":{"grid":"E10","height":25,"airport":"Thiruvananthapuram"},"geometry":{"type":"Polygon","coordinates":[[[76.90001538011882,8.592322793384103],[76.90001538028466,8.583642741735638],[76.9000153801591,8.58333504990299],[76.89864921155852,8.583335050120711],[76.89010334055898,8.58333504980492],[76.88334870986887,8.58333504998468],[76.88334871016934,8.583642741947681],[76.88334871004045,8.5923227933431],[76.88334870984521,8.600001719642435],[76.89010334088105,8.600001719590846],[76.89864921158812,8.60000172038725],[76.90001538001837,8.600001720152413],[76.90001538011882,8.592322793384103]]]}},{"type":"Feature","properties":{"grid":"E11","height":115,"airport":"Thiruvananthapuram"},"geometry":{"type":"Polygon","coordinates":[[[76.91668204993202,8.592322793275454],[76.91668205012034,8.583642742081903],[76.9166820501692,8.583335050404692],[76.91574095406554,8.58333505011553],[76.90719508278546,8.583335049622812],[76.9000153801591,8.58333504990299],[76.90001538028466,8.583642741735638],[76.90001538011882,8.592322793384103],[76.90001538001837,8.600001720152413],[76.90719508343824,8.60000172000808],[76.91574095444054,8.600001720266633],[76.91668204993925,8.6000017198865],[76.91668204993202,8.592322793275454]]]}},{"type":"Feature","properties":{"grid":"E12","height":115,"airport":"Thiruvananthapuram"},"geometry":{"type":"Polygon","coordinates":[[[76.93334871993737,8.59232279298046],[76.93334872012905,8.583642742045773],[76.93334872034721,8.583335049645068],[76.93283269512577,8.583335050446323],[76.92428682429818,8.583335049791627],[76.9166820501692,8.583335050404692],[76.91668205012034,8.583642742081903],[76.91668204993202,8.592322793275454],[76.91668204993925,8.6000017198865],[76.92428682440728,8.6000017202552],[76.93283269497184,8.600001719960996],[76.93334872006977,8.600001719711969],[76.93334871993737,8.59232279298046]]]}},{"type":"Feature","properties":{"grid":"E13","height":145,"airport":"Thiruvananthapuram"},"geometry":{"type":"Polygon","coordinates":[[[76.95001538968839,8.592322793370634],[76.95001538985946,8.583642741594803],[76.95001539025561,8.583335050303681],[76.94992443690155,8.58333505016087],[76.94137856635588,8.583335050267799],[76.93334872034721,8.583335049645068],[76.93334872012905,8.583642742045773],[76.93334871993737,8.59232279298046],[76.93334872006977,8.600001719711969],[76.94137856595553,8.600001720284183],[76.94992443717057,8.600001720316962],[76.95001538995899,8.60000171959631],[76.95001538968839,8.592322793370634]]]}},{"type":"Feature","properties":{"grid":"E14","height":145,"airport":"Thiruvananthapuram"},"geometry":{"type":"Polygon","coordinates":[[[76.966682059633,8.592322792600616],[76.9666820597732,8.583642741595677],[76.96668206033758,8.58333504963124],[76.9584703065795,8.583335050121761],[76.95001539025561,8.583335050303681],[76.95001538985946,8.583642741594803],[76.95001538968839,8.592322793370634],[76.95001538995899,8.60000171959631],[76.95847030661703,8.600001720064748],[76.96668206006892,8.600001720406134],[76.966682059633,8.592322792600616]]]}},{"type":"Feature","properties":{"grid":"E15","height":145,"airport":"Thiruvananthapuram"},"geometry":{"type":"Polygon","coordinates":[[[76.98334873024223,8.592322793344648],[76.98334873032725,8.583642742010662],[76.98334873015571,8.583335050306662],[76.97556204895689,8.583335050199388],[76.96701617793121,8.583335050132813],[76.96668206033758,8.58333504963124],[76.9666820597732,8.583642741595677],[76.966682059633,8.592322792600616],[76.96668206006892,8.600001720406134],[76.96701617774956,8.600001720409258],[76.97556204856363,8.600001720451889],[76.98334872993917,8.600001720300334],[76.98334873024223,8.592322793344648]]]}},{"type":"Feature","properties":{"grid":"E16","height":145,"airport":"Thiruvananthapuram"},"geometry":{"type":"Polygon","coordinates":[[[77.00001540014253,8.592322792862086],[77.00001540015725,8.58364274190714],[77.00001540015279,8.583335049580052],[76.99265379020054,8.583335049575116],[76.98410792038149,8.583335050312987],[76.98334873015571,8.583335050306662],[76.98334873032725,8.583642742010662],[76.98334873024223,8.592322793344648],[76.98334872993917,8.600001720300334],[76.98410791978424,8.60000172018409],[76.99265379031984,8.600001719606704],[77.00001540003157,8.60000172014491],[77.00001540014253,8.592322792862086]]]}},{"type":"Feature","properties":{"grid":"E17","height":145,"airport":"Thiruvananthapuram"},"geometry":{"type":"Polygon","coordinates":[[[77.01668206980028,8.592322792922635],[77.01668206972472,8.583642742150865],[77.0166820698915,8.583335050129753],[77.00974553157822,8.58333505001191],[77.00119966096484,8.583335049775838],[77.00001540015279,8.583335049580052],[77.00001540015725,8.58364274190714],[77.00001540014253,8.592322792862086],[77.00001540003157,8.60000172014491],[77.00119966090016,8.60000171961512],[77.00974553225025,8.600001720200673],[77.0166820698949,8.60000171990617],[77.01668206980028,8.592322792922635]]]}},{"type":"Feature","properties":{"grid":"E18","height":145,"airport":"Thiruvananthapuram"},"geometry":{"type":"Polygon","coordinates":[[[77.03334873966757,8.592322792583657],[77.03334874038978,8.583642741794476],[77.0333487398191,8.583335050109197],[77.02683727343046,8.583335049661027],[77.01829140276553,8.583335050274696],[77.0166820698915,8.583335050129753],[77.01668206972472,8.583642742150865],[77.01668206980028,8.592322792922635],[77.0166820698949,8.60000171990617],[77.01829140326899,8.600001719556225],[77.02683727287925,8.600001720394541],[77.03334873999101,8.600001720449415],[77.03334873966757,8.592322792583657]]]}},{"type":"Feature","properties":{"grid":"E19","height":145,"airport":"Thiruvananthapuram"},"geometry":{"type":"Polygon","coordinates":[[[77.050015410206,8.592322792710121],[77.05001540988921,8.583642741717325],[77.05001541039697,8.583335050383397],[77.04392901520855,8.58333505029401],[77.0353831443075,8.583335049970113],[77.0333487398191,8.583335050109197],[77.03334874038978,8.583642741794476],[77.03334873966757,8.592322792583657],[77.03334873999101,8.600001720449415],[77.03538314360812,8.600001719985434],[77.04392901528188,8.600001720132806],[77.05001540985899,8.600001719932505],[77.050015410206,8.592322792710121]]]}},{"type":"Feature","properties":{"grid":"E20","height":145,"airport":"Thiruvananthapuram"},"geometry":{"type":"Polygon","coordinates":[[[77.06668208005594,8.592322793272324],[77.06668207958782,8.583642741875407],[77.06668208026038,8.58333505001875],[77.06102075634455,8.583335050066356],[77.05247488594544,8.5833350497248],[77.05001541039697,8.583335050383397],[77.05001540988921,8.583642741717325],[77.050015410206,8.592322792710121],[77.05001540985899,8.600001719932505],[77.05247488589595,8.60000171993832],[77.06102075618014,8.600001720297115],[77.06668207996533,8.600001720124045],[77.06668208005594,8.592322793272324]]]}},{"type":"Feature","properties":{"grid":"E21","height":145,"airport":"Thiruvananthapuram"},"geometry":{"type":"Polygon","coordinates":[[[77.08334874966914,8.59232279332681],[77.08334874994212,8.583642742229067],[77.08334874987068,8.583335049879711],[77.0781124981012,8.583335049835402],[77.06956662712588,8.583335050405891],[77.06668208026038,8.58333505001875],[77.06668207958782,8.583642741875407],[77.06668208005594,8.592322793272324],[77.06668207996533,8.600001720124045],[77.06956662685454,8.600001720296376],[77.07811249773579,8.600001719932019],[77.08334874985378,8.600001720085265],[77.08334874966914,8.59232279332681]]]}},{"type":"Feature","properties":{"grid":"E22","height":145,"airport":"Thiruvananthapuram"},"geometry":{"type":"Polygon","coordinates":[[[77.1000154204103,8.592322792828675],[77.10001541958717,8.583642741844288],[77.1000154196843,8.583335049926383],[77.09520423901185,8.58333504956874],[77.08665836909698,8.583335050158677],[77.08334874987068,8.583335049879711],[77.08334874994212,8.583642742229067],[77.08334874966914,8.59232279332681],[77.08334874985378,8.600001720085265],[77.08665836864552,8.60000172010392],[77.0952042393955,8.600001719904066],[77.10001541998105,8.600001719776223],[77.1000154204103,8.592322792828675]]]}},{"type":"Feature","properties":{"grid":"E23","height":145,"airport":"Thiruvananthapuram"},"geometry":{"type":"Polygon","coordinates":[[[77.11668209001628,8.592322792656411],[77.11668208989242,8.583642741579878],[77.11668209015758,8.58333505011849],[77.11229598124744,8.583335050117952],[77.10375011039687,8.583335049854549],[77.1000154196843,8.583335049926383],[77.10001541958717,8.583642741844288],[77.1000154204103,8.592322792828675],[77.10001541998105,8.600001719776223],[77.10375010980736,8.600001720232294],[77.11229598060106,8.60000172017561],[77.11668208990052,8.600001720065483],[77.11668209001628,8.592322792656411]]]}},{"type":"Feature","properties":{"grid":"F1","height":25,"airport":"Thiruvananthapuram"},"geometry":{"type":"Polygon","coordinates":[[[76.75001534963563,8.574962690574003],[76.75001535030668,8.566668379676274],[76.74482353875088,8.566668380400777],[76.73627766756198,8.566668380356207],[76.73334867958525,8.566668380307416],[76.73334868034195,8.574962691252534],[76.73334867986092,8.58333504988183],[76.73627766762515,8.583335050424116],[76.7448235385494,8.58333505013435],[76.75001534967356,8.583335050297634],[76.75001534963563,8.574962690574003]]]}},{"type":"Feature","properties":{"grid":"F2","height":25,"airport":"Thiruvananthapuram"},"geometry":{"type":"Polygon","coordinates":[[[76.76668201996885,8.574962691451674],[76.7666820202341,8.566668380381843],[76.76191527969894,8.56666838026939],[76.75336940891737,8.566668380074345],[76.75001535030668,8.566668379676274],[76.75001534963563,8.574962690574003],[76.75001534967356,8.583335050297634],[76.75336940937038,8.583335050016268],[76.76191527990485,8.583335050066433],[76.76668201962201,8.583335049782853],[76.76668201996885,8.574962691451674]]]}},{"type":"Feature","properties":{"grid":"F3","height":25,"airport":"Thiruvananthapuram"},"geometry":{"type":"Polygon","coordinates":[[[76.78334868997007,8.574962691147737],[76.78334868981247,8.566668379678163],[76.77900702236614,8.566668380401845],[76.77046115090822,8.566668380078358],[76.7666820202341,8.566668380381843],[76.76668201996885,8.574962691451674],[76.76668201962201,8.583335049782853],[76.77046115087802,8.583335050277292],[76.77900702210245,8.583335049741258],[76.78334869017225,8.583335050111879],[76.78334868997007,8.574962691147737]]]}},{"type":"Feature","properties":{"grid":"F4","height":25,"airport":"Thiruvananthapuram"},"geometry":{"type":"Polygon","coordinates":[[[76.8000153601051,8.574962691436314],[76.80001536041998,8.566668380239244],[76.79609876255743,8.566668379878923],[76.78755289206866,8.5666683803407],[76.78334868981247,8.566668379678163],[76.78334868997007,8.574962691147737],[76.78334869017225,8.583335050111879],[76.78755289158666,8.583335050271451],[76.79609876277236,8.583335050039409],[76.80001535996114,8.583335050354838],[76.8000153601051,8.574962691436314]]]}},{"type":"Feature","properties":{"grid":"F5","height":25,"airport":"Thiruvananthapuram"},"geometry":{"type":"Polygon","coordinates":[[[76.81668202991887,8.574962691383137],[76.81668202978058,8.566668380235177],[76.81319050516909,8.566668379547389],[76.80464463365341,8.566668379917035],[76.80001536041998,8.566668380239244],[76.8000153601051,8.574962691436314],[76.80001535996114,8.583335050354838],[76.80464463366388,8.583335049954107],[76.81319050498635,8.583335050007776],[76.81668203035025,8.583335049569037],[76.81668202991887,8.574962691383137]]]}},{"type":"Feature","properties":{"grid":"F6","height":25,"airport":"Thiruvananthapuram"},"geometry":{"type":"Polygon","coordinates":[[[76.83334869986865,8.574962690953495],[76.83334870016796,8.566668379622808],[76.83028224601453,8.566668380295809],[76.82173637510891,8.566668379679102],[76.81668202978058,8.566668380235177],[76.81668202991887,8.574962691383137],[76.81668203035025,8.583335049569037],[76.82173637473988,8.583335050205458],[76.83028224637025,8.583335049622354],[76.83334869999335,8.583335050440462],[76.83334869986865,8.574962690953495]]]}},{"type":"Feature","properties":{"grid":"F7","height":25,"airport":"Thiruvananthapuram"},"geometry":{"type":"Polygon","coordinates":[[[76.85001537041607,8.574962691016376],[76.85001537023136,8.566668380183772],[76.84737398816047,8.566668380266194],[76.83882811678572,8.566668379590082],[76.83334870016796,8.566668379622808],[76.83334869986865,8.574962690953495],[76.83334869999335,8.583335050440462],[76.83882811697787,8.58333505007594],[76.84737398818748,8.583335049745854],[76.8500153702433,8.583335050217539],[76.85001537041607,8.574962691016376]]]}},{"type":"Feature","properties":{"grid":"F8","height":25,"airport":"Thiruvananthapuram"},"geometry":{"type":"Polygon","coordinates":[[[76.86668204019743,8.574962690641033],[76.86668204041918,8.566668380074661],[76.86446572923678,8.566668380338214],[76.85591985812594,8.566668379617068],[76.85001537023136,8.566668380183772],[76.85001537041607,8.574962691016376],[76.8500153702433,8.583335050217539],[76.85591985800795,8.583335050445314],[76.86446572897223,8.583335050349513],[76.86668203974511,8.583335049777624],[76.86668204019743,8.574962690641033]]]}},{"type":"Feature","properties":{"grid":"F9","height":25,"airport":"Thiruvananthapuram"},"geometry":{"type":"Polygon","coordinates":[[[76.88334870967427,8.57496269069589],[76.8833487102845,8.566668380168212],[76.88155747140586,8.566668379561373],[76.87301160038824,8.566668379718156],[76.86668204041918,8.566668380074661],[76.86668204019743,8.574962690641033],[76.86668203974511,8.583335049777624],[76.8730115999931,8.583335050363225],[76.88155747088291,8.583335049578725],[76.88334870986887,8.58333504998468],[76.88334870967427,8.57496269069589]]]}},{"type":"Feature","properties":{"grid":"F10","height":25,"airport":"Thiruvananthapuram"},"geometry":{"type":"Polygon","coordinates":[[[76.90001538021201,8.574962691140492],[76.90001538028429,8.566668380428501],[76.89864921230203,8.566668379718903],[76.89010334119813,8.566668379868632],[76.8833487102845,8.566668380168212],[76.88334870967427,8.57496269069589],[76.88334870986887,8.58333504998468],[76.89010334055898,8.58333504980492],[76.89864921155852,8.583335050120711],[76.9000153801591,8.58333504990299],[76.90001538021201,8.574962691140492]]]}},{"type":"Feature","properties":{"grid":"F11","height":25,"airport":"Thiruvananthapuram"},"geometry":{"type":"Polygon","coordinates":[[[76.91668205044667,8.57496269104331],[76.91668204996266,8.56666837991965],[76.91574095408758,8.566668379859513],[76.9071950827223,8.566668380021435],[76.90001538028429,8.566668380428501],[76.90001538021201,8.574962691140492],[76.9000153801591,8.58333504990299],[76.90719508278546,8.583335049622812],[76.91574095406554,8.58333505011553],[76.9166820501692,8.583335050404692],[76.91668205044667,8.57496269104331]]]}},{"type":"Feature","properties":{"grid":"F12","height":35,"airport":"Thiruvananthapuram"},"geometry":{"type":"Polygon","coordinates":[[[76.93334871993146,8.5749626912763],[76.93334871978546,8.566668380413104],[76.9328326952961,8.566668379953365],[76.92428682440264,8.566668380142415],[76.91668204996266,8.56666837991965],[76.91668205044667,8.57496269104331],[76.9166820501692,8.583335050404692],[76.92428682429818,8.583335049791627],[76.93283269512577,8.583335050446323],[76.93334872034721,8.583335049645068],[76.93334871993146,8.5749626912763]]]}},{"type":"Feature","properties":{"grid":"F13","height":35,"airport":"Thiruvananthapuram"},"geometry":{"type":"Polygon","coordinates":[[[76.95001539002692,8.574962690893937],[76.95001539020028,8.566668380063852],[76.94992443718581,8.566668379956843],[76.94137856568096,8.566668380197159],[76.93334871978546,8.566668380413104],[76.93334871993146,8.5749626912763],[76.93334872034721,8.583335049645068],[76.94137856635588,8.583335050267799],[76.94992443690155,8.58333505016087],[76.95001539025561,8.583335050303681],[76.95001539002692,8.574962690893937]]]}},{"type":"Feature","properties":{"grid":"F14","height":35,"airport":"Thiruvananthapuram"},"geometry":{"type":"Polygon","coordinates":[[[76.96668206028622,8.574962690767489],[76.9666820598519,8.566668379747787],[76.95847030690726,8.5666683801464],[76.95001539020028,8.566668380063852],[76.95001539002692,8.574962690893937],[76.95001539025561,8.583335050303681],[76.9584703065795,8.583335050121761],[76.96668206033758,8.58333504963124],[76.96668206028622,8.574962690767489]]]}},{"type":"Feature","properties":{"grid":"F15","height":115,"airport":"Thiruvananthapuram"},"geometry":{"type":"Polygon","coordinates":[[[76.98334873025789,8.57496269086395],[76.98334873010982,8.566668380326735],[76.9755620493396,8.566668379945854],[76.96701617829024,8.566668379839612],[76.9666820598519,8.566668379747787],[76.96668206028622,8.574962690767489],[76.96668206033758,8.58333504963124],[76.96701617793121,8.583335050132813],[76.97556204895689,8.583335050199388],[76.98334873015571,8.583335050306662],[76.98334873025789,8.57496269086395]]]}},{"type":"Feature","properties":{"grid":"F16","height":145,"airport":"Thiruvananthapuram"},"geometry":{"type":"Polygon","coordinates":[[[77.00001540039864,8.574962691145393],[77.00001539960482,8.566668379964106],[76.992653789695,8.56666837957412],[76.9841079198674,8.566668379557305],[76.98334873010982,8.566668380326735],[76.98334873025789,8.57496269086395],[76.98334873015571,8.583335050306662],[76.98410792038149,8.583335050312987],[76.99265379020054,8.583335049575116],[77.00001540015279,8.583335049580052],[77.00001540039864,8.574962691145393]]]}},{"type":"Feature","properties":{"grid":"F17","height":145,"airport":"Thiruvananthapuram"},"geometry":{"type":"Polygon","coordinates":[[[77.01668207025213,8.574962690674273],[77.0166820697109,8.566668380425003],[77.00974553196069,8.566668379876178],[77.00119966136363,8.566668379978351],[77.00001539960482,8.566668379964106],[77.00001540039864,8.574962691145393],[77.00001540015279,8.583335049580052],[77.00119966096484,8.583335049775838],[77.00974553157822,8.58333505001191],[77.0166820698915,8.583335050129753],[77.01668207025213,8.574962690674273]]]}},{"type":"Feature","properties":{"grid":"F18","height":145,"airport":"Thiruvananthapuram"},"geometry":{"type":"Polygon","coordinates":[[[77.03334874028441,8.574962691219996],[77.0333487399668,8.566668379867593],[77.0268372728489,8.56666837992618],[77.01829140312392,8.566668380158267],[77.0166820697109,8.566668380425003],[77.01668207025213,8.574962690674273],[77.0166820698915,8.583335050129753],[77.01829140276553,8.583335050274696],[77.02683727343046,8.583335049661027],[77.0333487398191,8.583335050109197],[77.03334874028441,8.574962691219996]]]}},{"type":"Feature","properties":{"grid":"F19","height":145,"airport":"Thiruvananthapuram"},"geometry":{"type":"Polygon","coordinates":[[[77.05001541003416,8.574962690940481],[77.05001540993014,8.566668380065714],[77.04392901543372,8.566668379668837],[77.03538314368154,8.566668380065712],[77.0333487399668,8.566668379867593],[77.03334874028441,8.574962691219996],[77.0333487398191,8.583335050109197],[77.0353831443075,8.583335049970113],[77.04392901520855,8.58333505029401],[77.05001541039697,8.583335050383397],[77.05001541003416,8.574962690940481]]]}},{"type":"Feature","properties":{"grid":"F20","height":145,"airport":"Thiruvananthapuram"},"geometry":{"type":"Polygon","coordinates":[[[77.06668207996259,8.574962690700504],[77.06668208005242,8.566668380076266],[77.06102075643682,8.566668379985874],[77.05247488611053,8.566668379645154],[77.05001540993014,8.566668380065714],[77.05001541003416,8.574962690940481],[77.05001541039697,8.583335050383397],[77.05247488594544,8.5833350497248],[77.06102075634455,8.583335050066356],[77.06668208026038,8.58333505001875],[77.06668207996259,8.574962690700504]]]}},{"type":"Feature","properties":{"grid":"F21","height":145,"airport":"Thiruvananthapuram"},"geometry":{"type":"Polygon","coordinates":[[[77.08334874962274,8.574962691369288],[77.08334874988155,8.566668379864574],[77.07811249801912,8.566668379922028],[77.0695666271325,8.566668379778204],[77.06668208005242,8.566668380076266],[77.06668207996259,8.574962690700504],[77.06668208026038,8.58333505001875],[77.06956662712588,8.583335050405891],[77.0781124981012,8.583335049835402],[77.08334874987068,8.583335049879711],[77.08334874962274,8.574962691369288]]]}},{"type":"Feature","properties":{"grid":"F22","height":145,"airport":"Thiruvananthapuram"},"geometry":{"type":"Polygon","coordinates":[[[77.1000154203692,8.574962691094209],[77.1000154198786,8.566668380294766],[77.09520423871858,8.56666838034893],[77.08665836891328,8.566668380413283],[77.08334874988155,8.566668379864574],[77.08334874962274,8.574962691369288],[77.08334874987068,8.583335049879711],[77.08665836909698,8.583335050158677],[77.09520423901185,8.58333504956874],[77.1000154196843,8.583335049926383],[77.1000154203692,8.574962691094209]]]}},{"type":"Feature","properties":{"grid":"F23","height":145,"airport":"Thiruvananthapuram"},"geometry":{"type":"Polygon","coordinates":[[[77.11668208993855,8.574962690753773],[77.11668208958652,8.56666838042769],[77.11229598069583,8.566668380310382],[77.103750109976,8.566668379710093],[77.1000154198786,8.566668380294766],[77.1000154203692,8.574962691094209],[77.1000154196843,8.583335049926383],[77.10375011039687,8.583335049854549],[77.11229598124744,8.583335050117952],[77.11668209015758,8.58333505011849],[77.11668208993855,8.574962690753773]]]}},{"type":"Feature","properties":{"grid":"G1","height":145,"airport":"Thiruvananthapuram"},"geometry":{"type":"Polygon","coordinates":[[[76.75001534966376,8.566282639729968],[76.75001534965561,8.557602588976174],[76.75001535009895,8.550001709618682],[76.74482353857833,8.550001710316803],[76.73627766822143,8.55000170991997],[76.73334867978548,8.55000171036133],[76.73334867988625,8.557602589306395],[76.73334868032062,8.566282639784882],[76.73334867958525,8.566668380307416],[76.73627766756198,8.566668380356207],[76.74482353875088,8.566668380400777],[76.75001535030668,8.566668379676274],[76.75001534966376,8.566282639729968]]]}},{"type":"Feature","properties":{"grid":"G2","height":25,"airport":"Thiruvananthapuram"},"geometry":{"type":"Polygon","coordinates":[[[76.76668202002485,8.566282640130924],[76.76668202042539,8.5576025889056],[76.76668201958461,8.550001709763908],[76.76191527965064,8.550001710145702],[76.75336940881031,8.550001709791808],[76.75001535009895,8.550001709618682],[76.75001534965561,8.557602588976174],[76.75001534966376,8.566282639729968],[76.75001535030668,8.566668379676274],[76.75336940891737,8.566668380074345],[76.76191527969894,8.56666838026939],[76.7666820202341,8.566668380381843],[76.76668202002485,8.566282640130924]]]}},{"type":"Feature","properties":{"grid":"G3","height":25,"airport":"Thiruvananthapuram"},"geometry":{"type":"Polygon","coordinates":[[[76.78334869004044,8.566282640058152],[76.78334868992799,8.557602589073396],[76.78334868960373,8.550001709855108],[76.77900702240663,8.550001709859854],[76.77046115090772,8.550001709566809],[76.76668201958461,8.550001709763908],[76.76668202042539,8.5576025889056],[76.76668202002485,8.566282640130924],[76.7666820202341,8.566668380381843],[76.77046115090822,8.566668380078358],[76.77900702236614,8.566668380401845],[76.78334868981247,8.566668379678163],[76.78334869004044,8.566282640058152]]]}},{"type":"Feature","properties":{"grid":"G4","height":25,"airport":"Thiruvananthapuram"},"geometry":{"type":"Polygon","coordinates":[[[76.8000153601721,8.566282640381685],[76.80001536043713,8.557602589437213],[76.80001535970503,8.550001709862434],[76.79609876265951,8.550001710348248],[76.78755289214338,8.550001710125667],[76.78334868960373,8.550001709855108],[76.78334868992799,8.557602589073396],[76.78334869004044,8.566282640058152],[76.78334868981247,8.566668379678163],[76.78755289206866,8.5666683803407],[76.79609876255743,8.566668379878923],[76.80001536041998,8.566668380239244],[76.8000153601721,8.566282640381685]]]}},{"type":"Feature","properties":{"grid":"G5","height":25,"airport":"Thiruvananthapuram"},"geometry":{"type":"Polygon","coordinates":[[[76.8166820299645,8.566282640167323],[76.8166820296808,8.557602589071267],[76.81668203034539,8.550001709751525],[76.81319050529241,8.55000170974549],[76.80464463376747,8.550001709619965],[76.80001535970503,8.550001709862434],[76.80001536043713,8.557602589437213],[76.8000153601721,8.566282640381685],[76.80001536041998,8.566668380239244],[76.80464463365341,8.566668379917035],[76.81319050516909,8.566668379547389],[76.81668202978058,8.566668380235177],[76.8166820299645,8.566282640167323]]]}},{"type":"Feature","properties":{"grid":"G6","height":25,"airport":"Thiruvananthapuram"},"geometry":{"type":"Polygon","coordinates":[[[76.83334869987911,8.566282640284443],[76.83334869993683,8.5576025888365],[76.83334870016954,8.550001710400343],[76.8302822461227,8.550001709844272],[76.82173637523034,8.550001709825692],[76.81668203034539,8.550001709751525],[76.8166820296808,8.557602589071267],[76.8166820299645,8.566282640167323],[76.81668202978058,8.566668380235177],[76.82173637510891,8.566668379679102],[76.83028224601453,8.566668380295809],[76.83334870016796,8.566668379622808],[76.83334869987911,8.566282640284443]]]}},{"type":"Feature","properties":{"grid":"G7","height":25,"airport":"Thiruvananthapuram"},"geometry":{"type":"Polygon","coordinates":[[[76.85001537036871,8.566282639793949],[76.85001536984564,8.5576025887065],[76.85001536962565,8.550001709965883],[76.847373988221,8.550001709690799],[76.83882811687793,8.550001709801933],[76.83334870016954,8.550001710400343],[76.83334869993683,8.5576025888365],[76.83334869987911,8.566282640284443],[76.83334870016796,8.566668379622808],[76.83882811678572,8.566668379590082],[76.84737398816047,8.566668380266194],[76.85001537023136,8.566668380183772],[76.85001537036871,8.566282639793949]]]}},{"type":"Feature","properties":{"grid":"G8","height":25,"airport":"Thiruvananthapuram"},"geometry":{"type":"Polygon","coordinates":[[[76.86668204007816,8.566282639573243],[76.86668203986412,8.557602588645947],[76.86668204008735,8.550001710216607],[76.86446572921695,8.55000171016474],[76.85591985815645,8.550001710419968],[76.85001536962565,8.550001709965883],[76.85001536984564,8.5576025887065],[76.85001537036871,8.566282639793949],[76.85001537023136,8.566668380183772],[76.85591985812594,8.566668379617068],[76.86446572923678,8.566668380338214],[76.86668204041918,8.566668380074661],[76.86668204007816,8.566282639573243]]]}},{"type":"Feature","properties":{"grid":"G9","height":25,"airport":"Thiruvananthapuram"},"geometry":{"type":"Polygon","coordinates":[[[76.88334871037272,8.566282639582314],[76.88334871044911,8.55760258861918],[76.88334871019053,8.550001710221599],[76.88155747127269,8.550001710315684],[76.87301160031534,8.55000170982983],[76.86668204008735,8.550001710216607],[76.86668203986412,8.557602588645947],[76.86668204007816,8.566282639573243],[76.86668204041918,8.566668380074661],[76.87301160038824,8.566668379718156],[76.88155747140586,8.566668379561373],[76.8833487102845,8.566668380168212],[76.88334871037272,8.566282639582314]]]}},{"type":"Feature","properties":{"grid":"G10","height":25,"airport":"Thiruvananthapuram"},"geometry":{"type":"Polygon","coordinates":[[[76.90001537989286,8.566282639793991],[76.90001538024087,8.557602588599098],[76.90001538039172,8.550001709944942],[76.89864921201338,8.550001710118849],[76.89010334098865,8.550001709814987],[76.88334871019053,8.550001710221599],[76.88334871044911,8.55760258861918],[76.88334871037272,8.566282639582314],[76.8833487102845,8.566668380168212],[76.89010334119813,8.566668379868632],[76.89864921230203,8.566668379718903],[76.90001538028429,8.566668380428501],[76.90001537989286,8.566282639793991]]]}},{"type":"Feature","properties":{"grid":"G11","height":25,"airport":"Thiruvananthapuram"},"geometry":{"type":"Polygon","coordinates":[[[76.91668205000371,8.566282640167563],[76.9166820497007,8.557602589453538],[76.9166820502438,8.550001710258897],[76.91574095360976,8.550001710431108],[76.90719508325093,8.550001710323967],[76.90001538039172,8.550001709944942],[76.90001538024087,8.557602588599098],[76.90001537989286,8.566282639793991],[76.90001538028429,8.566668380428501],[76.9071950827223,8.566668380021435],[76.91574095408758,8.566668379859513],[76.91668204996266,8.56666837991965],[76.91668205000371,8.566282640167563]]]}},{"type":"Feature","properties":{"grid":"G12","height":25,"airport":"Thiruvananthapuram"},"geometry":{"type":"Polygon","coordinates":[[[76.93334872024926,8.56628263976682],[76.93334872018436,8.55760258933333],[76.9333487201987,8.550001710222915],[76.93283269459064,8.550001710318655],[76.92428682381471,8.55000171043209],[76.9166820502438,8.550001710258897],[76.9166820497007,8.557602589453538],[76.91668205000371,8.566282640167563],[76.91668204996266,8.56666837991965],[76.92428682440264,8.566668380142415],[76.9328326952961,8.566668379953365],[76.93334871978546,8.566668380413104],[76.93334872024926,8.56628263976682]]]}},{"type":"Feature","properties":{"grid":"G13","height":35,"airport":"Thiruvananthapuram"},"geometry":{"type":"Polygon","coordinates":[[[76.95001539018712,8.566282640367415],[76.95001539033643,8.557602589114625],[76.95001538980463,8.55000170980468],[76.94992443712206,8.550001709733397],[76.94137856575422,8.550001710087034],[76.9333487201987,8.550001710222915],[76.93334872018436,8.55760258933333],[76.93334872024926,8.56628263976682],[76.93334871978546,8.566668380413104],[76.94137856568096,8.566668380197159],[76.94992443718581,8.566668379956843],[76.95001539020028,8.566668380063852],[76.95001539018712,8.566282640367415]]]}},{"type":"Feature","properties":{"grid":"G14","height":35,"airport":"Thiruvananthapuram"},"geometry":{"type":"Polygon","coordinates":[[[76.96668206026476,8.566282640124086],[76.96668205970525,8.557602588764821],[76.96668206043067,8.55000170986639],[76.95847030669911,8.550001710167153],[76.95001538980463,8.55000170980468],[76.95001539033643,8.557602589114625],[76.95001539018712,8.566282640367415],[76.95001539020028,8.566668380063852],[76.95847030690726,8.5666683801464],[76.9666820598519,8.566668379747787],[76.96668206026476,8.566282640124086]]]}},{"type":"Feature","properties":{"grid":"G15","height":35,"airport":"Thiruvananthapuram"},"geometry":{"type":"Polygon","coordinates":[[[76.98334873003516,8.566282639907886],[76.98334872966005,8.557602589145816],[76.98334872980864,8.550001710384342],[76.97556204881066,8.55000170971976],[76.96701617792544,8.550001709558156],[76.96668206043067,8.55000170986639],[76.96668205970525,8.557602588764821],[76.96668206026476,8.566282640124086],[76.9666820598519,8.566668379747787],[76.96701617829024,8.566668379839612],[76.9755620493396,8.566668379945854],[76.98334873010982,8.566668380326735],[76.98334873003516,8.566282639907886]]]}},{"type":"Feature","properties":{"grid":"G16","height":85,"airport":"Thiruvananthapuram"},"geometry":{"type":"Polygon","coordinates":[[[77.00001539995479,8.566282639680916],[77.00001539974436,8.557602589320297],[77.00001540020638,8.550001710407452],[76.9926537897185,8.550001709622777],[76.9841079200749,8.550001709739462],[76.98334872980864,8.550001710384342],[76.98334872966005,8.557602589145816],[76.98334873003516,8.566282639907886],[76.98334873010982,8.566668380326735],[76.9841079198674,8.566668379557305],[76.992653789695,8.56666837957412],[77.00001539960482,8.566668379964106],[77.00001539995479,8.566282639680916]]]}},{"type":"Feature","properties":{"grid":"G17","height":115,"airport":"Thiruvananthapuram"},"geometry":{"type":"Polygon","coordinates":[[[77.0166820695767,8.566282640313629],[77.01668207041442,8.557602589250099],[77.01668207026367,8.550001709906905],[77.00974553158838,8.550001709826642],[77.00119966119541,8.550001710251111],[77.00001540020638,8.550001710407452],[77.00001539974436,8.557602589320297],[77.00001539995479,8.566282639680916],[77.00001539960482,8.566668379964106],[77.00119966136363,8.566668379978351],[77.00974553196069,8.566668379876178],[77.0166820697109,8.566668380425003],[77.0166820695767,8.566282640313629]]]}},{"type":"Feature","properties":{"grid":"G18","height":145,"airport":"Thiruvananthapuram"},"geometry":{"type":"Polygon","coordinates":[[[77.03334874025587,8.56628263995477],[77.03334874031005,8.557602588906125],[77.03334874044124,8.55000170974821],[77.02683727295341,8.550001710300132],[77.01829140344795,8.55000171013931],[77.01668207026367,8.550001709906905],[77.01668207041442,8.557602589250099],[77.0166820695767,8.566282640313629],[77.0166820697109,8.566668380425003],[77.01829140312392,8.566668380158267],[77.0268372728489,8.56666837992618],[77.0333487399668,8.566668379867593],[77.03334874025587,8.56628263995477]]]}},{"type":"Feature","properties":{"grid":"G19","height":145,"airport":"Thiruvananthapuram"},"geometry":{"type":"Polygon","coordinates":[[[77.0500154097337,8.566282640387728],[77.05001540989221,8.55760258915363],[77.05001541028702,8.550001709897352],[77.04392901506615,8.550001710093566],[77.03538314355394,8.550001710286224],[77.03334874044124,8.55000170974821],[77.03334874031005,8.557602588906125],[77.03334874025587,8.56628263995477],[77.0333487399668,8.566668379867593],[77.03538314368154,8.566668380065712],[77.04392901543372,8.566668379668837],[77.05001540993014,8.566668380065714],[77.0500154097337,8.566282640387728]]]}},{"type":"Feature","properties":{"grid":"G20","height":145,"airport":"Thiruvananthapuram"},"geometry":{"type":"Polygon","coordinates":[[[77.06668208027307,8.566282639755812],[77.06668207961216,8.5576025890495],[77.06668208025694,8.55000171031522],[77.06102075555617,8.550001710084016],[77.05247488639849,8.550001709722943],[77.05001541028702,8.550001709897352],[77.05001540989221,8.55760258915363],[77.0500154097337,8.566282640387728],[77.05001540993014,8.566668380065714],[77.05247488611053,8.566668379645154],[77.06102075643682,8.566668379985874],[77.06668208005242,8.566668380076266],[77.06668208027307,8.566282639755812]]]}},{"type":"Feature","properties":{"grid":"G21","height":145,"airport":"Thiruvananthapuram"},"geometry":{"type":"Polygon","coordinates":[[[77.08334874961531,8.56628263984193],[77.08334874992579,8.557602588554259],[77.08334874989383,8.550001710063293],[77.07811249840508,8.550001710210484],[77.06956662689159,8.55000171024466],[77.06668208025694,8.55000171031522],[77.06668207961216,8.5576025890495],[77.06668208027307,8.566282639755812],[77.06668208005242,8.566668380076266],[77.0695666271325,8.566668379778204],[77.07811249801912,8.566668379922028],[77.08334874988155,8.566668379864574],[77.08334874961531,8.56628263984193]]]}},{"type":"Feature","properties":{"grid":"G22","height":145,"airport":"Thiruvananthapuram"},"geometry":{"type":"Polygon","coordinates":[[[77.10001542002797,8.566282639692616],[77.10001542039075,8.557602589440794],[77.10001541965832,8.550001710005766],[77.09520423941638,8.55000170955134],[77.08665836900511,8.550001709982357],[77.08334874989383,8.550001710063293],[77.08334874992579,8.557602588554259],[77.08334874961531,8.56628263984193],[77.08334874988155,8.566668379864574],[77.08665836891328,8.566668380413283],[77.09520423871858,8.56666838034893],[77.1000154198786,8.566668380294766],[77.10001542002797,8.566282639692616]]]}},{"type":"Feature","properties":{"grid":"G23","height":145,"airport":"Thiruvananthapuram"},"geometry":{"type":"Polygon","coordinates":[[[77.1166820901557,8.566282640181395],[77.11668208963185,8.557602588967125],[77.11668209000612,8.550001710102544],[77.1122959807651,8.550001709862377],[77.10375011036852,8.550001709812387],[77.10001541965832,8.550001710005766],[77.10001542039075,8.557602589440794],[77.10001542002797,8.566282639692616],[77.1000154198786,8.566668380294766],[77.103750109976,8.566668379710093],[77.11229598069583,8.566668380310382],[77.11668208958652,8.56666838042769],[77.1166820901557,8.566282640181395]]]}},{"type":"Feature","properties":{"grid":"H1","height":145,"airport":"Thiruvananthapuram"},"geometry":{"type":"Polygon","coordinates":[[[76.75001534961208,8.54892253831607],[76.75001535043818,8.540242486844908],[76.75001534996494,8.533335040145245],[76.74482353894624,8.533335039902838],[76.73627766779718,8.533335040052224],[76.73334867955944,8.533335040072224],[76.73334867957813,8.540242486802116],[76.73334867993988,8.548922538008247],[76.73334867978548,8.55000171036133],[76.73627766822143,8.55000170991997],[76.74482353857833,8.550001710316803],[76.75001535009895,8.550001709618682],[76.75001534961208,8.54892253831607]]]}},{"type":"Feature","properties":{"grid":"H2","height":145,"airport":"Thiruvananthapuram"},"geometry":{"type":"Polygon","coordinates":[[[76.76668202026316,8.548922537783326],[76.76668202044728,8.540242486763377],[76.76668202041303,8.53333503974924],[76.76191527976619,8.53333503971985],[76.75336940905954,8.533335040097269],[76.75001534996494,8.533335040145245],[76.75001535043818,8.540242486844908],[76.75001534961208,8.54892253831607],[76.75001535009895,8.550001709618682],[76.75336940881031,8.550001709791808],[76.76191527965064,8.550001710145702],[76.76668201958461,8.550001709763908],[76.76668202026316,8.548922537783326]]]}},{"type":"Feature","properties":{"grid":"H3","height":25,"airport":"Thiruvananthapuram"},"geometry":{"type":"Polygon","coordinates":[[[76.78334868963363,8.548922538196953],[76.78334869006649,8.540242487428076],[76.78334868954816,8.533335039763042],[76.77900702223866,8.53333503994789],[76.770461150887,8.5333350396712],[76.76668202041303,8.53333503974924],[76.76668202044728,8.540242486763377],[76.76668202026316,8.548922537783326],[76.76668201958461,8.550001709763908],[76.77046115090772,8.550001709566809],[76.77900702240663,8.550001709859854],[76.78334868960373,8.550001709855108],[76.78334868963363,8.548922538196953]]]}},{"type":"Feature","properties":{"grid":"H4","height":25,"airport":"Thiruvananthapuram"},"geometry":{"type":"Polygon","coordinates":[[[76.80001535998862,8.548922537706487],[76.80001535974426,8.540242486996876],[76.8000153596435,8.533335040144403],[76.79609876307649,8.533335039663585],[76.78755289181724,8.533335039650707],[76.78334868954816,8.533335039763042],[76.78334869006649,8.540242487428076],[76.78334868963363,8.548922538196953],[76.78334868960373,8.550001709855108],[76.78755289214338,8.550001710125667],[76.79609876265951,8.550001710348248],[76.80001535970503,8.550001709862434],[76.80001535998862,8.548922537706487]]]}},{"type":"Feature","properties":{"grid":"H5","height":25,"airport":"Thiruvananthapuram"},"geometry":{"type":"Polygon","coordinates":[[[76.816682029977,8.548922538094141],[76.81668202994574,8.540242487243663],[76.8166820302432,8.533335039959116],[76.81319050535848,8.533335039722322],[76.8046446340167,8.5333350399914],[76.8000153596435,8.533335040144403],[76.80001535974426,8.540242486996876],[76.80001535998862,8.548922537706487],[76.80001535970503,8.550001709862434],[76.80464463376747,8.550001709619965],[76.81319050529241,8.55000170974549],[76.81668203034539,8.550001709751525],[76.816682029977,8.548922538094141]]]}},{"type":"Feature","properties":{"grid":"H6","height":25,"airport":"Thiruvananthapuram"},"geometry":{"type":"Polygon","coordinates":[[[76.83334870005142,8.548922538421238],[76.83334870021513,8.540242487233947],[76.83334869999163,8.533335040085172],[76.83028224580165,8.533335040104467],[76.82173637510635,8.53333503976545],[76.8166820302432,8.533335039959116],[76.81668202994574,8.540242487243663],[76.816682029977,8.548922538094141],[76.81668203034539,8.550001709751525],[76.82173637523034,8.550001709825692],[76.8302822461227,8.550001709844272],[76.83334870016954,8.550001710400343],[76.83334870005142,8.548922538421238]]]}},{"type":"Feature","properties":{"grid":"H7","height":25,"airport":"Thiruvananthapuram"},"geometry":{"type":"Polygon","coordinates":[[[76.85001536975605,8.548922537753086],[76.85001537010083,8.540242486937137],[76.8500153702492,8.53333503957937],[76.84737398838429,8.533335039852004],[76.83882811725671,8.53333503983173],[76.83334869999163,8.533335040085172],[76.83334870021513,8.540242487233947],[76.83334870005142,8.548922538421238],[76.83334870016954,8.550001710400343],[76.83882811687793,8.550001709801933],[76.847373988221,8.550001709690799],[76.85001536962565,8.550001709965883],[76.85001536975605,8.548922537753086]]]}},{"type":"Feature","properties":{"grid":"H8","height":25,"airport":"Thiruvananthapuram"},"geometry":{"type":"Polygon","coordinates":[[[76.86668203955627,8.548922537862524],[76.86668204006374,8.540242487222063],[76.86668203966461,8.533335040223285],[76.86446572891943,8.53333503985326],[76.85591985809292,8.533335040166053],[76.8500153702492,8.53333503957937],[76.85001537010083,8.540242486937137],[76.85001536975605,8.548922537753086],[76.85001536962565,8.550001709965883],[76.85591985815645,8.550001710419968],[76.86446572921695,8.55000171016474],[76.86668204008735,8.550001710216607],[76.86668203955627,8.548922537862524]]]}},{"type":"Feature","properties":{"grid":"H9","height":25,"airport":"Thiruvananthapuram"},"geometry":{"type":"Polygon","coordinates":[[[76.8833487099044,8.548922537809919],[76.88334870964779,8.540242487153497],[76.88334870959372,8.533335040168938],[76.88155747138947,8.53333504005329],[76.87301159977667,8.533335039818358],[76.86668203966461,8.533335040223285],[76.86668204006374,8.540242487222063],[76.86668203955627,8.548922537862524],[76.86668204008735,8.550001710216607],[76.87301160031534,8.55000170982983],[76.88155747127269,8.550001710315684],[76.88334871019053,8.550001710221599],[76.8833487099044,8.548922537809919]]]}},{"type":"Feature","properties":{"grid":"H10","height":25,"airport":"Thiruvananthapuram"},"geometry":{"type":"Polygon","coordinates":[[[76.90001538034879,8.548922537563696],[76.90001538021755,8.540242486691165],[76.90001537958898,8.533335040288891],[76.89864921160311,8.533335040436134],[76.89010334084554,8.533335039663633],[76.88334870959372,8.533335040168938],[76.88334870964779,8.540242487153497],[76.8833487099044,8.548922537809919],[76.88334871019053,8.550001710221599],[76.89010334098865,8.550001709814987],[76.89864921201338,8.550001710118849],[76.90001538039172,8.550001709944942],[76.90001538034879,8.548922537563696]]]}},{"type":"Feature","properties":{"grid":"H11","height":25,"airport":"Thiruvananthapuram"},"geometry":{"type":"Polygon","coordinates":[[[76.91668205044225,8.548922537996114],[76.91668205041742,8.54024248671172],[76.91668205010211,8.53333503964294],[76.91574095444619,8.533335040037324],[76.90719508255727,8.5333350396594],[76.90001537958898,8.533335040288891],[76.90001538021755,8.540242486691165],[76.90001538034879,8.548922537563696],[76.90001538039172,8.550001709944942],[76.90719508325093,8.550001710323967],[76.91574095360976,8.550001710431108],[76.9166820502438,8.550001710258897],[76.91668205044225,8.548922537996114]]]}},{"type":"Feature","properties":{"grid":"H12","height":25,"airport":"Thiruvananthapuram"},"geometry":{"type":"Polygon","coordinates":[[[76.93334871972856,8.54892253817117],[76.93334871979563,8.540242487183209],[76.93334871978199,8.53333504001159],[76.93283269482359,8.533335039749062],[76.9242868243531,8.533335039771597],[76.91668205010211,8.53333503964294],[76.91668205041742,8.54024248671172],[76.91668205044225,8.548922537996114],[76.9166820502438,8.550001710258897],[76.92428682381471,8.55000171043209],[76.93283269459064,8.550001710318655],[76.9333487201987,8.550001710222915],[76.93334871972856,8.54892253817117]]]}},{"type":"Feature","properties":{"grid":"H13","height":25,"airport":"Thiruvananthapuram"},"geometry":{"type":"Polygon","coordinates":[[[76.95001538957229,8.548922538047506],[76.950015389712,8.54024248716028],[76.95001538998837,8.533335040449538],[76.94992443672186,8.533335040418423],[76.9413785656743,8.533335039965934],[76.93334871978199,8.53333504001159],[76.93334871979563,8.540242487183209],[76.93334871972856,8.54892253817117],[76.9333487201987,8.550001710222915],[76.94137856575422,8.550001710087034],[76.94992443712206,8.550001709733397],[76.95001538980463,8.55000170980468],[76.95001538957229,8.548922538047506]]]}},{"type":"Feature","properties":{"grid":"H14","height":35,"airport":"Thiruvananthapuram"},"geometry":{"type":"Polygon","coordinates":[[[76.96668206042965,8.548922537587835],[76.96668205971444,8.540242486610328],[76.96668206026446,8.533335040020164],[76.95847030687017,8.533335040203317],[76.95001538998837,8.533335040449538],[76.950015389712,8.54024248716028],[76.95001538957229,8.548922538047506],[76.95001538980463,8.55000170980468],[76.95847030669911,8.550001710167153],[76.96668206043067,8.55000170986639],[76.96668206042965,8.548922537587835]]]}},{"type":"Feature","properties":{"grid":"H15","height":35,"airport":"Thiruvananthapuram"},"geometry":{"type":"Polygon","coordinates":[[[76.98334873003705,8.54892253767246],[76.98334873026833,8.540242487303809],[76.98334873016266,8.533335039594649],[76.97556204919807,8.533335040439622],[76.9670161777567,8.533335040211671],[76.96668206026446,8.533335040020164],[76.96668205971444,8.540242486610328],[76.96668206042965,8.548922537587835],[76.96668206043067,8.55000170986639],[76.96701617792544,8.550001709558156],[76.97556204881066,8.55000170971976],[76.98334872980864,8.550001710384342],[76.98334873003705,8.54892253767246]]]}},{"type":"Feature","properties":{"grid":"H16","height":35,"airport":"Thiruvananthapuram"},"geometry":{"type":"Polygon","coordinates":[[[77.0000153997589,8.54892253825897],[77.00001540000409,8.54024248740425],[77.00001540014357,8.533335040039244],[76.99265379027806,8.53333503974487],[76.9841079200981,8.533335039983962],[76.98334873016266,8.533335039594649],[76.98334873026833,8.540242487303809],[76.98334873003705,8.54892253767246],[76.98334872980864,8.550001710384342],[76.9841079200749,8.550001709739462],[76.9926537897185,8.550001709622777],[77.00001540020638,8.550001710407452],[77.0000153997589,8.54892253825897]]]}},{"type":"Feature","properties":{"grid":"H17","height":85,"airport":"Thiruvananthapuram"},"geometry":{"type":"Polygon","coordinates":[[[77.01668207004657,8.548922538405218],[77.01668207028573,8.54024248686889],[77.01668206975019,8.533335040416546],[77.00974553228477,8.533335039877592],[77.00119966137078,8.533335039709153],[77.00001540014357,8.533335040039244],[77.00001540000409,8.54024248740425],[77.0000153997589,8.54892253825897],[77.00001540020638,8.550001710407452],[77.00119966119541,8.550001710251111],[77.00974553158838,8.550001709826642],[77.01668207026367,8.550001709906905],[77.01668207004657,8.548922538405218]]]}},{"type":"Feature","properties":{"grid":"H18","height":145,"airport":"Thiruvananthapuram"},"geometry":{"type":"Polygon","coordinates":[[[77.0333487404479,8.548922538077399],[77.03334873975757,8.540242486572732],[77.0333487403416,8.533335039779482],[77.02683727283822,8.533335039907358],[77.01829140283664,8.533335040246268],[77.01668206975019,8.533335040416546],[77.01668207028573,8.54024248686889],[77.01668207004657,8.548922538405218],[77.01668207026367,8.550001709906905],[77.01829140344795,8.55000171013931],[77.02683727295341,8.550001710300132],[77.03334874044124,8.55000170974821],[77.0333487404479,8.548922538077399]]]}},{"type":"Feature","properties":{"grid":"H19","height":145,"airport":"Thiruvananthapuram"},"geometry":{"type":"Polygon","coordinates":[[[77.05001540960738,8.548922538150295],[77.05001540978839,8.540242487376224],[77.05001540965863,8.533335039911494],[77.04392901501161,8.53333503977909],[77.03538314392705,8.533335039751371],[77.0333487403416,8.533335039779482],[77.03334873975757,8.540242486572732],[77.0333487404479,8.548922538077399],[77.03334874044124,8.55000170974821],[77.03538314355394,8.550001710286224],[77.04392901506615,8.550001710093566],[77.05001541028702,8.550001709897352],[77.05001540960738,8.548922538150295]]]}},{"type":"Feature","properties":{"grid":"H20","height":145,"airport":"Thiruvananthapuram"},"geometry":{"type":"Polygon","coordinates":[[[77.06668207979232,8.548922537671263],[77.06668207991616,8.540242487437135],[77.06668207996833,8.533335039860056],[77.06102075643432,8.53333504036981],[77.0524748859085,8.533335039986564],[77.05001540965863,8.533335039911494],[77.05001540978839,8.540242487376224],[77.05001540960738,8.548922538150295],[77.05001541028702,8.550001709897352],[77.05247488639849,8.550001709722943],[77.06102075555617,8.550001710084016],[77.06668208025694,8.55000171031522],[77.06668207979232,8.548922537671263]]]}},{"type":"Feature","properties":{"grid":"H21","height":145,"airport":"Thiruvananthapuram"},"geometry":{"type":"Polygon","coordinates":[[[77.08334874965202,8.54892253841839],[77.08334874968838,8.540242486720963],[77.08334874991,8.533335039595402],[77.07811249835346,8.53333503982522],[77.06956662730882,8.533335040016047],[77.06668207996833,8.533335039860056],[77.06668207991616,8.540242487437135],[77.06668207979232,8.548922537671263],[77.06668208025694,8.55000171031522],[77.06956662689159,8.55000171024466],[77.07811249840508,8.550001710210484],[77.08334874989383,8.550001710063293],[77.08334874965202,8.54892253841839]]]}},{"type":"Feature","properties":{"grid":"H22","height":145,"airport":"Thiruvananthapuram"},"geometry":{"type":"Polygon","coordinates":[[[77.10001541962752,8.548922537640154],[77.1000154195704,8.540242486995883],[77.100015419944,8.533335039981802],[77.0952042393113,8.53333503992103],[77.08665836938478,8.533335039793249],[77.08334874991,8.533335039595402],[77.08334874968838,8.540242486720963],[77.08334874965202,8.54892253841839],[77.08334874989383,8.550001710063293],[77.08665836900511,8.550001709982357],[77.09520423941638,8.55000170955134],[77.10001541965832,8.550001710005766],[77.10001541962752,8.548922537640154]]]}},{"type":"Feature","properties":{"grid":"H23","height":145,"airport":"Thiruvananthapuram"},"geometry":{"type":"Polygon","coordinates":[[[77.11668209018927,8.548922538008203],[77.11668209001282,8.540242487317869],[77.11668208961271,8.533335040080273],[77.11229598055962,8.533335039706227],[77.10375010976571,8.533335040194698],[77.100015419944,8.533335039981802],[77.1000154195704,8.540242486995883],[77.10001541962752,8.548922537640154],[77.10001541965832,8.550001710005766],[77.10375011036852,8.550001709812387],[77.1122959807651,8.550001709862377],[77.11668209000612,8.550001710102544],[77.11668209018927,8.548922538008203]]]}},{"type":"Feature","properties":{"grid":"I1","height":145,"airport":"Thiruvananthapuram"},"geometry":{"type":"Polygon","coordinates":[[[76.75001535031825,8.531562434574386],[76.75001535017383,8.522882384216155],[76.75001534990672,8.516668370376413],[76.7448235389566,8.51666837009167],[76.73627766810785,8.516668369865288],[76.73334867982564,8.516668370364746],[76.73334868033275,8.522882383763447],[76.7333486797061,8.531562434783275],[76.73334867955944,8.533335040072224],[76.73627766779718,8.533335040052224],[76.74482353894624,8.533335039902838],[76.75001534996494,8.533335040145245],[76.75001535031825,8.531562434574386]]]}},{"type":"Feature","properties":{"grid":"I2","height":145,"airport":"Thiruvananthapuram"},"geometry":{"type":"Polygon","coordinates":[[[76.76668202006623,8.531562434949306],[76.76668202003745,8.522882384148579],[76.76668202000083,8.516668370374804],[76.76191528005599,8.516668369920442],[76.75336940875889,8.516668370115276],[76.75001534990672,8.516668370376413],[76.75001535017383,8.522882384216155],[76.75001535031825,8.531562434574386],[76.75001534996494,8.533335040145245],[76.75336940905954,8.533335040097269],[76.76191527976619,8.53333503971985],[76.76668202041303,8.53333503974924],[76.76668202006623,8.531562434949306]]]}},{"type":"Feature","properties":{"grid":"I3","height":145,"airport":"Thiruvananthapuram"},"geometry":{"type":"Polygon","coordinates":[[[76.7833486903108,8.53156243496624],[76.78334869038429,8.522882384431233],[76.78334868965622,8.516668370330514],[76.77900702186436,8.5166683697863],[76.77046115085231,8.51666837041603],[76.76668202000083,8.516668370374804],[76.76668202003745,8.522882384148579],[76.76668202006623,8.531562434949306],[76.76668202041303,8.53333503974924],[76.770461150887,8.5333350396712],[76.77900702223866,8.53333503994789],[76.78334868954816,8.533335039763042],[76.7833486903108,8.53156243496624]]]}},{"type":"Feature","properties":{"grid":"I4","height":25,"airport":"Thiruvananthapuram"},"geometry":{"type":"Polygon","coordinates":[[[76.80001535969217,8.531562434599609],[76.80001535985024,8.522882384134455],[76.80001536023744,8.516668370205496],[76.79609876291498,8.516668369661739],[76.78755289200897,8.516668369840174],[76.78334868965622,8.516668370330514],[76.78334869038429,8.522882384431233],[76.7833486903108,8.53156243496624],[76.78334868954816,8.533335039763042],[76.78755289181724,8.533335039650707],[76.79609876307649,8.533335039663585],[76.8000153596435,8.533335040144403],[76.80001535969217,8.531562434599609]]]}},{"type":"Feature","properties":{"grid":"I5","height":25,"airport":"Thiruvananthapuram"},"geometry":{"type":"Polygon","coordinates":[[[76.81668202957935,8.531562434715108],[76.81668202980408,8.522882384123964],[76.81668203038437,8.51666836997393],[76.81319050537799,8.516668370406329],[76.80464463440323,8.516668370151587],[76.80001536023744,8.516668370205496],[76.80001535985024,8.522882384134455],[76.80001535969217,8.531562434599609],[76.8000153596435,8.533335040144403],[76.8046446340167,8.5333350399914],[76.81319050535848,8.533335039722322],[76.8166820302432,8.533335039959116],[76.81668202957935,8.531562434715108]]]}},{"type":"Feature","properties":{"grid":"I6","height":25,"airport":"Thiruvananthapuram"},"geometry":{"type":"Polygon","coordinates":[[[76.8333487004289,8.531562435278053],[76.83334869979406,8.52288238436942],[76.83334869964511,8.516668369605604],[76.83028224596175,8.516668370192344],[76.82173637474773,8.51666837042676],[76.81668203038437,8.51666836997393],[76.81668202980408,8.522882384123964],[76.81668202957935,8.531562434715108],[76.8166820302432,8.533335039959116],[76.82173637510635,8.53333503976545],[76.83028224580165,8.533335040104467],[76.83334869999163,8.533335040085172],[76.8333487004289,8.531562435278053]]]}},{"type":"Feature","properties":{"grid":"I7","height":25,"airport":"Thiruvananthapuram"},"geometry":{"type":"Polygon","coordinates":[[[76.85001536996835,8.531562435362355],[76.85001537027209,8.522882383931908],[76.85001537029645,8.516668369961236],[76.84737398774442,8.516668369874312],[76.83882811702033,8.516668369708023],[76.83334869964511,8.516668369605604],[76.83334869979406,8.52288238436942],[76.8333487004289,8.531562435278053],[76.83334869999163,8.533335040085172],[76.83882811725671,8.53333503983173],[76.84737398838429,8.533335039852004],[76.8500153702492,8.53333503957937],[76.85001536996835,8.531562435362355]]]}},{"type":"Feature","properties":{"grid":"I8","height":25,"airport":"Thiruvananthapuram"},"geometry":{"type":"Polygon","coordinates":[[[76.86668203956228,8.53156243492859],[76.86668203988239,8.522882383688945],[76.86668204006571,8.516668370114461],[76.86446572926336,8.516668370327649],[76.85591985794635,8.516668369783584],[76.85001537029645,8.516668369961236],[76.85001537027209,8.522882383931908],[76.85001536996835,8.531562435362355],[76.8500153702492,8.53333503957937],[76.85591985809292,8.533335040166053],[76.86446572891943,8.53333503985326],[76.86668203966461,8.533335040223285],[76.86668203956228,8.53156243492859]]]}},{"type":"Feature","properties":{"grid":"I9","height":25,"airport":"Thiruvananthapuram"},"geometry":{"type":"Polygon","coordinates":[[[76.88334870967134,8.531562434845252],[76.88334870998926,8.52288238360073],[76.88334871031707,8.51666837002554],[76.88155747085916,8.516668369706787],[76.87301159968709,8.516668369703472],[76.86668204006571,8.516668370114461],[76.86668203988239,8.522882383688945],[76.86668203956228,8.53156243492859],[76.86668203966461,8.533335040223285],[76.87301159977667,8.533335039818358],[76.88155747138947,8.53333504005329],[76.88334870959372,8.533335040168938],[76.88334870967134,8.531562434845252]]]}},{"type":"Feature","properties":{"grid":"I10","height":25,"airport":"Thiruvananthapuram"},"geometry":{"type":"Polygon","coordinates":[[[76.90001537984364,8.531562435080877],[76.90001538014067,8.522882383635823],[76.90001537969019,8.516668369667459],[76.89864921198165,8.516668369786352],[76.89010334077997,8.516668370342733],[76.88334871031707,8.51666837002554],[76.88334870998926,8.52288238360073],[76.88334870967134,8.531562434845252],[76.88334870959372,8.533335040168938],[76.89010334084554,8.533335039663633],[76.89864921160311,8.533335040436134],[76.90001537958898,8.533335040288891],[76.90001537984364,8.531562435080877]]]}},{"type":"Feature","properties":{"grid":"I11","height":25,"airport":"Thiruvananthapuram"},"geometry":{"type":"Polygon","coordinates":[[[76.91668204962274,8.531562434699705],[76.9166820498845,8.52288238376254],[76.91668204955354,8.516668369903808],[76.9157409538837,8.516668369619648],[76.90719508338155,8.5166683698464],[76.90001537969019,8.516668369667459],[76.90001538014067,8.522882383635823],[76.90001537984364,8.531562435080877],[76.90001537958898,8.533335040288891],[76.90719508255727,8.5333350396594],[76.91574095444619,8.533335040037324],[76.91668205010211,8.53333503964294],[76.91668204962274,8.531562434699705]]]}},{"type":"Feature","properties":{"grid":"I12","height":25,"airport":"Thiruvananthapuram"},"geometry":{"type":"Polygon","coordinates":[[[76.93334872037738,8.53156243456481],[76.93334871967673,8.52288238394445],[76.93334872035851,8.516668369794008],[76.93283269510265,8.51666837008109],[76.92428682421733,8.516668370001963],[76.91668204955354,8.516668369903808],[76.9166820498845,8.52288238376254],[76.91668204962274,8.531562434699705],[76.91668205010211,8.53333503964294],[76.9242868243531,8.533335039771597],[76.93283269482359,8.533335039749062],[76.93334871978199,8.53333504001159],[76.93334872037738,8.53156243456481]]]}},{"type":"Feature","properties":{"grid":"I13","height":25,"airport":"Thiruvananthapuram"},"geometry":{"type":"Polygon","coordinates":[[[76.95001538983921,8.531562434652919],[76.9500153899732,8.522882384144792],[76.95001538984101,8.516668370218891],[76.94992443689107,8.516668370223258],[76.9413785663562,8.516668369853262],[76.93334872035851,8.516668369794008],[76.93334871967673,8.52288238394445],[76.93334872037738,8.53156243456481],[76.93334871978199,8.53333504001159],[76.9413785656743,8.533335039965934],[76.94992443672186,8.533335040418423],[76.95001538998837,8.533335040449538],[76.95001538983921,8.531562434652919]]]}},{"type":"Feature","properties":{"grid":"I14","height":35,"airport":"Thiruvananthapuram"},"geometry":{"type":"Polygon","coordinates":[[[76.96668206028048,8.53156243491784],[76.96668206032166,8.52288238433097],[76.96668206026844,8.516668370228334],[76.95847030742738,8.516668370278754],[76.95001538984101,8.516668370218891],[76.9500153899732,8.522882384144792],[76.95001538983921,8.531562434652919],[76.95001538998837,8.533335040449538],[76.95847030687017,8.533335040203317],[76.96668206026446,8.533335040020164],[76.96668206028048,8.53156243491784]]]}},{"type":"Feature","properties":{"grid":"I15","height":35,"airport":"Thiruvananthapuram"},"geometry":{"type":"Polygon","coordinates":[[[76.98334873034086,8.531562435331288],[76.98334873026502,8.522882383566213],[76.98334873028013,8.516668369794099],[76.97556204868326,8.51666837033056],[76.96701617778167,8.516668370016001],[76.96668206026844,8.516668370228334],[76.96668206032166,8.52288238433097],[76.96668206028048,8.53156243491784],[76.96668206026446,8.533335040020164],[76.9670161777567,8.533335040211671],[76.97556204919807,8.533335040439622],[76.98334873016266,8.533335039594649],[76.98334873034086,8.531562435331288]]]}},{"type":"Feature","properties":{"grid":"I16","height":35,"airport":"Thiruvananthapuram"},"geometry":{"type":"Polygon","coordinates":[[[77.00001539956344,8.531562434956223],[77.00001540026827,8.522882383620823],[77.00001540033628,8.51666836978251],[76.99265378956451,8.516668369973525],[76.98410791994407,8.516668370314584],[76.98334873028013,8.516668369794099],[76.98334873026502,8.522882383566213],[76.98334873034086,8.531562435331288],[76.98334873016266,8.533335039594649],[76.9841079200981,8.533335039983962],[76.99265379027806,8.53333503974487],[77.00001540014357,8.533335040039244],[77.00001539956344,8.531562434956223]]]}},{"type":"Feature","properties":{"grid":"I17","height":35,"airport":"Thiruvananthapuram"},"geometry":{"type":"Polygon","coordinates":[[[77.01668207022479,8.531562434649214],[77.01668206987425,8.522882383557441],[77.01668206998438,8.516668370160243],[77.00974553224069,8.51666837006214],[77.00119966099815,8.516668370188906],[77.00001540033628,8.51666836978251],[77.00001540026827,8.522882383620823],[77.00001539956344,8.531562434956223],[77.00001540014357,8.533335040039244],[77.00119966137078,8.533335039709153],[77.00974553228477,8.533335039877592],[77.01668206975019,8.533335040416546],[77.01668207022479,8.531562434649214]]]}},{"type":"Feature","properties":{"grid":"I18","height":115,"airport":"Thiruvananthapuram"},"geometry":{"type":"Polygon","coordinates":[[[77.0333487400611,8.531562435289878],[77.03334874045136,8.522882384236949],[77.03334873967508,8.516668369985018],[77.02683727342342,8.516668369670704],[77.01829140310868,8.516668369589382],[77.01668206998438,8.516668370160243],[77.01668206987425,8.522882383557441],[77.01668207022479,8.531562434649214],[77.01668206975019,8.533335040416546],[77.01829140283664,8.533335040246268],[77.02683727283822,8.533335039907358],[77.0333487403416,8.533335039779482],[77.0333487400611,8.531562435289878]]]}},{"type":"Feature","properties":{"grid":"I19","height":145,"airport":"Thiruvananthapuram"},"geometry":{"type":"Polygon","coordinates":[[[77.05001541042655,8.531562435026864],[77.05001540972128,8.522882383826998],[77.05001540986845,8.516668370122131],[77.04392901528216,8.516668369652987],[77.03538314390957,8.516668370297452],[77.03334873967508,8.516668369985018],[77.03334874045136,8.522882384236949],[77.0333487400611,8.531562435289878],[77.0333487403416,8.533335039779482],[77.03538314392705,8.533335039751371],[77.04392901501161,8.53333503977909],[77.05001540965863,8.533335039911494],[77.05001541042655,8.531562435026864]]]}},{"type":"Feature","properties":{"grid":"I20","height":145,"airport":"Thiruvananthapuram"},"geometry":{"type":"Polygon","coordinates":[[[77.06668207996532,8.531562434734706],[77.06668207996509,8.522882384086966],[77.06668208010692,8.516668369633377],[77.06102075634934,8.51666836997736],[77.05247488555119,8.516668369550803],[77.05001540986845,8.516668370122131],[77.05001540972128,8.522882383826998],[77.05001541042655,8.531562435026864],[77.05001540965863,8.533335039911494],[77.0524748859085,8.533335039986564],[77.06102075643432,8.53333504036981],[77.06668207996833,8.533335039860056],[77.06668207996532,8.531562434734706]]]}},{"type":"Feature","properties":{"grid":"I21","height":145,"airport":"Thiruvananthapuram"},"geometry":{"type":"Polygon","coordinates":[[[77.08334875004579,8.531562435273171],[77.08334874981719,8.522882384083191],[77.08334874994728,8.516668370292221],[77.07811249787657,8.516668369693596],[77.06956662658028,8.516668370029523],[77.06668208010692,8.516668369633377],[77.06668207996509,8.522882384086966],[77.06668207996532,8.531562434734706],[77.06668207996833,8.533335039860056],[77.06956662730882,8.533335040016047],[77.07811249835346,8.53333503982522],[77.08334874991,8.533335039595402],[77.08334875004579,8.531562435273171]]]}},{"type":"Feature","properties":{"grid":"I22","height":145,"airport":"Thiruvananthapuram"},"geometry":{"type":"Polygon","coordinates":[[[77.10001542020555,8.53156243479955],[77.10001541973274,8.522882383776084],[77.10001541983497,8.51666837025119],[77.09520423930901,8.516668369668645],[77.08665836915162,8.516668369874333],[77.08334874994728,8.516668370292221],[77.08334874981719,8.522882384083191],[77.08334875004579,8.531562435273171],[77.08334874991,8.533335039595402],[77.08665836938478,8.533335039793249],[77.0952042393113,8.53333503992103],[77.100015419944,8.533335039981802],[77.10001542020555,8.53156243479955]]]}},{"type":"Feature","properties":{"grid":"I23","height":145,"airport":"Thiruvananthapuram"},"geometry":{"type":"Polygon","coordinates":[[[77.11668209000169,8.531562435086656],[77.11668209017188,8.52288238402957],[77.11668209022992,8.516668370374282],[77.1122959809949,8.516668369860295],[77.10375010998625,8.516668369966641],[77.10001541983497,8.51666837025119],[77.10001541973274,8.522882383776084],[77.10001542020555,8.53156243479955],[77.100015419944,8.533335039981802],[77.10375010976571,8.533335040194698],[77.11229598055962,8.533335039706227],[77.11668208961271,8.533335040080273],[77.11668209000169,8.531562435086656]]]}},{"type":"Feature","properties":{"grid":"J1","height":145,"airport":"Thiruvananthapuram"},"geometry":{"type":"Polygon","coordinates":[[[76.75001534999338,8.514202333061371],[76.75001534978196,8.505522282017617],[76.75001534993045,8.500001700336698],[76.74482353861154,8.500001700003716],[76.73627766825537,8.500001700291941],[76.73334867967789,8.500001700363413],[76.73334868034868,8.505522282034502],[76.73334867963845,8.514202332850083],[76.73334867982564,8.516668370364746],[76.73627766810785,8.516668369865288],[76.7448235389566,8.51666837009167],[76.75001534990672,8.516668370376413],[76.75001534999338,8.514202333061371]]]}},{"type":"Feature","properties":{"grid":"J2","height":145,"airport":"Thiruvananthapuram"},"geometry":{"type":"Polygon","coordinates":[[[76.7666820203535,8.514202332556494],[76.76668202011535,8.505522281988824],[76.7666820201624,8.50000169984857],[76.76191527961393,8.50000169987199],[76.75336940882279,8.500001699866239],[76.75001534993045,8.500001700336698],[76.75001534978196,8.505522282017617],[76.75001534999338,8.514202333061371],[76.75001534990672,8.516668370376413],[76.75336940875889,8.516668370115276],[76.76191528005599,8.516668369920442],[76.76668202000083,8.516668370374804],[76.7666820203535,8.514202332556494]]]}},{"type":"Feature","properties":{"grid":"J3","height":145,"airport":"Thiruvananthapuram"},"geometry":{"type":"Polygon","coordinates":[[[76.78334869027522,8.51420233311424],[76.78334868998873,8.505522281922815],[76.78334868992584,8.500001699773753],[76.77900702220239,8.500001700299482],[76.7704611508016,8.500001700017565],[76.7666820201624,8.50000169984857],[76.76668202011535,8.505522281988824],[76.7666820203535,8.514202332556494],[76.76668202000083,8.516668370374804],[76.77046115085231,8.51666837041603],[76.77900702186436,8.5166683697863],[76.78334868965622,8.516668370330514],[76.78334869027522,8.51420233311424]]]}},{"type":"Feature","properties":{"grid":"J4","height":115,"airport":"Thiruvananthapuram"},"geometry":{"type":"Polygon","coordinates":[[[76.8000153602066,8.514202332892587],[76.80001535985824,8.505522281785769],[76.80001535967686,8.500001700078498],[76.7960987630895,8.500001700362905],[76.78755289181251,8.50000169981858],[76.78334868992584,8.500001699773753],[76.78334868998873,8.505522281922815],[76.78334869027522,8.51420233311424],[76.78334868965622,8.516668370330514],[76.78755289200897,8.516668369840174],[76.79609876291498,8.516668369661739],[76.80001536023744,8.516668370205496],[76.8000153602066,8.514202332892587]]]}},{"type":"Feature","properties":{"grid":"J5","height":25,"airport":"Thiruvananthapuram"},"geometry":{"type":"Polygon","coordinates":[[[76.81668202969985,8.51420233276569],[76.8166820301842,8.505522282447622],[76.81668202986721,8.500001699824555],[76.81319050534886,8.500001700013705],[76.80464463402531,8.500001700129147],[76.80001535967686,8.500001700078498],[76.80001535985824,8.505522281785769],[76.8000153602066,8.514202332892587],[76.80001536023744,8.516668370205496],[76.80464463440323,8.516668370151587],[76.81319050537799,8.516668370406329],[76.81668203038437,8.51666836997393],[76.81668202969985,8.51420233276569]]]}},{"type":"Feature","properties":{"grid":"J6","height":25,"airport":"Thiruvananthapuram"},"geometry":{"type":"Polygon","coordinates":[[[76.83334870011932,8.514202332694762],[76.83334869959782,8.505522282074223],[76.83334870004889,8.50000169988576],[76.83028224570133,8.50000170013647],[76.82173637506052,8.500001700021565],[76.81668202986721,8.500001699824555],[76.8166820301842,8.505522282447622],[76.81668202969985,8.51420233276569],[76.81668203038437,8.51666836997393],[76.82173637474773,8.51666837042676],[76.83028224596175,8.516668370192344],[76.83334869964511,8.516668369605604],[76.83334870011932,8.514202332694762]]]}},{"type":"Feature","properties":{"grid":"J7","height":25,"airport":"Thiruvananthapuram"},"geometry":{"type":"Polygon","coordinates":[[[76.85001537010481,8.514202332653523],[76.85001537037991,8.505522282430382],[76.85001536976965,8.500001700231637],[76.84737398812423,8.500001699773334],[76.83882811708783,8.500001700354842],[76.83334870004889,8.50000169988576],[76.83334869959782,8.505522282074223],[76.83334870011932,8.514202332694762],[76.83334869964511,8.516668369605604],[76.83882811702033,8.516668369708023],[76.84737398774442,8.516668369874312],[76.85001537029645,8.516668369961236],[76.85001537010481,8.514202332653523]]]}},{"type":"Feature","properties":{"grid":"J8","height":25,"airport":"Thiruvananthapuram"},"geometry":{"type":"Polygon","coordinates":[[[76.8666820401124,8.514202332606859],[76.86668204025325,8.505522281685762],[76.86668204038907,8.500001699918734],[76.8644657293384,8.50000169980839],[76.85591985772763,8.500001700200851],[76.85001536976965,8.500001700231637],[76.85001537037991,8.505522282430382],[76.85001537010481,8.514202332653523],[76.85001537029645,8.516668369961236],[76.85591985794635,8.516668369783584],[76.86446572926336,8.516668370327649],[76.86668204006571,8.516668370114461],[76.8666820401124,8.514202332606859]]]}},{"type":"Feature","properties":{"grid":"J9","height":25,"airport":"Thiruvananthapuram"},"geometry":{"type":"Polygon","coordinates":[[[76.88334870969433,8.514202333427741],[76.8833487096824,8.505522281613144],[76.88334870964282,8.500001699828752],[76.881557470601,8.50000170019993],[76.87301160005755,8.500001700413428],[76.86668204038907,8.500001699918734],[76.86668204025325,8.505522281685762],[76.8666820401124,8.514202332606859],[76.86668204006571,8.516668370114461],[76.87301159968709,8.516668369703472],[76.88155747085916,8.516668369706787],[76.88334871031707,8.51666837002554],[76.88334870969433,8.514202333427741]]]}},{"type":"Feature","properties":{"grid":"J12","height":25,"airport":"Thiruvananthapuram"},"geometry":{"type":"Polygon","coordinates":[[[76.93334872040535,8.51420233259993],[76.93334871984896,8.505522282356207],[76.9333487201188,8.500001699603192],[76.9328326954301,8.500001700434739],[76.92428682431783,8.5000017002387],[76.91668205041653,8.50000170015256],[76.91668204993493,8.505522282432176],[76.91668205029094,8.514202333004071],[76.91668204955354,8.516668369903808],[76.92428682421733,8.516668370001963],[76.93283269510265,8.51666837008109],[76.93334872035851,8.516668369794008],[76.93334872040535,8.51420233259993]]]}},{"type":"Feature","properties":{"grid":"J13","height":25,"airport":"Thiruvananthapuram"},"geometry":{"type":"Polygon","coordinates":[[[76.95001539010124,8.51420233292727],[76.95001539022887,8.505522281907757],[76.9500153902822,8.500001700036107],[76.94992443673306,8.500001700080393],[76.94137856599059,8.500001699782041],[76.9333487201188,8.500001699603192],[76.93334871984896,8.505522282356207],[76.93334872040535,8.51420233259993],[76.93334872035851,8.516668369794008],[76.9413785663562,8.516668369853262],[76.94992443689107,8.516668370223258],[76.95001538984101,8.516668370218891],[76.95001539010124,8.51420233292727]]]}},{"type":"Feature","properties":{"grid":"J14","height":25,"airport":"Thiruvananthapuram"},"geometry":{"type":"Polygon","coordinates":[[[76.96668205982976,8.514202333045073],[76.96668205971852,8.505522281962918],[76.96668206044492,8.500001699610774],[76.95847030656148,8.50000170042656],[76.9500153902822,8.500001700036107],[76.95001539022887,8.505522281907757],[76.95001539010124,8.51420233292727],[76.95001538984101,8.516668370218891],[76.95847030742738,8.516668370278754],[76.96668206026844,8.516668370228334],[76.96668205982976,8.514202333045073]]]}},{"type":"Feature","properties":{"grid":"J15","height":35,"airport":"Thiruvananthapuram"},"geometry":{"type":"Polygon","coordinates":[[[76.98334873004644,8.514202332915938],[76.98334872967682,8.505522281575844],[76.98334873016339,8.500001700102493],[76.97556204909408,8.50000170031117],[76.96701617801193,8.50000169989904],[76.96668206044492,8.500001699610774],[76.96668205971852,8.505522281962918],[76.96668205982976,8.514202333045073],[76.96668206026844,8.516668370228334],[76.96701617778167,8.516668370016001],[76.97556204868326,8.51666837033056],[76.98334873028013,8.516668369794099],[76.98334873004644,8.514202332915938]]]}},{"type":"Feature","properties":{"grid":"J16","height":35,"airport":"Thiruvananthapuram"},"geometry":{"type":"Polygon","coordinates":[[[77.00001540030335,8.514202333410752],[77.00001539965567,8.50552228161743],[77.00001539988358,8.500001699665694],[76.99265379030922,8.500001700318517],[76.98410791961521,8.500001699851143],[76.98334873016339,8.500001700102493],[76.98334872967682,8.505522281575844],[76.98334873004644,8.514202332915938],[76.98334873028013,8.516668369794099],[76.98410791994407,8.516668370314584],[76.99265378956451,8.516668369973525],[77.00001540033628,8.51666836978251],[77.00001540030335,8.514202333410752]]]}},{"type":"Feature","properties":{"grid":"J17","height":35,"airport":"Thiruvananthapuram"},"geometry":{"type":"Polygon","coordinates":[[[77.01668207013847,8.514202332688246],[77.01668207011035,8.505522282049704],[77.01668207007,8.500001700070374],[77.00974553237137,8.500001700399327],[77.00119966098329,8.500001699901441],[77.00001539988358,8.500001699665694],[77.00001539965567,8.50552228161743],[77.00001540030335,8.514202333410752],[77.00001540033628,8.51666836978251],[77.00119966099815,8.516668370188906],[77.00974553224069,8.51666837006214],[77.01668206998438,8.516668370160243],[77.01668207013847,8.514202332688246]]]}},{"type":"Feature","properties":{"grid":"J18","height":115,"airport":"Thiruvananthapuram"},"geometry":{"type":"Polygon","coordinates":[[[77.03334874002132,8.514202333422055],[77.03334873967529,8.505522281939802],[77.03334874026501,8.500001700378965],[77.02683727290002,8.50000169962334],[77.01829140337256,8.500001700005027],[77.01668207007,8.500001700070374],[77.01668207011035,8.505522282049704],[77.01668207013847,8.514202332688246],[77.01668206998438,8.516668370160243],[77.01829140310868,8.516668369589382],[77.02683727342342,8.516668369670704],[77.03334873967508,8.516668369985018],[77.03334874002132,8.514202333422055]]]}},{"type":"Feature","properties":{"grid":"J19","height":115,"airport":"Thiruvananthapuram"},"geometry":{"type":"Polygon","coordinates":[[[77.05001541039292,8.514202332861604],[77.05001540971838,8.505522282148394],[77.05001541001083,8.50000169965367],[77.04392901497697,8.500001699743624],[77.03538314440719,8.500001700135426],[77.03334874026501,8.500001700378965],[77.03334873967529,8.505522281939802],[77.03334874002132,8.514202333422055],[77.03334873967508,8.516668369985018],[77.03538314390957,8.516668370297452],[77.04392901528216,8.516668369652987],[77.05001540986845,8.516668370122131],[77.05001541039292,8.514202332861604]]]}},{"type":"Feature","properties":{"grid":"J20","height":145,"airport":"Thiruvananthapuram"},"geometry":{"type":"Polygon","coordinates":[[[77.06668207990195,8.51420233278543],[77.06668207978183,8.505522281737353],[77.06668207977191,8.500001699663567],[77.06102075622154,8.500001699829323],[77.05247488625145,8.500001700242349],[77.05001541001083,8.50000169965367],[77.05001540971838,8.505522282148394],[77.05001541039292,8.514202332861604],[77.05001540986845,8.516668370122131],[77.05247488555119,8.516668369550803],[77.06102075634934,8.51666836997736],[77.06668208010692,8.516668369633377],[77.06668207990195,8.51420233278543]]]}},{"type":"Feature","properties":{"grid":"J21","height":145,"airport":"Thiruvananthapuram"},"geometry":{"type":"Polygon","coordinates":[[[77.08334874991166,8.514202333149456],[77.08334875032536,8.50552228157138],[77.08334875000324,8.50000170036938],[77.07811249788985,8.500001699834275],[77.0695666274374,8.500001700294051],[77.06668207977191,8.500001699663567],[77.06668207978183,8.505522281737353],[77.06668207990195,8.51420233278543],[77.06668208010692,8.516668369633377],[77.06956662658028,8.516668370029523],[77.07811249787657,8.516668369693596],[77.08334874994728,8.516668370292221],[77.08334874991166,8.514202333149456]]]}},{"type":"Feature","properties":{"grid":"J22","height":145,"airport":"Thiruvananthapuram"},"geometry":{"type":"Polygon","coordinates":[[[77.1000154199642,8.514202333014993],[77.10001541998797,8.505522281620607],[77.10001542024183,8.500001699928525],[77.09520423942186,8.500001699721555],[77.08665836922108,8.50000170024418],[77.08334875000324,8.50000170036938],[77.08334875032536,8.50552228157138],[77.08334874991166,8.514202333149456],[77.08334874994728,8.516668370292221],[77.08665836915162,8.516668369874333],[77.09520423930901,8.516668369668645],[77.10001541983497,8.51666837025119],[77.1000154199642,8.514202333014993]]]}},{"type":"Feature","properties":{"grid":"J23","height":145,"airport":"Thiruvananthapuram"},"geometry":{"type":"Polygon","coordinates":[[[77.11668208961143,8.514202333250948],[77.11668209013246,8.505522281840307],[77.11668209004421,8.500001700113927],[77.1122959811704,8.50000170035293],[77.10375011013443,8.50000170006048],[77.10001542024183,8.500001699928525],[77.10001541998797,8.505522281620607],[77.1000154199642,8.514202333014993],[77.10001541983497,8.51666837025119],[77.10375010998625,8.516668369966641],[77.1122959809949,8.516668369860295],[77.11668209022992,8.516668370374282],[77.11668208961143,8.514202333250948]]]}},{"type":"Feature","properties":{"grid":"K1","height":145,"airport":"Thiruvananthapuram"},"geometry":{"type":"Polygon","coordinates":[[[76.75001535044855,8.496842231084267],[76.75001535017772,8.488162180272964],[76.7500153500423,8.483335030050673],[76.7448235388254,8.483335029659482],[76.73627766823775,8.483335029548517],[76.73334868003049,8.483335030088767],[76.73334867962478,8.488162179834823],[76.73334867973973,8.496842231332339],[76.73334867967789,8.500001700363413],[76.73627766825537,8.500001700291941],[76.74482353861154,8.500001700003716],[76.75001534993045,8.500001700336698],[76.75001535044855,8.496842231084267]]]}},{"type":"Feature","properties":{"grid":"K2","height":145,"airport":"Thiruvananthapuram"},"geometry":{"type":"Polygon","coordinates":[[[76.7666820202238,8.496842230636718],[76.76668201977985,8.48816218031594],[76.7666820200041,8.483335030007375],[76.76191528026256,8.483335029590805],[76.75336940926148,8.483335030278804],[76.7500153500423,8.483335030050673],[76.75001535017772,8.488162180272964],[76.75001535044855,8.496842231084267],[76.75001534993045,8.500001700336698],[76.75336940882279,8.500001699866239],[76.76191527961393,8.50000169987199],[76.7666820201624,8.50000169984857],[76.7666820202238,8.496842230636718]]]}},{"type":"Feature","properties":{"grid":"K3","height":145,"airport":"Thiruvananthapuram"},"geometry":{"type":"Polygon","coordinates":[[[76.78334869043384,8.496842230856235],[76.78334868979515,8.488162179926272],[76.78334869037167,8.483335029925426],[76.77900702234248,8.483335029707881],[76.77046115074941,8.483335030308483],[76.7666820200041,8.483335030007375],[76.76668201977985,8.48816218031594],[76.7666820202238,8.496842230636718],[76.7666820201624,8.50000169984857],[76.7704611508016,8.500001700017565],[76.77900702220239,8.500001700299482],[76.78334868992584,8.500001699773753],[76.78334869043384,8.496842230856235]]]}},{"type":"Feature","properties":{"grid":"K4","height":115,"airport":"Thiruvananthapuram"},"geometry":{"type":"Polygon","coordinates":[[[76.80001535971422,8.496842230813224],[76.80001535977546,8.488162179978413],[76.80001535978448,8.48333502977939],[76.79609876268987,8.483335029987499],[76.78755289214232,8.483335029606177],[76.78334869037167,8.483335029925426],[76.78334868979515,8.488162179926272],[76.78334869043384,8.496842230856235],[76.78334868992584,8.500001699773753],[76.78755289181251,8.50000169981858],[76.7960987630895,8.500001700362905],[76.80001535967686,8.500001700078498],[76.80001535971422,8.496842230813224]]]}},{"type":"Feature","properties":{"grid":"K5","height":115,"airport":"Thiruvananthapuram"},"geometry":{"type":"Polygon","coordinates":[[[76.81668203034135,8.496842231369302],[76.81668203017655,8.488162180438248],[76.81668202961055,8.483335030435155],[76.81319050528597,8.483335030376963],[76.80464463379748,8.483335029944227],[76.80001535978448,8.48333502977939],[76.80001535977546,8.488162179978413],[76.80001535971422,8.496842230813224],[76.80001535967686,8.500001700078498],[76.80464463402531,8.500001700129147],[76.81319050534886,8.500001700013705],[76.81668202986721,8.500001699824555],[76.81668203034135,8.496842231369302]]]}},{"type":"Feature","properties":{"grid":"K6","height":25,"airport":"Thiruvananthapuram"},"geometry":{"type":"Polygon","coordinates":[[[76.8333487000382,8.496842230694508],[76.83334869963369,8.488162180375786],[76.83334870029695,8.48333503005011],[76.83028224593494,8.483335029956873],[76.82173637515153,8.483335030386579],[76.81668202961055,8.483335030435155],[76.81668203017655,8.488162180438248],[76.81668203034135,8.496842231369302],[76.81668202986721,8.500001699824555],[76.82173637506052,8.500001700021565],[76.83028224570133,8.50000170013647],[76.83334870004889,8.50000169988576],[76.8333487000382,8.496842230694508]]]}},{"type":"Feature","properties":{"grid":"K7","height":25,"airport":"Thiruvananthapuram"},"geometry":{"type":"Polygon","coordinates":[[[76.85001537017715,8.496842230558038],[76.8500153704186,8.488162179747771],[76.8500153695835,8.483335030410485],[76.84737398771396,8.483335029581962],[76.83882811654897,8.48333502999263],[76.83334870029695,8.48333503005011],[76.83334869963369,8.488162180375786],[76.8333487000382,8.496842230694508],[76.83334870004889,8.50000169988576],[76.83882811708783,8.500001700354842],[76.84737398812423,8.500001699773334],[76.85001536976965,8.500001700231637],[76.85001537017715,8.496842230558038]]]}},{"type":"Feature","properties":{"grid":"K8","height":25,"airport":"Thiruvananthapuram"},"geometry":{"type":"Polygon","coordinates":[[[76.86668204030589,8.496842230929055],[76.86668204027123,8.48816218034015],[76.86668203973318,8.483335029664618],[76.86446572915993,8.48333503012775],[76.85591985834273,8.483335029629627],[76.8500153695835,8.483335030410485],[76.8500153704186,8.488162179747771],[76.85001537017715,8.496842230558038],[76.85001536976965,8.500001700231637],[76.85591985772763,8.500001700200851],[76.8644657293384,8.50000169980839],[76.86668204038907,8.500001699918734],[76.86668204030589,8.496842230929055]]]}},{"type":"Feature","properties":{"grid":"K9","height":25,"airport":"Thiruvananthapuram"},"geometry":{"type":"Polygon","coordinates":[[[76.88334870996759,8.496842230872502],[76.88334870963841,8.48816218030956],[76.88334871030193,8.483335029589519],[76.88155747061278,8.483335029748787],[76.87301159997776,8.48333503016867],[76.86668203973318,8.483335029664618],[76.86668204027123,8.48816218034015],[76.86668204030589,8.496842230929055],[76.86668204038907,8.500001699918734],[76.87301160005755,8.500001700413428],[76.881557470601,8.50000170019993],[76.88334870964282,8.500001699828752],[76.88334870996759,8.496842230872502]]]}},{"type":"Feature","properties":{"grid":"K13","height":25,"airport":"Thiruvananthapuram"},"geometry":{"type":"Polygon","coordinates":[[[76.95001539035704,8.496842231089607],[76.95001538957413,8.488162179576761],[76.95001539041073,8.483335029929663],[76.94992443716279,8.483335030009219],[76.94137856640049,8.48333502976717],[76.93334871998239,8.483335030362635],[76.93334872030643,8.488162179733525],[76.93334871981568,8.496842231399617],[76.9333487201188,8.500001699603192],[76.94137856599059,8.500001699782041],[76.94992443673306,8.500001700080393],[76.9500153902822,8.500001700036107],[76.95001539035704,8.496842231089607]]]}},{"type":"Feature","properties":{"grid":"K14","height":25,"airport":"Thiruvananthapuram"},"geometry":{"type":"Polygon","coordinates":[[[76.96668205998886,8.496842231087898],[76.96668205973373,8.488162180427956],[76.96668205990206,8.483335030003927],[76.95847030699905,8.483335029752858],[76.95001539041073,8.483335029929663],[76.95001538957413,8.488162179576761],[76.95001539035704,8.496842231089607],[76.9500153902822,8.500001700036107],[76.95847030656148,8.50000170042656],[76.96668206044492,8.500001699610774],[76.96668205998886,8.496842231087898]]]}},{"type":"Feature","properties":{"grid":"K15","height":25,"airport":"Thiruvananthapuram"},"geometry":{"type":"Polygon","coordinates":[[[76.98334873007447,8.496842231352641],[76.98334873032304,8.488162180446363],[76.98334872981486,8.483335029639658],[76.97556204862137,8.483335030414501],[76.9670161775464,8.483335029889226],[76.96668205990206,8.483335030003927],[76.96668205973373,8.488162180427956],[76.96668205998886,8.496842231087898],[76.96668206044492,8.500001699610774],[76.96701617801193,8.50000169989904],[76.97556204909408,8.50000170031117],[76.98334873016339,8.500001700102493],[76.98334873007447,8.496842231352641]]]}},{"type":"Feature","properties":{"grid":"K16","height":25,"airport":"Thiruvananthapuram"},"geometry":{"type":"Polygon","coordinates":[[[77.00001540015634,8.496842230946818],[77.00001539998097,8.48816217960364],[77.00001539970062,8.483335029707867],[76.99265378979034,8.483335029913617],[76.98410792003585,8.483335030420815],[76.98334872981486,8.483335029639658],[76.98334873032304,8.488162180446363],[76.98334873007447,8.496842231352641],[76.98334873016339,8.500001700102493],[76.98410791961521,8.500001699851143],[76.99265379030922,8.500001700318517],[77.00001539988358,8.500001699665694],[77.00001540015634,8.496842230946818]]]}},{"type":"Feature","properties":{"grid":"K17","height":35,"airport":"Thiruvananthapuram"},"geometry":{"type":"Polygon","coordinates":[[[77.0166820697862,8.496842230741175],[77.01668207007977,8.48816217966527],[77.01668207001421,8.483335030170652],[77.00974553177122,8.483335030013597],[77.00119966133794,8.483335029774526],[77.00001539970062,8.483335029707867],[77.00001539998097,8.48816217960364],[77.00001540015634,8.496842230946818],[77.00001539988358,8.500001699665694],[77.00119966098329,8.500001699901441],[77.00974553237137,8.500001700399327],[77.01668207007,8.500001700070374],[77.0166820697862,8.496842230741175]]]}},{"type":"Feature","properties":{"grid":"K18","height":35,"airport":"Thiruvananthapuram"},"geometry":{"type":"Polygon","coordinates":[[[77.03334874032709,8.496842230692748],[77.03334874016166,8.488162179693735],[77.03334874029773,8.483335030090489],[77.02683727309132,8.48333502977945],[77.01829140271794,8.483335029713638],[77.01668207001421,8.483335030170652],[77.01668207007977,8.48816217966527],[77.0166820697862,8.496842230741175],[77.01668207007,8.500001700070374],[77.01829140337256,8.500001700005027],[77.02683727290002,8.50000169962334],[77.03334874026501,8.500001700378965],[77.03334874032709,8.496842230692748]]]}},{"type":"Feature","properties":{"grid":"K19","height":115,"airport":"Thiruvananthapuram"},"geometry":{"type":"Polygon","coordinates":[[[77.05001541041794,8.496842230772403],[77.05001540977341,8.488162179655244],[77.0500154101026,8.48333503033763],[77.04392901501129,8.483335030069835],[77.03538314361587,8.4833350302024],[77.03334874029773,8.483335030090489],[77.03334874016166,8.488162179693735],[77.03334874032709,8.496842230692748],[77.03334874026501,8.500001700378965],[77.03538314440719,8.500001700135426],[77.04392901497697,8.500001699743624],[77.05001541001083,8.50000169965367],[77.05001541041794,8.496842230772403]]]}},{"type":"Feature","properties":{"grid":"K20","height":145,"airport":"Thiruvananthapuram"},"geometry":{"type":"Polygon","coordinates":[[[77.06668207960568,8.49684223094608],[77.06668208028256,8.488162180410098],[77.06668207987865,8.483335029969316],[77.0610207560582,8.48333502994926],[77.05247488619081,8.483335030286476],[77.0500154101026,8.48333503033763],[77.05001540977341,8.488162179655244],[77.05001541041794,8.496842230772403],[77.05001541001083,8.50000169965367],[77.05247488625145,8.500001700242349],[77.06102075622154,8.500001699829323],[77.06668207977191,8.500001699663567],[77.06668207960568,8.49684223094608]]]}},{"type":"Feature","properties":{"grid":"K21","height":145,"airport":"Thiruvananthapuram"},"geometry":{"type":"Polygon","coordinates":[[[77.08334875016111,8.496842231164981],[77.08334875031815,8.488162180120852],[77.08334875008524,8.483335029850336],[77.07811249840054,8.483335030270764],[77.06956662715861,8.483335029943756],[77.06668207987865,8.483335029969316],[77.06668208028256,8.488162180410098],[77.06668207960568,8.49684223094608],[77.06668207977191,8.500001699663567],[77.0695666274374,8.500001700294051],[77.07811249788985,8.500001699834275],[77.08334875000324,8.50000170036938],[77.08334875016111,8.496842231164981]]]}},{"type":"Feature","properties":{"grid":"K22","height":145,"airport":"Thiruvananthapuram"},"geometry":{"type":"Polygon","coordinates":[[[77.100015419815,8.49684223140406],[77.10001542033949,8.488162179651997],[77.10001542026886,8.483335029946034],[77.09520423874929,8.483335030108035],[77.08665836868768,8.483335030027154],[77.08334875008524,8.483335029850336],[77.08334875031815,8.488162180120852],[77.08334875016111,8.496842231164981],[77.08334875000324,8.50000170036938],[77.08665836922108,8.50000170024418],[77.09520423942186,8.500001699721555],[77.10001542024183,8.500001699928525],[77.100015419815,8.49684223140406]]]}},{"type":"Feature","properties":{"grid":"K23","height":145,"airport":"Thiruvananthapuram"},"geometry":{"type":"Polygon","coordinates":[[[77.116682089925,8.496842230714726],[77.1166820898981,8.488162179872562],[77.11668208997604,8.483335030221514],[77.11229598108866,8.483335030303572],[77.1037501102128,8.483335029595679],[77.10001542026886,8.483335029946034],[77.10001542033949,8.488162179651997],[77.100015419815,8.49684223140406],[77.10001542024183,8.500001699928525],[77.10375011013443,8.50000170006048],[77.1122959811704,8.50000170035293],[77.11668209004421,8.500001700113927],[77.116682089925,8.496842230714726]]]}},{"type":"Feature","properties":{"grid":"L1","height":145,"airport":"Thiruvananthapuram"},"geometry":{"type":"Polygon","coordinates":[[[76.7500153498744,8.479482128678958],[76.75001534954768,8.470802078113977],[76.75001535025254,8.466668360446999],[76.74482353870022,8.466668359991692],[76.73627766807336,8.466668360371946],[76.73334867998138,8.466668359569464],[76.73334867998834,8.470802078088258],[76.73334868001278,8.479482129353721],[76.73334868003049,8.483335030088767],[76.73627766823775,8.483335029548517],[76.7448235388254,8.483335029659482],[76.7500153500423,8.483335030050673],[76.7500153498744,8.479482128678958]]]}},{"type":"Feature","properties":{"grid":"L2","height":145,"airport":"Thiruvananthapuram"},"geometry":{"type":"Polygon","coordinates":[[[76.76668201968424,8.479482129217633],[76.76668201994198,8.470802078249378],[76.76668202043614,8.466668359967517],[76.7619152801959,8.466668360013692],[76.7533694091648,8.466668359573383],[76.75001535025254,8.466668360446999],[76.75001534954768,8.470802078113977],[76.7500153498744,8.479482128678958],[76.7500153500423,8.483335030050673],[76.75336940926148,8.483335030278804],[76.76191528026256,8.483335029590805],[76.7666820200041,8.483335030007375],[76.76668201968424,8.479482129217633]]]}},{"type":"Feature","properties":{"grid":"L3","height":145,"airport":"Thiruvananthapuram"},"geometry":{"type":"Polygon","coordinates":[[[76.78334868988982,8.479482129128083],[76.78334868980643,8.470802077565166],[76.78334869008769,8.466668359910038],[76.77900702229927,8.466668359844125],[76.77046115069784,8.46666836040919],[76.76668202043614,8.466668359967517],[76.76668201994198,8.470802078249378],[76.76668201968424,8.479482129217633],[76.7666820200041,8.483335030007375],[76.77046115074941,8.483335030308483],[76.77900702234248,8.483335029707881],[76.78334869037167,8.483335029925426],[76.78334868988982,8.479482129128083]]]}},{"type":"Feature","properties":{"grid":"L4","height":115,"airport":"Thiruvananthapuram"},"geometry":{"type":"Polygon","coordinates":[[[76.80001536004279,8.479482129284774],[76.80001535960484,8.470802077835877],[76.80001535966268,8.466668360240881],[76.7960987626389,8.46666836036391],[76.78755289210073,8.466668360135685],[76.78334869008769,8.466668359910038],[76.78334868980643,8.470802077565166],[76.78334868988982,8.479482129128083],[76.78334869037167,8.483335029925426],[76.78755289214232,8.483335029606177],[76.79609876268987,8.483335029987499],[76.80001535978448,8.48333502977939],[76.80001536004279,8.479482129284774]]]}},{"type":"Feature","properties":{"grid":"L5","height":115,"airport":"Thiruvananthapuram"},"geometry":{"type":"Polygon","coordinates":[[[76.81668202968642,8.479482128753828],[76.81668202978848,8.470802078123363],[76.81668202961222,8.466668360021961],[76.81319050518728,8.466668359712296],[76.80464463372611,8.466668359621224],[76.80001535966268,8.466668360240881],[76.80001535960484,8.470802077835877],[76.80001536004279,8.479482129284774],[76.80001535978448,8.48333502977939],[76.80464463379748,8.483335029944227],[76.81319050528597,8.483335030376963],[76.81668202961055,8.483335030435155],[76.81668202968642,8.479482128753828]]]}},{"type":"Feature","properties":{"grid":"L6","height":35,"airport":"Thiruvananthapuram"},"geometry":{"type":"Polygon","coordinates":[[[76.83334870019283,8.479482129304767],[76.83334869990463,8.470802078397515],[76.8333487003958,8.466668360122979],[76.83028224576097,8.466668359682131],[76.82173637501866,8.466668359737985],[76.81668202961222,8.466668360021961],[76.81668202978848,8.470802078123363],[76.81668202968642,8.479482128753828],[76.81668202961055,8.483335030435155],[76.82173637515153,8.483335030386579],[76.83028224593494,8.483335029956873],[76.83334870029695,8.48333503005011],[76.83334870019283,8.479482129304767]]]}},{"type":"Feature","properties":{"grid":"L7","height":35,"airport":"Thiruvananthapuram"},"geometry":{"type":"Polygon","coordinates":[[[76.85001537019275,8.479482129103259],[76.85001537040425,8.470802077719583],[76.85001536974016,8.46666835961798],[76.84737398834062,8.46666836021989],[76.83882811723497,8.466668360445244],[76.8333487003958,8.466668360122979],[76.83334869990463,8.470802078397515],[76.83334870019283,8.479482129304767],[76.83334870029695,8.48333503005011],[76.83882811654897,8.48333502999263],[76.84737398771396,8.483335029581962],[76.8500153695835,8.483335030410485],[76.85001537019275,8.479482129103259]]]}},{"type":"Feature","properties":{"grid":"L8","height":25,"airport":"Thiruvananthapuram"},"geometry":{"type":"Polygon","coordinates":[[[76.86668204014585,8.479482129018438],[76.86668203993507,8.470802077871362],[76.8666820399252,8.466668360271656],[76.86446572873015,8.466668360405873],[76.85591985799068,8.4666683599109],[76.85001536974016,8.46666835961798],[76.85001537040425,8.470802077719583],[76.85001537019275,8.479482129103259],[76.8500153695835,8.483335030410485],[76.85591985834273,8.483335029629627],[76.86446572915993,8.48333503012775],[76.86668203973318,8.483335029664618],[76.86668204014585,8.479482129018438]]]}},{"type":"Feature","properties":{"grid":"L9","height":25,"airport":"Thiruvananthapuram"},"geometry":{"type":"Polygon","coordinates":[[[76.88334870959942,8.479482129019312],[76.88334870985597,8.470802077909196],[76.88334870958127,8.466668360249209],[76.88155747090987,8.466668360185613],[76.87301160036682,8.466668359893061],[76.8666820399252,8.466668360271656],[76.86668203993507,8.470802077871362],[76.86668204014585,8.479482129018438],[76.86668203973318,8.483335029664618],[76.87301159997776,8.48333503016867],[76.88155747061278,8.483335029748787],[76.88334871030193,8.483335029589519],[76.88334870959942,8.479482129019312]]]}},{"type":"Feature","properties":{"grid":"L10","height":25,"airport":"Thiruvananthapuram"},"geometry":{"type":"Polygon","coordinates":[[[76.90001537991675,8.47948212906588],[76.900015379714,8.470802077801855],[76.90001538007573,8.466668360414772],[76.89864921160029,8.466668360442872],[76.89010334107952,8.466668360371557],[76.88334870958127,8.466668360249209],[76.88334870985597,8.470802077909196],[76.88334870959942,8.479482129019312],[76.88334871030193,8.483335029589519],[76.89010334088587,8.483335029768531],[76.89864921242977,8.483335030215432],[76.9000153799291,8.483335030158324],[76.90001537991675,8.47948212906588]]]}},{"type":"Feature","properties":{"grid":"L14","height":25,"airport":"Thiruvananthapuram"},"geometry":{"type":"Polygon","coordinates":[[[76.96668205985752,8.479482129077883],[76.9666820603658,8.470802077945072],[76.96668205954565,8.466668359619103],[76.95847030694004,8.46666836009872],[76.95001539023347,8.466668359923496],[76.95001538983745,8.470802078073728],[76.95001538970635,8.479482129171485],[76.95001539041073,8.483335029929663],[76.95847030699905,8.483335029752858],[76.96668205990206,8.483335030003927],[76.96668205985752,8.479482129077883]]]}},{"type":"Feature","properties":{"grid":"L15","height":25,"airport":"Thiruvananthapuram"},"geometry":{"type":"Polygon","coordinates":[[[76.98334873042353,8.479482128860344],[76.98334873038621,8.470802078405969],[76.98334873015878,8.466668360232765],[76.97556204908355,8.466668359751202],[76.96701617820803,8.46666836000129],[76.96668205954565,8.466668359619103],[76.9666820603658,8.470802077945072],[76.96668205985752,8.479482129077883],[76.96668205990206,8.483335030003927],[76.9670161775464,8.483335029889226],[76.97556204862137,8.483335030414501],[76.98334872981486,8.483335029639658],[76.98334873042353,8.479482128860344]]]}},{"type":"Feature","properties":{"grid":"L16","height":25,"airport":"Thiruvananthapuram"},"geometry":{"type":"Polygon","coordinates":[[[77.0000154000479,8.47948212939454],[77.0000154003441,8.470802077610966],[77.00001539979435,8.466668359932797],[76.99265378983566,8.466668359677287],[76.98410792029564,8.466668360244041],[76.98334873015878,8.466668360232765],[76.98334873038621,8.470802078405969],[76.98334873042353,8.479482128860344],[76.98334872981486,8.483335029639658],[76.98410792003585,8.483335030420815],[76.99265378979034,8.483335029913617],[77.00001539970062,8.483335029707867],[77.0000154000479,8.47948212939454]]]}},{"type":"Feature","properties":{"grid":"L17","height":25,"airport":"Thiruvananthapuram"},"geometry":{"type":"Polygon","coordinates":[[[77.01668207008406,8.479482128830064],[77.01668206980005,8.470802078238885],[77.01668206981942,8.466668359580776],[77.00974553226798,8.46666835982325],[77.00119966116114,8.466668359836568],[77.00001539979435,8.466668359932797],[77.0000154003441,8.470802077610966],[77.0000154000479,8.47948212939454],[77.00001539970062,8.483335029707867],[77.00119966133794,8.483335029774526],[77.00974553177122,8.483335030013597],[77.01668207001421,8.483335030170652],[77.01668207008406,8.479482128830064]]]}},{"type":"Feature","properties":{"grid":"L18","height":35,"airport":"Thiruvananthapuram"},"geometry":{"type":"Polygon","coordinates":[[[77.03334874008804,8.479482128941351],[77.03334874010726,8.47080207843895],[77.03334873978521,8.466668360047214],[77.02683727309639,8.466668360167457],[77.0182914029727,8.466668359633506],[77.01668206981942,8.466668359580776],[77.01668206980005,8.470802078238885],[77.01668207008406,8.479482128830064],[77.01668207001421,8.483335030170652],[77.01829140271794,8.483335029713638],[77.02683727309132,8.48333502977945],[77.03334874029773,8.483335030090489],[77.03334874008804,8.479482128941351]]]}},{"type":"Feature","properties":{"grid":"L19","height":115,"airport":"Thiruvananthapuram"},"geometry":{"type":"Polygon","coordinates":[[[77.05001540960184,8.479482128790687],[77.05001540990418,8.470802078182093],[77.05001541014141,8.466668360389685],[77.04392901538752,8.466668359751292],[77.03538314426201,8.466668359603815],[77.03334873978521,8.466668360047214],[77.03334874010726,8.47080207843895],[77.03334874008804,8.479482128941351],[77.03334874029773,8.483335030090489],[77.03538314361587,8.4833350302024],[77.04392901501129,8.483335030069835],[77.0500154101026,8.48333503033763],[77.05001540960184,8.479482128790687]]]}},{"type":"Feature","properties":{"grid":"L20","height":145,"airport":"Thiruvananthapuram"},"geometry":{"type":"Polygon","coordinates":[[[77.06668207999272,8.479482129238447],[77.06668207964996,8.470802078333552],[77.06668208042954,8.466668359670228],[77.06102075586658,8.466668360360712],[77.05247488628459,8.46666835970199],[77.05001541014141,8.466668360389685],[77.05001540990418,8.470802078182093],[77.05001540960184,8.479482128790687],[77.0500154101026,8.48333503033763],[77.05247488619081,8.483335030286476],[77.0610207560582,8.48333502994926],[77.06668207987865,8.483335029969316],[77.06668207999272,8.479482129238447]]]}},{"type":"Feature","properties":{"grid":"L21","height":145,"airport":"Thiruvananthapuram"},"geometry":{"type":"Polygon","coordinates":[[[77.08334874989444,8.479482129351114],[77.08334874979413,8.470802077950282],[77.08334875020552,8.466668359662496],[77.07811249759523,8.466668360132267],[77.0695666266641,8.46666835990126],[77.06668208042954,8.466668359670228],[77.06668207964996,8.470802078333552],[77.06668207999272,8.479482129238447],[77.06668207987865,8.483335029969316],[77.06956662715861,8.483335029943756],[77.07811249840054,8.483335030270764],[77.08334875008524,8.483335029850336],[77.08334874989444,8.479482129351114]]]}},{"type":"Feature","properties":{"grid":"L22","height":145,"airport":"Thiruvananthapuram"},"geometry":{"type":"Polygon","coordinates":[[[77.10001541976139,8.479482129089297],[77.1000154198878,8.470802077901622],[77.10001541992355,8.466668360327102],[77.09520423910969,8.466668359937872],[77.08665836937952,8.46666836014097],[77.08334875020552,8.466668359662496],[77.08334874979413,8.470802077950282],[77.08334874989444,8.479482129351114],[77.08334875008524,8.483335029850336],[77.08665836868768,8.483335030027154],[77.09520423874929,8.483335030108035],[77.10001542026886,8.483335029946034],[77.10001541976139,8.479482129089297]]]}},{"type":"Feature","properties":{"grid":"L23","height":145,"airport":"Thiruvananthapuram"},"geometry":{"type":"Polygon","coordinates":[[[77.11668209005278,8.479482129317137],[77.11668209038514,8.470802078147827],[77.11668209002795,8.46666835981652],[77.11229598075718,8.466668359735582],[77.10375011023862,8.466668360403476],[77.10001541992355,8.466668360327102],[77.1000154198878,8.470802077901622],[77.10001541976139,8.479482129089297],[77.10001542026886,8.483335029946034],[77.1037501102128,8.483335029595679],[77.11229598108866,8.483335030303572],[77.11668208997604,8.483335030221514],[77.11668209005278,8.479482129317137]]]}},{"type":"Feature","properties":{"grid":"M1","height":145,"airport":"Thiruvananthapuram"},"geometry":{"type":"Polygon","coordinates":[[[76.7500153500983,8.462122026769158],[76.75001534971504,8.453441975560246],[76.7500153496511,8.450001689746038],[76.74482353914618,8.45000169011675],[76.73627766775607,8.450001690074465],[76.73334868044881,8.450001689730172],[76.73334867962589,8.453441975926564],[76.73334867955639,8.462122026946057],[76.73334867998138,8.466668359569464],[76.73627766807336,8.466668360371946],[76.74482353870022,8.466668359991692],[76.75001535025254,8.466668360446999],[76.7500153500983,8.462122026769158]]]}},{"type":"Feature","properties":{"grid":"M2","height":145,"airport":"Thiruvananthapuram"},"geometry":{"type":"Polygon","coordinates":[[[76.76668201964583,8.46212202741873],[76.76668201970064,8.453441975820938],[76.76668201964857,8.450001689761695],[76.76191528032413,8.450001690256988],[76.75336940854721,8.45000168958273],[76.7500153496511,8.450001689746038],[76.75001534971504,8.453441975560246],[76.7500153500983,8.462122026769158],[76.75001535025254,8.466668360446999],[76.7533694091648,8.466668359573383],[76.7619152801959,8.466668360013692],[76.76668202043614,8.466668359967517],[76.76668201964583,8.46212202741873]]]}},{"type":"Feature","properties":{"grid":"M3","height":145,"airport":"Thiruvananthapuram"},"geometry":{"type":"Polygon","coordinates":[[[76.78334868955423,8.46212202704916],[76.78334869003382,8.453441975771208],[76.78334868998834,8.450001689747854],[76.77900702207482,8.450001689828596],[76.77046115065313,8.450001690344163],[76.76668201964857,8.450001689761695],[76.76668201970064,8.453441975820938],[76.76668201964583,8.46212202741873],[76.76668202043614,8.466668359967517],[76.77046115069784,8.46666836040919],[76.77900702229927,8.466668359844125],[76.78334869008769,8.466668359910038],[76.78334868955423,8.46212202704916]]]}},{"type":"Feature","properties":{"grid":"M4","height":115,"airport":"Thiruvananthapuram"},"geometry":{"type":"Polygon","coordinates":[[[76.80001536028705,8.462122027434928],[76.8000153602658,8.453441976285607],[76.80001536021746,8.450001689675],[76.79609876293455,8.450001689708392],[76.78755289168573,8.45000168962332],[76.78334868998834,8.450001689747854],[76.78334869003382,8.453441975771208],[76.78334868955423,8.46212202704916],[76.78334869008769,8.466668359910038],[76.78755289210073,8.466668360135685],[76.7960987626389,8.46666836036391],[76.80001535966268,8.466668360240881],[76.80001536028705,8.462122027434928]]]}},{"type":"Feature","properties":{"grid":"M5","height":115,"airport":"Thiruvananthapuram"},"geometry":{"type":"Polygon","coordinates":[[[76.81668202956703,8.462122026746409],[76.81668202993951,8.453441976430335],[76.81668202988712,8.450001690417464],[76.81319050506761,8.450001689852213],[76.80464463382172,8.450001690088605],[76.80001536021746,8.450001689675],[76.8000153602658,8.453441976285607],[76.80001536028705,8.462122027434928],[76.80001535966268,8.466668360240881],[76.80464463372611,8.466668359621224],[76.81319050518728,8.466668359712296],[76.81668202961222,8.466668360021961],[76.81668202956703,8.462122026746409]]]}},{"type":"Feature","properties":{"grid":"M6","height":35,"airport":"Thiruvananthapuram"},"geometry":{"type":"Polygon","coordinates":[[[76.83334869967383,8.462122026749116],[76.83334870041791,8.453441976166896],[76.83334870035186,8.450001690128651],[76.83028224609814,8.450001690236384],[76.82173637467689,8.450001689908266],[76.81668202988712,8.450001690417464],[76.81668202993951,8.453441976430335],[76.81668202956703,8.462122026746409],[76.81668202961222,8.466668360021961],[76.82173637501866,8.466668359737985],[76.83028224576097,8.466668359682131],[76.8333487003958,8.466668360122979],[76.83334869967383,8.462122026749116]]]}},{"type":"Feature","properties":{"grid":"M7","height":35,"airport":"Thiruvananthapuram"},"geometry":{"type":"Polygon","coordinates":[[[76.85001537015464,8.462122027412581],[76.85001537034421,8.453441976373236],[76.85001537025472,8.450001689686516],[76.84737398818595,8.450001689911852],[76.83882811732757,8.450001689937393],[76.83334870035186,8.450001690128651],[76.83334870041791,8.453441976166896],[76.83334869967383,8.462122026749116],[76.8333487003958,8.466668360122979],[76.83882811723497,8.466668360445244],[76.84737398834062,8.46666836021989],[76.85001536974016,8.46666835961798],[76.85001537015464,8.462122027412581]]]}},{"type":"Feature","properties":{"grid":"M8","height":35,"airport":"Thiruvananthapuram"},"geometry":{"type":"Polygon","coordinates":[[[76.86668203963978,8.46212202690234],[76.86668204016897,8.453441976110478],[76.86668204005485,8.4500016899603],[76.8644657289593,8.450001689758603],[76.85591985758181,8.450001690160533],[76.85001537025472,8.450001689686516],[76.85001537034421,8.453441976373236],[76.85001537015464,8.462122027412581],[76.85001536974016,8.46666835961798],[76.85591985799068,8.4666683599109],[76.86446572873015,8.466668360405873],[76.8666820399252,8.466668360271656],[76.86668203963978,8.46212202690234]]]}},{"type":"Feature","properties":{"grid":"M9","height":25,"airport":"Thiruvananthapuram"},"geometry":{"type":"Polygon","coordinates":[[[76.88334871040897,8.462122026982632],[76.88334871035134,8.453441976247419],[76.88334871020272,8.450001690010726],[76.88155747058214,8.450001689730819],[76.87301160032324,8.450001689615108],[76.86668204005485,8.4500016899603],[76.86668204016897,8.453441976110478],[76.86668203963978,8.46212202690234],[76.8666820399252,8.466668360271656],[76.87301160036682,8.466668359893061],[76.88155747090987,8.466668360185613],[76.88334870958127,8.466668360249209],[76.88334871040897,8.462122026982632]]]}},{"type":"Feature","properties":{"grid":"M10","height":25,"airport":"Thiruvananthapuram"},"geometry":{"type":"Polygon","coordinates":[[[76.90001538018866,8.462122026726892],[76.9000153804337,8.453441975848834],[76.90001538024498,8.450001689806625],[76.89864921158633,8.45000168979961],[76.89010334136846,8.450001690093435],[76.88334871020272,8.450001690010726],[76.88334871035134,8.453441976247419],[76.88334871040897,8.462122026982632],[76.88334870958127,8.466668360249209],[76.89010334107952,8.466668360371557],[76.89864921160029,8.466668360442872],[76.90001538007573,8.466668360414772],[76.90001538018866,8.462122026726892]]]}},{"type":"Feature","properties":{"grid":"M11","height":25,"airport":"Thiruvananthapuram"},"geometry":{"type":"Polygon","coordinates":[[[76.91668205034621,8.462122026998925],[76.91668204996716,8.453441975787342],[76.9166820497327,8.45000169022063],[76.91574095413567,8.45000168991823],[76.90719508287258,8.450001689740978],[76.90001538024498,8.450001689806625],[76.9000153804337,8.453441975848834],[76.90001538018866,8.462122026726892],[76.90001538007573,8.466668360414772],[76.90719508319665,8.46666836039143],[76.91574095386915,8.466668360222434],[76.91668205004306,8.46666835983716],[76.91668205034621,8.462122026998925]]]}},{"type":"Feature","properties":{"grid":"M14","height":0,"airport":"Thiruvananthapuram"},"geometry":{"type":"Polygon","coordinates":[[[76.96668206035156,8.462122027037449],[76.96668205981581,8.453441976358402],[76.96668206029969,8.450001690283596],[76.95847030729018,8.450001689675478],[76.95001538975735,8.450001690041512],[76.9500153901094,8.45344197562229],[76.950015389973,8.462122027190876],[76.95001539023347,8.466668359923496],[76.95847030694004,8.46666836009872],[76.96668205954565,8.466668359619103],[76.96668206035156,8.462122027037449]]]}},{"type":"Feature","properties":{"grid":"M15","height":25,"airport":"Thiruvananthapuram"},"geometry":{"type":"Polygon","coordinates":[[[76.9833487302028,8.462122027278577],[76.98334872987893,8.453441976385548],[76.98334873028487,8.4500016901023],[76.9755620486808,8.450001690162289],[76.96701617818773,8.450001690268227],[76.96668206029969,8.450001690283596],[76.96668205981581,8.453441976358402],[76.96668206035156,8.462122027037449],[76.96668205954565,8.466668359619103],[76.96701617820803,8.46666836000129],[76.97556204908355,8.466668359751202],[76.98334873015878,8.466668360232765],[76.9833487302028,8.462122027278577]]]}},{"type":"Feature","properties":{"grid":"M16","height":25,"airport":"Thiruvananthapuram"},"geometry":{"type":"Polygon","coordinates":[[[77.00001539997659,8.462122026972839],[77.00001539984505,8.453441975670927],[77.00001540017182,8.450001690364255],[76.99265379045212,8.450001689633355],[76.98410792040625,8.45000169024866],[76.98334873028487,8.4500016901023],[76.98334872987893,8.453441976385548],[76.9833487302028,8.462122027278577],[76.98334873015878,8.466668360232765],[76.98410792029564,8.466668360244041],[76.99265378983566,8.466668359677287],[77.00001539979435,8.466668359932797],[77.00001539997659,8.462122026972839]]]}},{"type":"Feature","properties":{"grid":"M17","height":25,"airport":"Thiruvananthapuram"},"geometry":{"type":"Polygon","coordinates":[[[77.01668207013202,8.462122026986433],[77.01668207017774,8.453441975984706],[77.01668207041007,8.450001690127747],[77.00974553205283,8.450001689861413],[77.0011996613679,8.450001690106669],[77.00001540017182,8.450001690364255],[77.00001539984505,8.453441975670927],[77.00001539997659,8.462122026972839],[77.00001539979435,8.466668359932797],[77.00119966116114,8.466668359836568],[77.00974553226798,8.46666835982325],[77.01668206981942,8.466668359580776],[77.01668207013202,8.462122026986433]]]}},{"type":"Feature","properties":{"grid":"M18","height":25,"airport":"Thiruvananthapuram"},"geometry":{"type":"Polygon","coordinates":[[[77.03334874021553,8.462122027285897],[77.03334874041862,8.4534419763895],[77.03334873964258,8.450001690268042],[77.02683727291769,8.450001689907028],[77.01829140323588,8.450001689793043],[77.01668207041007,8.450001690127747],[77.01668207017774,8.453441975984706],[77.01668207013202,8.462122026986433],[77.01668206981942,8.466668359580776],[77.0182914029727,8.466668359633506],[77.02683727309639,8.466668360167457],[77.03334873978521,8.466668360047214],[77.03334874021553,8.462122027285897]]]}},{"type":"Feature","properties":{"grid":"M19","height":115,"airport":"Thiruvananthapuram"},"geometry":{"type":"Polygon","coordinates":[[[77.05001540976872,8.462122026933589],[77.05001541010921,8.453441975947701],[77.05001541013452,8.450001689833448],[77.0439290152097,8.450001689720311],[77.03538314363843,8.450001690185438],[77.03334873964258,8.450001690268042],[77.03334874041862,8.4534419763895],[77.03334874021553,8.462122027285897],[77.03334873978521,8.466668360047214],[77.03538314426201,8.466668359603815],[77.04392901538752,8.466668359751292],[77.05001541014141,8.466668360389685],[77.05001540976872,8.462122026933589]]]}},{"type":"Feature","properties":{"grid":"M20","height":145,"airport":"Thiruvananthapuram"},"geometry":{"type":"Polygon","coordinates":[[[77.06668208015846,8.462122026789995],[77.06668207971302,8.453441976428607],[77.06668207962089,8.45000168970339],[77.06102075564915,8.450001690183292],[77.05247488564167,8.450001690325124],[77.05001541013452,8.450001689833448],[77.05001541010921,8.453441975947701],[77.05001540976872,8.462122026933589],[77.05001541014141,8.466668360389685],[77.05247488628459,8.46666835970199],[77.06102075586658,8.466668360360712],[77.06668208042954,8.466668359670228],[77.06668208015846,8.462122026789995]]]}},{"type":"Feature","properties":{"grid":"M21","height":145,"airport":"Thiruvananthapuram"},"geometry":{"type":"Polygon","coordinates":[[[77.08334875002309,8.462122026825607],[77.08334874967446,8.453441975985266],[77.08334875037139,8.450001689829344],[77.07811249820989,8.45000169033175],[77.06956662686903,8.450001690185246],[77.06668207962089,8.45000168970339],[77.06668207971302,8.453441976428607],[77.06668208015846,8.462122026789995],[77.06668208042954,8.466668359670228],[77.0695666266641,8.46666835990126],[77.07811249759523,8.466668360132267],[77.08334875020552,8.466668359662496],[77.08334875002309,8.462122026825607]]]}},{"type":"Feature","properties":{"grid":"M22","height":145,"airport":"Thiruvananthapuram"},"geometry":{"type":"Polygon","coordinates":[[[77.10001541981671,8.462122027001097],[77.10001541954918,8.453441976391035],[77.10001542011629,8.450001690186406],[77.09520423869948,8.450001690148166],[77.08665836857537,8.45000168971971],[77.08334875037139,8.450001689829344],[77.08334874967446,8.453441975985266],[77.08334875002309,8.462122026825607],[77.08334875020552,8.466668359662496],[77.08665836937952,8.46666836014097],[77.09520423910969,8.466668359937872],[77.10001541992355,8.466668360327102],[77.10001541981671,8.462122027001097]]]}},{"type":"Feature","properties":{"grid":"M23","height":145,"airport":"Thiruvananthapuram"},"geometry":{"type":"Polygon","coordinates":[[[77.11668208999329,8.462122027276758],[77.11668208978126,8.453441975798416],[77.1166820902123,8.4500016898262],[77.11229598109621,8.450001689571346],[77.10375011020457,8.450001689795526],[77.10001542011629,8.450001690186406],[77.10001541954918,8.453441976391035],[77.10001541981671,8.462122027001097],[77.10001541992355,8.466668360327102],[77.10375011023862,8.466668360403476],[77.11229598075718,8.466668359735582],[77.11668209002795,8.46666835981652],[77.11668208999329,8.462122027276758]]]}},{"type":"Feature","properties":{"grid":"N1","height":145,"airport":"Thiruvananthapuram"},"geometry":{"type":"Polygon","coordinates":[[[76.75001535021902,8.444761925386674],[76.75001534978679,8.436081874451828],[76.75001535006835,8.433335019772477],[76.74482353926129,8.43333502006328],[76.73627766820414,8.433335019580788],[76.73334867961874,8.433335019699422],[76.73334868036451,8.43608187427358],[76.73334868019766,8.444761925033227],[76.73334868044881,8.450001689730172],[76.73627766775607,8.450001690074465],[76.74482353914618,8.45000169011675],[76.7500153496511,8.450001689746038],[76.75001535021902,8.444761925386674]]]}},{"type":"Feature","properties":{"grid":"N2","height":145,"airport":"Thiruvananthapuram"},"geometry":{"type":"Polygon","coordinates":[[[76.76668202011551,8.444761925267692],[76.76668201997505,8.43608187395833],[76.76668202037584,8.433335020306238],[76.76191527974548,8.43333502034926],[76.75336940923088,8.43333502032325],[76.75001535006835,8.433335019772477],[76.75001534978679,8.436081874451828],[76.75001535021902,8.444761925386674],[76.7500153496511,8.450001689746038],[76.75336940854721,8.45000168958273],[76.76191528032413,8.450001690256988],[76.76668201964857,8.450001689761695],[76.76668202011551,8.444761925267692]]]}},{"type":"Feature","properties":{"grid":"N3","height":145,"airport":"Thiruvananthapuram"},"geometry":{"type":"Polygon","coordinates":[[[76.78334869034215,8.444761924642988],[76.78334868957216,8.436081873672082],[76.78334869008397,8.433335020367462],[76.77900702167545,8.433335019685728],[76.7704611506215,8.433335020137894],[76.76668202037584,8.433335020306238],[76.76668201997505,8.43608187395833],[76.76668202011551,8.444761925267692],[76.76668201964857,8.450001689761695],[76.77046115065313,8.450001690344163],[76.77900702207482,8.450001689828596],[76.78334868998834,8.450001689747854],[76.78334869034215,8.444761924642988]]]}},{"type":"Feature","properties":{"grid":"N4","height":115,"airport":"Thiruvananthapuram"},"geometry":{"type":"Polygon","coordinates":[[[76.80001536045422,8.44476192529127],[76.80001535994101,8.436081873555429],[76.80001535964745,8.433335019922678],[76.79609876268343,8.433335019857722],[76.78755289181998,8.433335019897608],[76.78334869008397,8.433335020367462],[76.78334868957216,8.436081873672082],[76.78334869034215,8.444761924642988],[76.78334868998834,8.450001689747854],[76.78755289168573,8.45000168962332],[76.79609876293455,8.450001689708392],[76.80001536021746,8.450001689675],[76.80001536045422,8.44476192529127]]]}},{"type":"Feature","properties":{"grid":"N5","height":115,"airport":"Thiruvananthapuram"},"geometry":{"type":"Polygon","coordinates":[[[76.81668202999029,8.444761925374618],[76.81668202972033,8.436081873582724],[76.81668203043309,8.433335019837875],[76.8131905049291,8.433335019917017],[76.80464463408222,8.433335019562602],[76.80001535964745,8.433335019922678],[76.80001535994101,8.436081873555429],[76.80001536045422,8.44476192529127],[76.80001536021746,8.450001689675],[76.80464463382172,8.450001690088605],[76.81319050506761,8.450001689852213],[76.81668202988712,8.450001690417464],[76.81668202999029,8.444761925374618]]]}},{"type":"Feature","properties":{"grid":"N6","height":35,"airport":"Thiruvananthapuram"},"geometry":{"type":"Polygon","coordinates":[[[76.83334870031318,8.444761924854634],[76.83334870027281,8.436081873715626],[76.83334870017163,8.433335020091425],[76.83028224603633,8.43333501984004],[76.82173637503632,8.433335020013477],[76.81668203043309,8.433335019837875],[76.81668202972033,8.436081873582724],[76.81668202999029,8.444761925374618],[76.81668202988712,8.450001690417464],[76.82173637467689,8.450001689908266],[76.83028224609814,8.450001690236384],[76.83334870035186,8.450001690128651],[76.83334870031318,8.444761924854634]]]}},{"type":"Feature","properties":{"grid":"N7","height":35,"airport":"Thiruvananthapuram"},"geometry":{"type":"Polygon","coordinates":[[[76.85001537006586,8.4447619246093],[76.85001537023716,8.436081873928025],[76.85001537022137,8.433335019740566],[76.84737398816881,8.433335019581872],[76.83882811684187,8.433335020301477],[76.83334870017163,8.433335020091425],[76.83334870027281,8.436081873715626],[76.83334870031318,8.444761924854634],[76.83334870035186,8.450001690128651],[76.83882811732757,8.450001689937393],[76.84737398818595,8.450001689911852],[76.85001537025472,8.450001689686516],[76.85001537006586,8.4447619246093]]]}},{"type":"Feature","properties":{"grid":"N8","height":35,"airport":"Thiruvananthapuram"},"geometry":{"type":"Polygon","coordinates":[[[76.86668203970314,8.444761924603792],[76.86668204006793,8.436081874185142],[76.86668204013309,8.433335019658818],[76.86446572895461,8.433335020022566],[76.85591985803057,8.433335020398435],[76.85001537022137,8.433335019740566],[76.85001537023716,8.436081873928025],[76.85001537006586,8.4447619246093],[76.85001537025472,8.450001689686516],[76.85591985758181,8.450001690160533],[76.8644657289593,8.450001689758603],[76.86668204005485,8.4500016899603],[76.86668203970314,8.444761924603792]]]}},{"type":"Feature","properties":{"grid":"N9","height":35,"airport":"Thiruvananthapuram"},"geometry":{"type":"Polygon","coordinates":[[[76.88334870967967,8.444761924802897],[76.8833487102152,8.436081873547797],[76.88334871036128,8.433335019811038],[76.88155747055293,8.433335020212317],[76.87301159985802,8.433335020263064],[76.86668204013309,8.433335019658818],[76.86668204006793,8.436081874185142],[76.86668203970314,8.444761924603792],[76.86668204005485,8.4500016899603],[76.87301160032324,8.450001689615108],[76.88155747058214,8.450001689730819],[76.88334871020272,8.450001690010726],[76.88334870967967,8.444761924802897]]]}},{"type":"Feature","properties":{"grid":"N10","height":25,"airport":"Thiruvananthapuram"},"geometry":{"type":"Polygon","coordinates":[[[76.90001538045003,8.444761925171067],[76.90001538023421,8.436081873792956],[76.90001538045234,8.433335020166082],[76.89864921240334,8.433335020117893],[76.8901033408558,8.433335019866703],[76.88334871036128,8.433335019811038],[76.8833487102152,8.436081873547797],[76.88334870967967,8.444761924802897],[76.88334871020272,8.450001690010726],[76.89010334136846,8.450001690093435],[76.89864921158633,8.45000168979961],[76.90001538024498,8.450001689806625],[76.90001538045003,8.444761925171067]]]}},{"type":"Feature","properties":{"grid":"N11","height":25,"airport":"Thiruvananthapuram"},"geometry":{"type":"Polygon","coordinates":[[[76.91668204974046,8.444761924781643],[76.91668204966699,8.43608187398521],[76.91668204994826,8.433335019788604],[76.9157409539453,8.433335019705833],[76.90719508319174,8.433335020066936],[76.90001538045234,8.433335020166082],[76.90001538023421,8.436081873792956],[76.90001538045003,8.444761925171067],[76.90001538024498,8.450001689806625],[76.90719508287258,8.450001689740978],[76.91574095413567,8.45000168991823],[76.9166820497327,8.45000169022063],[76.91668204974046,8.444761924781643]]]}},{"type":"Feature","properties":{"grid":"N12","height":25,"airport":"Thiruvananthapuram"},"geometry":{"type":"Polygon","coordinates":[[[76.93334871983019,8.444761925397772],[76.93334871987575,8.436081874084051],[76.93334872022007,8.433335020446131],[76.9328326946227,8.433335019846462],[76.92428682357705,8.433335019939356],[76.91668204994826,8.433335019788604],[76.91668204966699,8.43608187398521],[76.91668204974046,8.444761924781643],[76.9166820497327,8.45000169022063],[76.92428682428417,8.450001690332128],[76.93283269494597,8.450001690066099],[76.933348720024,8.450001690308106],[76.93334871983019,8.444761925397772]]]}},{"type":"Feature","properties":{"grid":"N13","height":0,"airport":"Thiruvananthapuram"},"geometry":{"type":"Polygon","coordinates":[[[76.9500153902567,8.444761925179359],[76.95001539040678,8.436081874057457],[76.95001538989716,8.433335020303144],[76.94992443659424,8.433335019588302],[76.94137856599528,8.433335020331862],[76.93334872022007,8.433335020446131],[76.93334871987575,8.436081874084051],[76.93334871983019,8.444761925397772],[76.933348720024,8.450001690308106],[76.941378565942,8.450001690020388],[76.94992443708875,8.450001690191252],[76.95001538975735,8.450001690041512],[76.9500153902567,8.444761925179359]]]}},{"type":"Feature","properties":{"grid":"N14","height":25,"airport":"Thiruvananthapuram"},"geometry":{"type":"Polygon","coordinates":[[[76.9666820596629,8.444761925002702],[76.96668205989836,8.436081873877761],[76.96668206034596,8.433335020222438],[76.95847030715753,8.433335020319591],[76.95001538989716,8.433335020303144],[76.95001539040678,8.436081874057457],[76.9500153902567,8.444761925179359],[76.95001538975735,8.450001690041512],[76.95847030729018,8.450001689675478],[76.96668206029969,8.450001690283596],[76.9666820596629,8.444761925002702]]]}},{"type":"Feature","properties":{"grid":"N15","height":25,"airport":"Thiruvananthapuram"},"geometry":{"type":"Polygon","coordinates":[[[76.9833487303189,8.444761924821648],[76.98334872971706,8.436081874407435],[76.98334873020475,8.433335020176052],[76.97556204922672,8.433335019854464],[76.96701617839581,8.433335019805384],[76.96668206034596,8.433335020222438],[76.96668205989836,8.436081873877761],[76.9666820596629,8.444761925002702],[76.96668206029969,8.450001690283596],[76.96701617818773,8.450001690268227],[76.9755620486808,8.450001690162289],[76.98334873028487,8.4500016901023],[76.9833487303189,8.444761924821648]]]}},{"type":"Feature","properties":{"grid":"N16","height":25,"airport":"Thiruvananthapuram"},"geometry":{"type":"Polygon","coordinates":[[[77.00001539995509,8.444761924612534],[77.00001540030766,8.436081873801056],[77.00001539992746,8.433335020126696],[76.99265378983088,8.433335019814825],[76.98410792037,8.433335019554484],[76.98334873020475,8.433335020176052],[76.98334872971706,8.436081874407435],[76.9833487303189,8.444761924821648],[76.98334873028487,8.4500016901023],[76.98410792040625,8.45000169024866],[76.99265379045212,8.450001689633355],[77.00001540017182,8.450001690364255],[77.00001539995509,8.444761924612534]]]}},{"type":"Feature","properties":{"grid":"N17","height":25,"airport":"Thiruvananthapuram"},"geometry":{"type":"Polygon","coordinates":[[[77.01668206993817,8.44476192523705],[77.01668207031757,8.436081873838168],[77.01668206996798,8.433335020036687],[77.00974553204074,8.433335020147135],[77.00119966105271,8.433335019709267],[77.00001539992746,8.433335020126696],[77.00001540030766,8.436081873801056],[77.00001539995509,8.444761924612534],[77.00001540017182,8.450001690364255],[77.0011996613679,8.450001690106669],[77.00974553205283,8.450001689861413],[77.01668207041007,8.450001690127747],[77.01668206993817,8.44476192523705]]]}},{"type":"Feature","properties":{"grid":"N18","height":25,"airport":"Thiruvananthapuram"},"geometry":{"type":"Polygon","coordinates":[[[77.03334873980494,8.444761924853852],[77.03334874019599,8.436081873576843],[77.03334873987222,8.433335019872704],[77.02683727256708,8.433335019925837],[77.01829140260674,8.433335020220598],[77.01668206996798,8.433335020036687],[77.01668207031757,8.436081873838168],[77.01668206993817,8.44476192523705],[77.01668207041007,8.450001690127747],[77.01829140323588,8.450001689793043],[77.02683727291769,8.450001689907028],[77.03334873964258,8.450001690268042],[77.03334873980494,8.444761924853852]]]}},{"type":"Feature","properties":{"grid":"N19","height":25,"airport":"Thiruvananthapuram"},"geometry":{"type":"Polygon","coordinates":[[[77.05001541001873,8.444761925232543],[77.05001541040141,8.43608187388272],[77.05001541009389,8.433335019596438],[77.0439290153929,8.433335019995791],[77.03538314355859,8.433335020153546],[77.03334873987222,8.433335019872704],[77.03334874019599,8.436081873576843],[77.03334873980494,8.444761924853852],[77.03334873964258,8.450001690268042],[77.03538314363843,8.450001690185438],[77.0439290152097,8.450001689720311],[77.05001541013452,8.450001689833448],[77.05001541001873,8.444761925232543]]]}},{"type":"Feature","properties":{"grid":"N20","height":145,"airport":"Thiruvananthapuram"},"geometry":{"type":"Polygon","coordinates":[[[77.06668208012081,8.444761925435218],[77.06668207956714,8.43608187382274],[77.0666820801836,8.433335020077962],[77.06102075632575,8.433335020339754],[77.05247488607546,8.433335020362055],[77.05001541009389,8.433335019596438],[77.05001541040141,8.43608187388272],[77.05001541001873,8.444761925232543],[77.05001541013452,8.450001689833448],[77.05247488564167,8.450001690325124],[77.06102075564915,8.450001690183292],[77.06668207962089,8.45000168970339],[77.06668208012081,8.444761925435218]]]}},{"type":"Feature","properties":{"grid":"N21","height":145,"airport":"Thiruvananthapuram"},"geometry":{"type":"Polygon","coordinates":[[[77.08334874965713,8.444761925427718],[77.0833487499673,8.436081874252352],[77.08334874968236,8.433335020379207],[77.07811249843111,8.43333501999843],[77.06956662686798,8.433335019920158],[77.0666820801836,8.433335020077962],[77.06668207956714,8.43608187382274],[77.06668208012081,8.444761925435218],[77.06668207962089,8.45000168970339],[77.06956662686903,8.450001690185246],[77.07811249820989,8.45000169033175],[77.08334875037139,8.450001689829344],[77.08334874965713,8.444761925427718]]]}},{"type":"Feature","properties":{"grid":"N22","height":145,"airport":"Thiruvananthapuram"},"geometry":{"type":"Polygon","coordinates":[[[77.10001541998922,8.444761925165947],[77.10001542023491,8.436081874237932],[77.10001541994659,8.433335019552194],[77.09520423933687,8.433335019848727],[77.08665836901108,8.433335019676237],[77.08334874968236,8.433335020379207],[77.0833487499673,8.436081874252352],[77.08334874965713,8.444761925427718],[77.08334875037139,8.450001689829344],[77.08665836857537,8.45000168971971],[77.09520423869948,8.450001690148166],[77.10001542011629,8.450001690186406],[77.10001541998922,8.444761925165947]]]}},{"type":"Feature","properties":{"grid":"N23","height":145,"airport":"Thiruvananthapuram"},"geometry":{"type":"Polygon","coordinates":[[[77.11668208975502,8.44476192462],[77.1166820899156,8.436081873744813],[77.1166820896287,8.433335020278834],[77.11229598120526,8.433335019839182],[77.10375011012786,8.433335019603078],[77.10001541994659,8.433335019552194],[77.10001542023491,8.436081874237932],[77.10001541998922,8.444761925165947],[77.10001542011629,8.450001690186406],[77.10375011020457,8.450001689795526],[77.11229598109621,8.450001689571346],[77.1166820902123,8.4500016898262],[77.11668208975502,8.44476192462]]]}},{"type":"Feature","properties":{"grid":"O1","height":145,"airport":"Thiruvananthapuram"},"geometry":{"type":"Polygon","coordinates":[[[76.75001535023534,8.427401822751053],[76.75001534975358,8.418721771200028],[76.75001534969032,8.416668349654879],[76.74482353905171,8.416668349855867],[76.7362776676116,8.416668349827654],[76.73334868022533,8.416668350393909],[76.73334868038688,8.418721771356974],[76.73334868012327,8.427401822746974],[76.73334867961874,8.433335019699422],[76.73627766820414,8.433335019580788],[76.74482353926129,8.43333502006328],[76.75001535006835,8.433335019772477],[76.75001535023534,8.427401822751053]]]}},{"type":"Feature","properties":{"grid":"O2","height":145,"airport":"Thiruvananthapuram"},"geometry":{"type":"Polygon","coordinates":[[[76.76668202019226,8.427401822796321],[76.76668201985592,8.41872177088513],[76.76668201989187,8.416668349829719],[76.76191528028207,8.416668350306903],[76.75336940939773,8.416668350019428],[76.75001534969032,8.416668349654879],[76.75001534975358,8.418721771200028],[76.75001535023534,8.427401822751053],[76.75001535006835,8.433335019772477],[76.75336940923088,8.43333502032325],[76.76191527974548,8.43333502034926],[76.76668202037584,8.433335020306238],[76.76668202019226,8.427401822796321]]]}},{"type":"Feature","properties":{"grid":"O3","height":145,"airport":"Thiruvananthapuram"},"geometry":{"type":"Polygon","coordinates":[[[76.78334869044873,8.42740182284957],[76.78334869024458,8.418721771287183],[76.78334869037252,8.41666834998513],[76.7790070220195,8.416668350340014],[76.77046115060912,8.416668349814888],[76.76668201989187,8.416668349829719],[76.76668201985592,8.41872177088513],[76.76668202019226,8.427401822796321],[76.76668202037584,8.433335020306238],[76.7704611506215,8.433335020137894],[76.77900702167545,8.433335019685728],[76.78334869008397,8.433335020367462],[76.78334869044873,8.42740182284957]]]}},{"type":"Feature","properties":{"grid":"O4","height":115,"airport":"Thiruvananthapuram"},"geometry":{"type":"Polygon","coordinates":[[[76.80001535964344,8.42740182288553],[76.80001535954985,8.418721770572771],[76.8000153597708,8.416668350095897],[76.79609876279564,8.416668349928056],[76.78755289159754,8.416668350083004],[76.78334869037252,8.41666834998513],[76.78334869024458,8.418721771287183],[76.78334869044873,8.42740182284957],[76.78334869008397,8.433335020367462],[76.78755289181998,8.433335019897608],[76.79609876268343,8.433335019857722],[76.80001535964745,8.433335019922678],[76.80001535964344,8.42740182288553]]]}},{"type":"Feature","properties":{"grid":"O5","height":115,"airport":"Thiruvananthapuram"},"geometry":{"type":"Polygon","coordinates":[[[76.81668203004693,8.427401822862047],[76.81668203005458,8.418721771412041],[76.81668203035697,8.416668350119933],[76.81319050477808,8.416668349931088],[76.80464463361434,8.416668349879952],[76.8000153597708,8.416668350095897],[76.80001535954985,8.418721770572771],[76.80001535964344,8.42740182288553],[76.80001535964745,8.433335019922678],[76.80464463408222,8.433335019562602],[76.8131905049291,8.433335019917017],[76.81668203043309,8.433335019837875],[76.81668203004693,8.427401822862047]]]}},{"type":"Feature","properties":{"grid":"O6","height":85,"airport":"Thiruvananthapuram"},"geometry":{"type":"Polygon","coordinates":[[[76.83334870029776,8.427401822753255],[76.83334870038463,8.418721771066924],[76.83334869986153,8.41666835003561],[76.83028224559052,8.416668350325567],[76.82173637519534,8.416668350082182],[76.81668203035697,8.416668350119933],[76.81668203005458,8.418721771412041],[76.81668203004693,8.427401822862047],[76.81668203043309,8.433335019837875],[76.82173637503632,8.433335020013477],[76.83028224603633,8.43333501984004],[76.83334870017163,8.433335020091425],[76.83334870029776,8.427401822753255]]]}},{"type":"Feature","properties":{"grid":"O7","height":35,"airport":"Thiruvananthapuram"},"geometry":{"type":"Polygon","coordinates":[[[76.85001536994672,8.427401823433035],[76.8500153700948,8.418721771315385],[76.85001536964663,8.416668349804386],[76.84737398829992,8.416668350158306],[76.83882811668374,8.416668349749413],[76.83334869986153,8.41666835003561],[76.83334870038463,8.418721771066924],[76.83334870029776,8.427401822753255],[76.83334870017163,8.433335020091425],[76.83882811684187,8.433335020301477],[76.84737398816881,8.433335019581872],[76.85001537022137,8.433335019740566],[76.85001536994672,8.427401823433035]]]}},{"type":"Feature","properties":{"grid":"O8","height":35,"airport":"Thiruvananthapuram"},"geometry":{"type":"Polygon","coordinates":[[[76.86668204034756,8.427401823054193],[76.86668203963508,8.41872177121866],[76.86668204017076,8.416668350295451],[76.86446572871824,8.416668350317924],[76.85591985843114,8.416668349749127],[76.85001536964663,8.416668349804386],[76.8500153700948,8.418721771315385],[76.85001536994672,8.427401823433035],[76.85001537022137,8.433335019740566],[76.85591985803057,8.433335020398435],[76.86446572895461,8.433335020022566],[76.86668204013309,8.433335019658818],[76.86668204034756,8.427401823054193]]]}},{"type":"Feature","properties":{"grid":"O9","height":35,"airport":"Thiruvananthapuram"},"geometry":{"type":"Polygon","coordinates":[[[76.88334871014735,8.427401823398316],[76.88334871036746,8.418721770737317],[76.88334871006356,8.41666834967425],[76.88155747082008,8.416668349846148],[76.87301159987695,8.416668350048681],[76.86668204017076,8.416668350295451],[76.86668203963508,8.41872177121866],[76.86668204034756,8.427401823054193],[76.86668204013309,8.433335019658818],[76.87301159985802,8.433335020263064],[76.88155747055293,8.433335020212317],[76.88334871036128,8.433335019811038],[76.88334871014735,8.427401823398316]]]}},{"type":"Feature","properties":{"grid":"O10","height":35,"airport":"Thiruvananthapuram"},"geometry":{"type":"Polygon","coordinates":[[[76.90001537979161,8.427401822621936],[76.90001538002666,8.418721770753004],[76.90001537978776,8.416668349713552],[76.89864921223322,8.416668349622503],[76.89010334136407,8.416668349706745],[76.88334871006356,8.41666834967425],[76.88334871036746,8.418721770737317],[76.88334871014735,8.427401823398316],[76.88334871036128,8.433335019811038],[76.8901033408558,8.433335019866703],[76.89864921240334,8.433335020117893],[76.90001538045234,8.433335020166082],[76.90001537979161,8.427401822621936]]]}},{"type":"Feature","properties":{"grid":"O11","height":25,"airport":"Thiruvananthapuram"},"geometry":{"type":"Polygon","coordinates":[[[76.91668204974772,8.427401823401437],[76.9166820499747,8.418721771225696],[76.91668204979742,8.416668350377622],[76.91574095421268,8.416668349604858],[76.90719508324395,8.416668349589768],[76.90001537978776,8.416668349713552],[76.90001538002666,8.418721770753004],[76.90001537979161,8.427401822621936],[76.90001538045234,8.433335020166082],[76.90719508319174,8.433335020066936],[76.9157409539453,8.433335019705833],[76.91668204994826,8.433335019788604],[76.91668204974772,8.427401823401437]]]}},{"type":"Feature","properties":{"grid":"O12","height":25,"airport":"Thiruvananthapuram"},"geometry":{"type":"Polygon","coordinates":[[[76.93334871954863,8.42740182299307],[76.93334871975314,8.418721771219733],[76.93334871962968,8.416668349826796],[76.93283269528976,8.416668349763913],[76.92428682404794,8.416668349668573],[76.91668204979742,8.416668350377622],[76.9166820499747,8.418721771225696],[76.91668204974772,8.427401823401437],[76.91668204994826,8.433335019788604],[76.92428682357705,8.433335019939356],[76.9328326946227,8.433335019846462],[76.93334872022007,8.433335020446131],[76.93334871954863,8.42740182299307]]]}},{"type":"Feature","properties":{"grid":"O13","height":25,"airport":"Thiruvananthapuram"},"geometry":{"type":"Polygon","coordinates":[[[76.95001538965727,8.427401823168498],[76.95001538981589,8.418721770698806],[76.95001538974724,8.416668349832817],[76.94992443671934,8.416668350056806],[76.94137856593882,8.41666834989605],[76.93334871962968,8.416668349826796],[76.93334871975314,8.418721771219733],[76.93334871954863,8.42740182299307],[76.93334872022007,8.433335020446131],[76.94137856599528,8.433335020331862],[76.94992443659424,8.433335019588302],[76.95001538989716,8.433335020303144],[76.95001538965727,8.427401823168498]]]}},{"type":"Feature","properties":{"grid":"O14","height":25,"airport":"Thiruvananthapuram"},"geometry":{"type":"Polygon","coordinates":[[[76.96668205961524,8.427401822991511],[76.96668205971785,8.418721771438756],[76.96668205969608,8.416668350363501],[76.95847030744774,8.416668350242423],[76.95001538974724,8.416668349832817],[76.95001538981589,8.418721770698806],[76.95001538965727,8.427401823168498],[76.95001538989716,8.433335020303144],[76.95847030715753,8.433335020319591],[76.96668206034596,8.433335020222438],[76.96668205961524,8.427401822991511]]]}},{"type":"Feature","properties":{"grid":"O15","height":25,"airport":"Thiruvananthapuram"},"geometry":{"type":"Polygon","coordinates":[[[76.983348729881,8.427401823329086],[76.98334872989919,8.418721770690574],[76.9833487299208,8.416668349573861],[76.97556204891704,8.41666834976475],[76.96701617794044,8.416668350449175],[76.96668205969608,8.416668350363501],[76.96668205971785,8.418721771438756],[76.96668205961524,8.427401822991511],[76.96668206034596,8.433335020222438],[76.96701617839581,8.433335019805384],[76.97556204922672,8.433335019854464],[76.98334873020475,8.433335020176052],[76.983348729881,8.427401823329086]]]}},{"type":"Feature","properties":{"grid":"O16","height":25,"airport":"Thiruvananthapuram"},"geometry":{"type":"Polygon","coordinates":[[[77.00001539999592,8.427401823244486],[77.0000153999194,8.418721771133573],[77.00001539998088,8.416668350143217],[76.99265378979477,8.416668350236305],[76.98410792020312,8.416668349993332],[76.9833487299208,8.416668349573861],[76.98334872989919,8.418721770690574],[76.983348729881,8.427401823329086],[76.98334873020475,8.433335020176052],[76.98410792037,8.433335019554484],[76.99265378983088,8.433335019814825],[77.00001539992746,8.433335020126696],[77.00001539999592,8.427401823244486]]]}},{"type":"Feature","properties":{"grid":"O17","height":25,"airport":"Thiruvananthapuram"},"geometry":{"type":"Polygon","coordinates":[[[77.01668207041371,8.427401822700073],[77.01668207022293,8.418721770922122],[77.01668207032073,8.416668350225935],[77.00974553223406,8.416668349800187],[77.00119966113509,8.416668349567484],[77.00001539998088,8.416668350143217],[77.0000153999194,8.418721771133573],[77.00001539999592,8.427401823244486],[77.00001539992746,8.433335020126696],[77.00119966105271,8.433335019709267],[77.00974553204074,8.433335020147135],[77.01668206996798,8.433335020036687],[77.01668207041371,8.427401822700073]]]}},{"type":"Feature","properties":{"grid":"O18","height":25,"airport":"Thiruvananthapuram"},"geometry":{"type":"Polygon","coordinates":[[[77.03334873977701,8.427401822571225],[77.03334874036001,8.418721770926963],[77.03334873957809,8.416668349793499],[77.0268372729595,8.416668350242887],[77.0182914029034,8.416668350026601],[77.01668207032073,8.416668350225935],[77.01668207022293,8.418721770922122],[77.01668207041371,8.427401822700073],[77.01668206996798,8.433335020036687],[77.01829140260674,8.433335020220598],[77.02683727256708,8.433335019925837],[77.03334873987222,8.433335019872704],[77.03334873977701,8.427401822571225]]]}},{"type":"Feature","properties":{"grid":"O19","height":25,"airport":"Thiruvananthapuram"},"geometry":{"type":"Polygon","coordinates":[[[77.05001541035521,8.427401822810273],[77.05001540987638,8.41872177111459],[77.05001541002673,8.416668349702292],[77.04392901503171,8.416668349702116],[77.03538314403434,8.416668350435785],[77.03334873957809,8.416668349793499],[77.03334874036001,8.418721770926963],[77.03334873977701,8.427401822571225],[77.03334873987222,8.433335019872704],[77.03538314355859,8.433335020153546],[77.0439290153929,8.433335019995791],[77.05001541009389,8.433335019596438],[77.05001541035521,8.427401822810273]]]}},{"type":"Feature","properties":{"grid":"O20","height":25,"airport":"Thiruvananthapuram"},"geometry":{"type":"Polygon","coordinates":[[[77.06668207987838,8.42740182339282],[77.06668208013322,8.418721771441717],[77.06668208030437,8.41666834992313],[77.06102075608317,8.416668349959235],[77.05247488577744,8.416668349845892],[77.05001541002673,8.416668349702292],[77.05001540987638,8.41872177111459],[77.05001541035521,8.427401822810273],[77.05001541009389,8.433335019596438],[77.05247488607546,8.433335020362055],[77.06102075632575,8.433335020339754],[77.0666820801836,8.433335020077962],[77.06668207987838,8.42740182339282]]]}},{"type":"Feature","properties":{"grid":"O21","height":145,"airport":"Thiruvananthapuram"},"geometry":{"type":"Polygon","coordinates":[[[77.083348749703,8.42740182337127],[77.0833487497634,8.418721770975074],[77.08334874995654,8.416668350421975],[77.07811249827111,8.416668350059739],[77.069566626673,8.416668350033449],[77.06668208030437,8.41666834992313],[77.06668208013322,8.418721771441717],[77.06668207987838,8.42740182339282],[77.0666820801836,8.433335020077962],[77.06956662686798,8.433335019920158],[77.07811249843111,8.43333501999843],[77.08334874968236,8.433335020379207],[77.083348749703,8.42740182337127]]]}},{"type":"Feature","properties":{"grid":"O22","height":145,"airport":"Thiruvananthapuram"},"geometry":{"type":"Polygon","coordinates":[[[77.1000154202824,8.427401822706392],[77.10001542013276,8.418721770574615],[77.10001542033939,8.41666835025092],[77.09520423921842,8.416668349976609],[77.0866583688782,8.416668350043714],[77.08334874995654,8.416668350421975],[77.0833487497634,8.418721770975074],[77.083348749703,8.42740182337127],[77.08334874968236,8.433335020379207],[77.08665836901108,8.433335019676237],[77.09520423933687,8.433335019848727],[77.10001541994659,8.433335019552194],[77.1000154202824,8.427401822706392]]]}},{"type":"Feature","properties":{"grid":"O23","height":145,"airport":"Thiruvananthapuram"},"geometry":{"type":"Polygon","coordinates":[[[77.11668209026404,8.427401823176178],[77.11668208988375,8.418721771114447],[77.11668209009528,8.416668350284075],[77.11229598108689,8.416668349658535],[77.10375011001588,8.41666834984957],[77.10001542033939,8.41666835025092],[77.10001542013276,8.418721770574615],[77.1000154202824,8.427401822706392],[77.10001541994659,8.433335019552194],[77.10375011012786,8.433335019603078],[77.11229598120526,8.433335019839182],[77.1166820896287,8.433335020278834],[77.11668209026404,8.427401823176178]]]}},{"type":"Feature","properties":{"grid":"P1","height":145,"airport":"Thiruvananthapuram"},"geometry":{"type":"Polygon","coordinates":[[[76.75001535015834,8.410041719794142],[76.7500153496386,8.40136166944905],[76.7500153503431,8.400001680313796],[76.74482353943557,8.400001680419154],[76.73627766779649,8.400001679927517],[76.73334868045056,8.400001680038024],[76.73334867970802,8.401361669012728],[76.73334868024817,8.410041720111067],[76.73334868022533,8.416668350393909],[76.7362776676116,8.416668349827654],[76.74482353905171,8.416668349855867],[76.75001534969032,8.416668349654879],[76.75001535015834,8.410041719794142]]]}},{"type":"Feature","properties":{"grid":"P2","height":145,"airport":"Thiruvananthapuram"},"geometry":{"type":"Polygon","coordinates":[[[76.7666820198831,8.410041720032321],[76.76668202027054,8.40136166933728],[76.76668202002702,8.400001680156677],[76.7619152801241,8.40000168016259],[76.75336940905801,8.400001679599884],[76.7500153503431,8.400001680313796],[76.7500153496386,8.40136166944905],[76.75001535015834,8.410041719794142],[76.75001534969032,8.416668349654879],[76.75336940939773,8.416668350019428],[76.76191528028207,8.416668350306903],[76.76668201989187,8.416668349829719],[76.7666820198831,8.410041720032321]]]}},{"type":"Feature","properties":{"grid":"P3","height":145,"airport":"Thiruvananthapuram"},"geometry":{"type":"Polygon","coordinates":[[[76.78334868987277,8.410041719888358],[76.78334869024211,8.40136166865242],[76.78334868996055,8.400001680437644],[76.77900702219688,8.400001680011863],[76.7704611506263,8.400001680303765],[76.76668202002702,8.400001680156677],[76.76668202027054,8.40136166933728],[76.7666820198831,8.410041720032321],[76.76668201989187,8.416668349829719],[76.77046115060912,8.416668349814888],[76.7790070220195,8.416668350340014],[76.78334869037252,8.41666834998513],[76.78334868987277,8.410041719888358]]]}},{"type":"Feature","properties":{"grid":"P4","height":145,"airport":"Thiruvananthapuram"},"geometry":{"type":"Polygon","coordinates":[[[76.80001535967784,8.410041720236961],[76.80001536001573,8.401361669169283],[76.8000153596858,8.400001680223259],[76.79609876327743,8.400001679943832],[76.7875528919326,8.400001680199864],[76.78334868996055,8.400001680437644],[76.78334869024211,8.40136166865242],[76.78334868987277,8.410041719888358],[76.78334869037252,8.41666834998513],[76.78755289159754,8.416668350083004],[76.79609876279564,8.416668349928056],[76.8000153597708,8.416668350095897],[76.80001535967784,8.410041720236961]]]}},{"type":"Feature","properties":{"grid":"P5","height":115,"airport":"Thiruvananthapuram"},"geometry":{"type":"Polygon","coordinates":[[[76.8166820297484,8.410041720140258],[76.81668203003724,8.401361669045947],[76.816682029661,8.400001680383891],[76.81319050462092,8.400001679918786],[76.80464463423613,8.400001680152648],[76.8000153596858,8.400001680223259],[76.80001536001573,8.401361669169283],[76.80001535967784,8.410041720236961],[76.8000153597708,8.416668350095897],[76.80464463361434,8.416668349879952],[76.81319050477808,8.416668349931088],[76.81668203035697,8.416668350119933],[76.8166820297484,8.410041720140258]]]}},{"type":"Feature","properties":{"grid":"P6","height":115,"airport":"Thiruvananthapuram"},"geometry":{"type":"Polygon","coordinates":[[[76.83334869963068,8.410041719568351],[76.83334869985691,8.401361669156591],[76.83334870033586,8.400001679981308],[76.83028224566655,8.400001679904886],[76.82173637516033,8.400001680138722],[76.816682029661,8.400001680383891],[76.81668203003724,8.401361669045947],[76.8166820297484,8.410041720140258],[76.81668203035697,8.416668350119933],[76.82173637519534,8.416668350082182],[76.83028224559052,8.416668350325567],[76.83334869986153,8.41666835003561],[76.83334869963068,8.410041719568351]]]}},{"type":"Feature","properties":{"grid":"P7","height":85,"airport":"Thiruvananthapuram"},"geometry":{"type":"Polygon","coordinates":[[[76.85001536978729,8.410041720294961],[76.85001536992444,8.401361668562766],[76.85001537035282,8.400001679893666],[76.8473739876693,8.400001679861544],[76.83882811686811,8.40000168011362],[76.83334870033586,8.400001679981308],[76.83334869985691,8.401361669156591],[76.83334869963068,8.410041719568351],[76.83334869986153,8.41666835003561],[76.83882811668374,8.416668349749413],[76.84737398829992,8.416668350158306],[76.85001536964663,8.416668349804386],[76.85001536978729,8.410041720294961]]]}},{"type":"Feature","properties":{"grid":"P8","height":35,"airport":"Thiruvananthapuram"},"geometry":{"type":"Polygon","coordinates":[[[76.86668203975158,8.410041719577386],[76.86668203979437,8.40136166904217],[76.86668204016574,8.400001680086326],[76.86446572916036,8.400001679760534],[76.85591985789075,8.400001680049236],[76.85001537035282,8.400001679893666],[76.85001536992444,8.401361668562766],[76.85001536978729,8.410041720294961],[76.85001536964663,8.416668349804386],[76.85591985843114,8.416668349749127],[76.86446572871824,8.416668350317924],[76.86668204017076,8.416668350295451],[76.86668203975158,8.410041719577386]]]}},{"type":"Feature","properties":{"grid":"P9","height":35,"airport":"Thiruvananthapuram"},"geometry":{"type":"Polygon","coordinates":[[[76.88334870999041,8.410041720092785],[76.88334870991196,8.401361668751663],[76.88334871022413,8.4000016796202],[76.8815574713945,8.400001679560535],[76.87301160039091,8.40000167990018],[76.86668204016574,8.400001680086326],[76.86668203979437,8.40136166904217],[76.86668203975158,8.410041719577386],[76.86668204017076,8.416668350295451],[76.87301159987695,8.416668350048681],[76.88155747082008,8.416668349846148],[76.88334871006356,8.41666834967425],[76.88334870999041,8.410041720092785]]]}},{"type":"Feature","properties":{"grid":"P10","height":35,"airport":"Thiruvananthapuram"},"geometry":{"type":"Polygon","coordinates":[[[76.90001538004121,8.410041720002008],[76.9000153798274,8.401361668564304],[76.90001538008251,8.400001680272423],[76.89864921199938,8.400001680141251],[76.890103341084,8.400001679646458],[76.88334871022413,8.4000016796202],[76.88334870991196,8.401361668751663],[76.88334870999041,8.410041720092785],[76.88334871006356,8.41666834967425],[76.89010334136407,8.416668349706745],[76.89864921223322,8.416668349622503],[76.90001537978776,8.416668349713552],[76.90001538004121,8.410041720002008]]]}},{"type":"Feature","properties":{"grid":"P11","height":25,"airport":"Thiruvananthapuram"},"geometry":{"type":"Polygon","coordinates":[[[76.91668205036217,8.410041720173444],[76.9166820499988,8.401361669348491],[76.91668205018586,8.400001680199273],[76.9157409540366,8.400001679643808],[76.90719508304481,8.400001680141571],[76.90001538008251,8.400001680272423],[76.9000153798274,8.401361668564304],[76.90001538004121,8.410041720002008],[76.90001537978776,8.416668349713552],[76.90719508324395,8.416668349589768],[76.91574095421268,8.416668349604858],[76.91668204979742,8.416668350377622],[76.91668205036217,8.410041720173444]]]}},{"type":"Feature","properties":{"grid":"P12","height":25,"airport":"Thiruvananthapuram"},"geometry":{"type":"Polygon","coordinates":[[[76.93334871958687,8.410041719675927],[76.9333487199631,8.401361669264585],[76.93334872008428,8.400001680273217],[76.93283269513807,8.400001679851393],[76.92428682388771,8.400001679552734],[76.91668205018586,8.400001680199273],[76.9166820499988,8.401361669348491],[76.91668205036217,8.410041720173444],[76.91668204979742,8.416668350377622],[76.92428682404794,8.416668349668573],[76.93283269528976,8.416668349763913],[76.93334871962968,8.416668349826796],[76.93334871958687,8.410041719675927]]]}},{"type":"Feature","properties":{"grid":"P13","height":25,"airport":"Thiruvananthapuram"},"geometry":{"type":"Polygon","coordinates":[[[76.95001538999375,8.410041720272327],[76.95001539017828,8.401361669180403],[76.95001539022681,8.400001679554007],[76.94992443655387,8.400001679817192],[76.94137856578391,8.40000167964092],[76.93334872008428,8.400001680273217],[76.9333487199631,8.401361669264585],[76.93334871958687,8.410041719675927],[76.93334871962968,8.416668349826796],[76.94137856593882,8.41666834989605],[76.94992443671934,8.416668350056806],[76.95001538974724,8.416668349832817],[76.95001538999375,8.410041720272327]]]}},{"type":"Feature","properties":{"grid":"P14","height":25,"airport":"Thiruvananthapuram"},"geometry":{"type":"Polygon","coordinates":[[[76.96668206021172,8.410041720126877],[76.96668206018997,8.401361669063789],[76.96668206016807,8.40000167981756],[76.95847030726438,8.400001680376448],[76.95001539022681,8.400001679554007],[76.95001539017828,8.401361669180403],[76.95001538999375,8.410041720272327],[76.95001538974724,8.416668349832817],[76.95847030744774,8.416668350242423],[76.96668205969608,8.416668350363501],[76.96668206021172,8.410041720126877]]]}},{"type":"Feature","properties":{"grid":"P15","height":25,"airport":"Thiruvananthapuram"},"geometry":{"type":"Polygon","coordinates":[[[76.98334872979105,8.410041720111238],[76.98334873045155,8.401361668877886],[76.98334873035697,8.40000168012298],[76.9755620486666,8.40000167991241],[76.96701617772725,8.400001680410956],[76.96668206016807,8.40000167981756],[76.96668206018997,8.401361669063789],[76.96668206021172,8.410041720126877],[76.96668205969608,8.416668350363501],[76.96701617794044,8.416668350449175],[76.97556204891704,8.41666834976475],[76.9833487299208,8.416668349573861],[76.98334872979105,8.410041720111238]]]}},{"type":"Feature","properties":{"grid":"P16","height":25,"airport":"Thiruvananthapuram"},"geometry":{"type":"Polygon","coordinates":[[[77.00001540009306,8.410041720183617],[77.00001539960077,8.401361668594634],[77.00001540033901,8.400001680437601],[76.99265379034603,8.400001680017585],[76.98410791990334,8.400001679781038],[76.98334873035697,8.40000168012298],[76.98334873045155,8.401361668877886],[76.98334872979105,8.410041720111238],[76.9833487299208,8.416668349573861],[76.98410792020312,8.416668349993332],[76.99265378979477,8.416668350236305],[77.00001539998088,8.416668350143217],[77.00001540009306,8.410041720183617]]]}},{"type":"Feature","properties":{"grid":"P17","height":25,"airport":"Thiruvananthapuram"},"geometry":{"type":"Polygon","coordinates":[[[77.01668206975557,8.410041720315627],[77.01668206991113,8.401361669071317],[77.016682069655,8.400001679824584],[77.00974553173667,8.400001679752934],[77.00119966071424,8.400001679709712],[77.00001540033901,8.400001680437601],[77.00001539960077,8.401361668594634],[77.00001540009306,8.410041720183617],[77.00001539998088,8.416668350143217],[77.00119966113509,8.416668349567484],[77.00974553223406,8.416668349800187],[77.01668207032073,8.416668350225935],[77.01668206975557,8.410041720315627]]]}},{"type":"Feature","properties":{"grid":"P18","height":25,"airport":"Thiruvananthapuram"},"geometry":{"type":"Polygon","coordinates":[[[77.03334874013504,8.410041719560786],[77.03334874001564,8.4013616693753],[77.03334873967518,8.400001680049415],[77.02683727318944,8.400001679982557],[77.01829140322972,8.400001680143399],[77.016682069655,8.400001679824584],[77.01668206991113,8.401361669071317],[77.01668206975557,8.410041720315627],[77.01668207032073,8.416668350225935],[77.0182914029034,8.416668350026601],[77.0268372729595,8.416668350242887],[77.03334873957809,8.416668349793499],[77.03334874013504,8.410041719560786]]]}},{"type":"Feature","properties":{"grid":"P19","height":25,"airport":"Thiruvananthapuram"},"geometry":{"type":"Polygon","coordinates":[[[77.05001540987851,8.410041719698205],[77.0500154103626,8.401361668564478],[77.05001540994019,8.4000016801746],[77.04392901504588,8.400001679762145],[77.03538314416022,8.400001680156548],[77.03334873967518,8.400001680049415],[77.03334874001564,8.4013616693753],[77.03334874013504,8.410041719560786],[77.03334873957809,8.416668349793499],[77.03538314403434,8.416668350435785],[77.04392901503171,8.416668349702116],[77.05001541002673,8.416668349702292],[77.05001540987851,8.410041719698205]]]}},{"type":"Feature","properties":{"grid":"P20","height":25,"airport":"Thiruvananthapuram"},"geometry":{"type":"Polygon","coordinates":[[[77.06668208034233,8.410041719780692],[77.06668207960378,8.401361669321727],[77.06668207999529,8.400001680166373],[77.06102075584123,8.400001679964507],[77.05247488566742,8.400001679699447],[77.05001540994019,8.4000016801746],[77.0500154103626,8.401361668564478],[77.05001540987851,8.410041719698205],[77.05001541002673,8.416668349702292],[77.05247488577744,8.416668349845892],[77.06102075608317,8.416668349959235],[77.06668208030437,8.41666834992313],[77.06668208034233,8.410041719780692]]]}},{"type":"Feature","properties":{"grid":"P21","height":25,"airport":"Thiruvananthapuram"},"geometry":{"type":"Polygon","coordinates":[[[77.08334875016408,8.410041719778889],[77.0833487499934,8.401361668886933],[77.0833487502934,8.400001679985975],[77.07811249773233,8.40000167963526],[77.06956662719435,8.400001679639946],[77.06668207999529,8.400001680166373],[77.06668207960378,8.401361669321727],[77.06668208034233,8.410041719780692],[77.06668208030437,8.41666834992313],[77.069566626673,8.416668350033449],[77.07811249827111,8.416668350059739],[77.08334874995654,8.416668350421975],[77.08334875016408,8.410041719778889]]]}},{"type":"Feature","properties":{"grid":"P22","height":145,"airport":"Thiruvananthapuram"},"geometry":{"type":"Polygon","coordinates":[[[77.10001541979679,8.41004171965376],[77.1000154201784,8.401361669038385],[77.1000154203796,8.40000167959907],[77.0952042392544,8.40000167964652],[77.08665836908703,8.40000167993688],[77.0833487502934,8.400001679985975],[77.0833487499934,8.401361668886933],[77.08334875016408,8.410041719778889],[77.08334874995654,8.416668350421975],[77.0866583688782,8.416668350043714],[77.09520423921842,8.416668349976609],[77.10001542033939,8.41666835025092],[77.10001541979679,8.41004171965376]]]}},{"type":"Feature","properties":{"grid":"P23","height":145,"airport":"Thiruvananthapuram"},"geometry":{"type":"Polygon","coordinates":[[[77.11668208969834,8.410041720269765],[77.11668208969901,8.401361668837628],[77.11668208980387,8.400001679875109],[77.11229598075337,8.400001679956707],[77.1037501098711,8.40000167965448],[77.1000154203796,8.40000167959907],[77.1000154201784,8.401361669038385],[77.10001541979679,8.41004171965376],[77.10001542033939,8.41666835025092],[77.10375011001588,8.41666834984957],[77.11229598108689,8.416668349658535],[77.11668209009528,8.416668350284075],[77.11668208969834,8.410041720269765]]]}},{"type":"Feature","properties":{"grid":"Q1","height":145,"airport":"Thiruvananthapuram"},"geometry":{"type":"Polygon","coordinates":[[[76.75001535000301,8.392681618351926],[76.75001535034852,8.384001567414403],[76.75001535020881,8.38333500997369],[76.744823538595,8.383335009977547],[76.73627766785685,8.383335009909022],[76.73334868030453,8.383335009560493],[76.7333486801506,8.384001567260697],[76.73334867967522,8.392681618061447],[76.73334868045056,8.400001680038024],[76.73627766779649,8.400001679927517],[76.74482353943557,8.400001680419154],[76.7500153503431,8.400001680313796],[76.75001535000301,8.392681618351926]]]}},{"type":"Feature","properties":{"grid":"Q2","height":145,"airport":"Thiruvananthapuram"},"geometry":{"type":"Polygon","coordinates":[[[76.76668202010708,8.39268161790341],[76.76668202030561,8.384001566634232],[76.76668201987538,8.383335010411617],[76.76191528018568,8.383335009936804],[76.75336940912985,8.383335009989267],[76.75001535020881,8.38333500997369],[76.75001535034852,8.384001567414403],[76.75001535000301,8.392681618351926],[76.7500153503431,8.400001680313796],[76.75336940905801,8.400001679599884],[76.7619152801241,8.40000168016259],[76.76668202002702,8.400001680156677],[76.76668202010708,8.39268161790341]]]}},{"type":"Feature","properties":{"grid":"Q3","height":145,"airport":"Thiruvananthapuram"},"geometry":{"type":"Polygon","coordinates":[[[76.78334869044551,8.392681617586945],[76.783348689576,8.384001566699489],[76.78334868975399,8.383335009937127],[76.77900702221797,8.383335009629816],[76.770461150671,8.383335009820822],[76.76668201987538,8.383335010411617],[76.76668202030561,8.384001566634232],[76.76668202010708,8.39268161790341],[76.76668202002702,8.400001680156677],[76.7704611506263,8.400001680303765],[76.77900702219688,8.400001680011863],[76.78334868996055,8.400001680437644],[76.78334869044551,8.392681617586945]]]}},{"type":"Feature","properties":{"grid":"Q4","height":145,"airport":"Thiruvananthapuram"},"geometry":{"type":"Polygon","coordinates":[[[76.80001535966069,8.392681618281435],[76.80001536042523,8.384001566664452],[76.80001536030665,8.38333501032502],[76.79609876322716,8.383335009933628],[76.78755289192348,8.38333501027676],[76.78334868975399,8.383335009937127],[76.783348689576,8.384001566699489],[76.78334869044551,8.392681617586945],[76.78334868996055,8.400001680437644],[76.7875528919326,8.400001680199864],[76.79609876327743,8.400001679943832],[76.8000153596858,8.400001680223259],[76.80001535966069,8.392681618281435]]]}},{"type":"Feature","properties":{"grid":"Q5","height":115,"airport":"Thiruvananthapuram"},"geometry":{"type":"Polygon","coordinates":[[[76.81668203001405,8.392681618136725],[76.81668202967971,8.384001567416034],[76.81668203016305,8.383335009741666],[76.81319050537178,8.383335009900325],[76.80464463413797,8.383335010413402],[76.80001536030665,8.38333501032502],[76.80001536042523,8.384001566664452],[76.80001535966069,8.392681618281435],[76.8000153596858,8.400001680223259],[76.80464463423613,8.400001680152648],[76.81319050462092,8.400001679918786],[76.816682029661,8.400001680383891],[76.81668203001405,8.392681618136725]]]}},{"type":"Feature","properties":{"grid":"Q6","height":115,"airport":"Thiruvananthapuram"},"geometry":{"type":"Polygon","coordinates":[[[76.83334870014777,8.392681618031158],[76.83334869960056,8.384001567103782],[76.83334869978526,8.38333500996128],[76.83028224627921,8.383335010410514],[76.82173637493766,8.383335010207464],[76.81668203016305,8.383335009741666],[76.81668202967971,8.384001567416034],[76.81668203001405,8.392681618136725],[76.816682029661,8.400001680383891],[76.82173637516033,8.400001680138722],[76.83028224566655,8.400001679904886],[76.83334870033586,8.400001679981308],[76.83334870014777,8.392681618031158]]]}},{"type":"Feature","properties":{"grid":"Q7","height":115,"airport":"Thiruvananthapuram"},"geometry":{"type":"Polygon","coordinates":[[[76.8500153696078,8.392681617934649],[76.85001536973763,8.384001566601656],[76.8500153696227,8.383335010045514],[76.84737398810341,8.383335009611416],[76.83882811739285,8.383335009610281],[76.83334869978526,8.38333500996128],[76.83334869960056,8.384001567103782],[76.83334870014777,8.392681618031158],[76.83334870033586,8.400001679981308],[76.83882811686811,8.40000168011362],[76.8473739876693,8.400001679861544],[76.85001537035282,8.400001679893666],[76.8500153696078,8.392681617934649]]]}},{"type":"Feature","properties":{"grid":"Q8","height":85,"airport":"Thiruvananthapuram"},"geometry":{"type":"Polygon","coordinates":[[[76.86668203975574,8.392681617808316],[76.86668203964093,8.384001566783297],[76.86668204012888,8.383335009959673],[76.86446572938813,8.38333501018705],[76.85591985822735,8.383335010410402],[76.8500153696227,8.383335010045514],[76.85001536973763,8.384001566601656],[76.8500153696078,8.392681617934649],[76.85001537035282,8.400001679893666],[76.85591985789075,8.400001680049236],[76.86446572916036,8.400001679760534],[76.86668204016574,8.400001680086326],[76.86668203975574,8.392681617808316]]]}},{"type":"Feature","properties":{"grid":"Q9","height":35,"airport":"Thiruvananthapuram"},"geometry":{"type":"Polygon","coordinates":[[[76.88334871013735,8.392681617621399],[76.8833487097597,8.384001566709742],[76.8833487099416,8.383335009677404],[76.88155747137922,8.383335010288055],[76.87301159959068,8.383335009850423],[76.86668204012888,8.383335009959673],[76.86668203964093,8.384001566783297],[76.86668203975574,8.392681617808316],[76.86668204016574,8.400001680086326],[76.87301160039091,8.40000167990018],[76.8815574713945,8.400001679560535],[76.88334871022413,8.4000016796202],[76.88334871013735,8.392681617621399]]]}},{"type":"Feature","properties":{"grid":"Q10","height":35,"airport":"Thiruvananthapuram"},"geometry":{"type":"Polygon","coordinates":[[[76.9000153803028,8.392681618246964],[76.90001537964388,8.384001567254085],[76.90001538042648,8.383335010063153],[76.89864921169969,8.383335009890146],[76.89010334093011,8.383335009705595],[76.8833487099416,8.383335009677404],[76.8833487097597,8.384001566709742],[76.88334871013735,8.392681617621399],[76.88334871022413,8.4000016796202],[76.890103341084,8.400001679646458],[76.89864921199938,8.400001680141251],[76.90001538008251,8.400001680272423],[76.9000153803028,8.392681618246964]]]}},{"type":"Feature","properties":{"grid":"Q11","height":35,"airport":"Thiruvananthapuram"},"geometry":{"type":"Polygon","coordinates":[[[76.91668204978896,8.392681617845755],[76.91668204973804,8.38400156657269],[76.91668205021685,8.383335010186054],[76.9157409543316,8.383335009842288],[76.90719508259215,8.383335009938403],[76.90001538042648,8.383335010063153],[76.90001537964388,8.384001567254085],[76.9000153803028,8.392681618246964],[76.90001538008251,8.400001680272423],[76.90719508304481,8.400001680141571],[76.9157409540366,8.400001679643808],[76.91668205018586,8.400001680199273],[76.91668204978896,8.392681617845755]]]}},{"type":"Feature","properties":{"grid":"Q12","height":25,"airport":"Thiruvananthapuram"},"geometry":{"type":"Polygon","coordinates":[[[76.93334871996598,8.392681618185541],[76.93334871960091,8.38400156734618],[76.93334871976597,8.383335010010269],[76.93283269508231,8.383335010128405],[76.92428682401098,8.383335009611388],[76.91668205021685,8.383335010186054],[76.91668204973804,8.38400156657269],[76.91668204978896,8.392681617845755],[76.91668205018586,8.400001680199273],[76.92428682388771,8.400001679552734],[76.93283269513807,8.400001679851393],[76.93334872008428,8.400001680273217],[76.93334871996598,8.392681618185541]]]}},{"type":"Feature","properties":{"grid":"Q13","height":25,"airport":"Thiruvananthapuram"},"geometry":{"type":"Polygon","coordinates":[[[76.95001539037494,8.392681618330426],[76.9500153896724,8.384001566826262],[76.95001539043932,8.383335010399165],[76.94992443701703,8.383335009792926],[76.94137856644517,8.38333500958599],[76.93334871976597,8.383335010010269],[76.93334871960091,8.38400156734618],[76.93334871996598,8.392681618185541],[76.93334872008428,8.400001680273217],[76.94137856578391,8.40000167964092],[76.94992443655387,8.400001679817192],[76.95001539022681,8.400001679554007],[76.95001539037494,8.392681618330426]]]}},{"type":"Feature","properties":{"grid":"Q14","height":25,"airport":"Thiruvananthapuram"},"geometry":{"type":"Polygon","coordinates":[[[76.96668205965358,8.39268161825288],[76.96668206041456,8.384001566784441],[76.96668205996218,8.383335010425622],[76.95847030660978,8.383335009841547],[76.95001539043932,8.383335010399165],[76.9500153896724,8.384001566826262],[76.95001539037494,8.392681618330426],[76.95001539022681,8.400001679554007],[76.95847030726438,8.400001680376448],[76.96668206016807,8.40000167981756],[76.96668205965358,8.39268161825288]]]}},{"type":"Feature","properties":{"grid":"Q15","height":25,"airport":"Thiruvananthapuram"},"geometry":{"type":"Polygon","coordinates":[[[76.98334873007065,8.392681617907023],[76.98334872955715,8.384001567197455],[76.98334872969538,8.383335010048398],[76.97556204938999,8.383335010316781],[76.96701617776309,8.38333500971459],[76.96668205996218,8.383335010425622],[76.96668206041456,8.384001566784441],[76.96668205965358,8.39268161825288],[76.96668206016807,8.40000167981756],[76.96701617772725,8.400001680410956],[76.9755620486666,8.40000167991241],[76.98334873035697,8.40000168012298],[76.98334873007065,8.392681617907023]]]}},{"type":"Feature","properties":{"grid":"Q16","height":25,"airport":"Thiruvananthapuram"},"geometry":{"type":"Polygon","coordinates":[[[77.00001540026835,8.392681618168739],[77.00001540027198,8.384001567110532],[77.00001540009643,8.38333501013427],[76.99265378968067,8.383335010095674],[76.98410792038997,8.383335009840861],[76.98334872969538,8.383335010048398],[76.98334872955715,8.384001567197455],[76.98334873007065,8.392681617907023],[76.98334873035697,8.40000168012298],[76.98410791990334,8.400001679781038],[76.99265379034603,8.400001680017585],[77.00001540033901,8.400001680437601],[77.00001540026835,8.392681618168739]]]}},{"type":"Feature","properties":{"grid":"Q17","height":25,"airport":"Thiruvananthapuram"},"geometry":{"type":"Polygon","coordinates":[[[77.01668206978744,8.392681618101177],[77.01668207029326,8.384001567403914],[77.01668206979815,8.383335009751004],[77.0097455323712,8.383335010019874],[77.00119966070491,8.383335010155108],[77.00001540009643,8.38333501013427],[77.00001540027198,8.384001567110532],[77.00001540026835,8.392681618168739],[77.00001540033901,8.400001680437601],[77.00119966071424,8.400001679709712],[77.00974553173667,8.400001679752934],[77.016682069655,8.400001679824584],[77.01668206978744,8.392681618101177]]]}},{"type":"Feature","properties":{"grid":"Q18","height":25,"airport":"Thiruvananthapuram"},"geometry":{"type":"Polygon","coordinates":[[[77.03334873998865,8.392681617661928],[77.03334874006921,8.384001567135936],[77.03334874016579,8.383335009760168],[77.02683727326874,8.38333501007254],[77.0182914026803,8.38333500969539],[77.01668206979815,8.383335009751004],[77.01668207029326,8.384001567403914],[77.01668206978744,8.392681618101177],[77.016682069655,8.400001679824584],[77.01829140322972,8.400001680143399],[77.02683727318944,8.400001679982557],[77.03334873967518,8.400001680049415],[77.03334873998865,8.392681617661928]]]}},{"type":"Feature","properties":{"grid":"Q19","height":25,"airport":"Thiruvananthapuram"},"geometry":{"type":"Polygon","coordinates":[[[77.05001541042185,8.392681617721443],[77.05001541005733,8.38400156717248],[77.05001540983669,8.38333501013303],[77.04392901544243,8.38333501019954],[77.03538314394811,8.383335010243448],[77.03334874016579,8.383335009760168],[77.03334874006921,8.384001567135936],[77.03334873998865,8.392681617661928],[77.03334873967518,8.400001680049415],[77.03538314416022,8.400001680156548],[77.04392901504588,8.400001679762145],[77.05001540994019,8.4000016801746],[77.05001541042185,8.392681617721443]]]}},{"type":"Feature","properties":{"grid":"Q20","height":25,"airport":"Thiruvananthapuram"},"geometry":{"type":"Polygon","coordinates":[[[77.0666820797245,8.392681618250764],[77.06668207979779,8.384001566575883],[77.06668208016656,8.383335009922554],[77.06102075560713,8.383335010379133],[77.05247488575252,8.383335009946316],[77.05001540983669,8.38333501013303],[77.05001541005733,8.38400156717248],[77.05001541042185,8.392681617721443],[77.05001540994019,8.4000016801746],[77.05247488566742,8.400001679699447],[77.06102075584123,8.400001679964507],[77.06668207999529,8.400001680166373],[77.0666820797245,8.392681618250764]]]}},{"type":"Feature","properties":{"grid":"Q21","height":25,"airport":"Thiruvananthapuram"},"geometry":{"type":"Polygon","coordinates":[[[77.08334875016017,8.392681618297697],[77.08334874975283,8.38400156711537],[77.08334874979728,8.383335010003433],[77.07811249773466,8.383335009647611],[77.0695666266285,8.38333500967668],[77.06668208016656,8.383335009922554],[77.06668207979779,8.384001566575883],[77.0666820797245,8.392681618250764],[77.06668207999529,8.400001680166373],[77.06956662719435,8.400001679639946],[77.07811249773233,8.40000167963526],[77.0833487502934,8.400001679985975],[77.08334875016017,8.392681618297697]]]}},{"type":"Feature","properties":{"grid":"Q22","height":25,"airport":"Thiruvananthapuram"},"geometry":{"type":"Polygon","coordinates":[[[77.10001542036596,8.392681617832705],[77.10001542036545,8.384001566943974],[77.10001542008922,8.383335010331901],[77.0952042385493,8.383335009790652],[77.08665836874195,8.383335010287947],[77.08334874979728,8.383335010003433],[77.08334874975283,8.38400156711537],[77.08334875016017,8.392681618297697],[77.0833487502934,8.400001679985975],[77.08665836908703,8.40000167993688],[77.0952042392544,8.40000167964652],[77.1000154203796,8.40000167959907],[77.10001542036596,8.392681617832705]]]}},{"type":"Feature","properties":{"grid":"Q23","height":145,"airport":"Thiruvananthapuram"},"geometry":{"type":"Polygon","coordinates":[[[77.11668208989173,8.392681617725238],[77.1166820902775,8.384001566935902],[77.11668208967455,8.383335009974303],[77.11229598111497,8.38333500984831],[77.10375010970573,8.383335009945162],[77.10001542008922,8.383335010331901],[77.10001542036545,8.384001566943974],[77.10001542036596,8.392681617832705],[77.1000154203796,8.40000167959907],[77.1037501098711,8.40000167965448],[77.11229598075337,8.400001679956707],[77.11668208980387,8.400001679875109],[77.11668208989173,8.392681617725238]]]}},{"type":"Feature","properties":{"grid":"R1","height":145,"airport":"Thiruvananthapuram"},"geometry":{"type":"Polygon","coordinates":[[[76.75001534976408,8.375321515739849],[76.75001535020553,8.36666833955919],[76.74482353926787,8.366668340351826],[76.73627766779876,8.366668339796762],[76.73334867979732,8.366668339890053],[76.7333486802231,8.375321515713825],[76.73334868030453,8.383335009560493],[76.73627766785685,8.383335009909022],[76.744823538595,8.383335009977547],[76.75001535020881,8.38333500997369],[76.75001534976408,8.375321515739849]]]}},{"type":"Feature","properties":{"grid":"R2","height":145,"airport":"Thiruvananthapuram"},"geometry":{"type":"Polygon","coordinates":[[[76.76668201996317,8.375321516441389],[76.76668202034692,8.366668339710909],[76.76191527956507,8.366668339658094],[76.75336940870739,8.36666834031206],[76.75001535020553,8.36666833955919],[76.75001534976408,8.375321515739849],[76.75001535020881,8.38333500997369],[76.75336940912985,8.383335009989267],[76.76191528018568,8.383335009936804],[76.76668201987538,8.383335010411617],[76.76668201996317,8.375321516441389]]]}},{"type":"Feature","properties":{"grid":"R3","height":145,"airport":"Thiruvananthapuram"},"geometry":{"type":"Polygon","coordinates":[[[76.78334869035808,8.375321515981213],[76.78334868976728,8.36666834031629],[76.77900702209308,8.366668340122486],[76.77046115075757,8.366668340198771],[76.76668202034692,8.366668339710909],[76.76668201996317,8.375321516441389],[76.76668201987538,8.383335010411617],[76.770461150671,8.383335009820822],[76.77900702221797,8.383335009629816],[76.78334868975399,8.383335009937127],[76.78334869035808,8.375321515981213]]]}},{"type":"Feature","properties":{"grid":"R4","height":145,"airport":"Thiruvananthapuram"},"geometry":{"type":"Polygon","coordinates":[[[76.80001535959491,8.375321516142442],[76.80001535982382,8.366668340433893],[76.79609876265116,8.366668339921882],[76.78755289157641,8.366668340338142],[76.78334868976728,8.36666834031629],[76.78334869035808,8.375321515981213],[76.78334868975399,8.383335009937127],[76.78755289192348,8.38333501027676],[76.79609876322716,8.383335009933628],[76.80001536030665,8.38333501032502],[76.80001535959491,8.375321516142442]]]}},{"type":"Feature","properties":{"grid":"R5","height":145,"airport":"Thiruvananthapuram"},"geometry":{"type":"Polygon","coordinates":[[[76.81668202993886,8.375321515979055],[76.81668203006211,8.366668340034163],[76.81319050522123,8.366668339908454],[76.8046446342299,8.366668339778426],[76.80001535982382,8.366668340433893],[76.80001535959491,8.375321516142442],[76.80001536030665,8.38333501032502],[76.80464463413797,8.383335010413402],[76.81319050537178,8.383335009900325],[76.81668203016305,8.383335009741666],[76.81668202993886,8.375321515979055]]]}},{"type":"Feature","properties":{"grid":"R6","height":115,"airport":"Thiruvananthapuram"},"geometry":{"type":"Polygon","coordinates":[[[76.8333487000319,8.375321516369473],[76.8333487000318,8.366668339991419],[76.83028224561072,8.366668340067045],[76.82173637544152,8.366668340308564],[76.81668203006211,8.366668340034163],[76.81668202993886,8.375321515979055],[76.81668203016305,8.383335009741666],[76.82173637493766,8.383335010207464],[76.83028224627921,8.383335010410514],[76.83334869978526,8.38333500996128],[76.8333487000319,8.375321516369473]]]}},{"type":"Feature","properties":{"grid":"R7","height":115,"airport":"Thiruvananthapuram"},"geometry":{"type":"Polygon","coordinates":[[[76.85001537032333,8.375321516375308],[76.85001537018628,8.366668340271413],[76.84737398779725,8.366668340344757],[76.83882811736498,8.36666834007607],[76.8333487000318,8.366668339991419],[76.8333487000319,8.375321516369473],[76.83334869978526,8.38333500996128],[76.83882811739285,8.383335009610281],[76.84737398810341,8.383335009611416],[76.8500153696227,8.383335010045514],[76.85001537032333,8.375321516375308]]]}},{"type":"Feature","properties":{"grid":"R8","height":115,"airport":"Thiruvananthapuram"},"geometry":{"type":"Polygon","coordinates":[[[76.86668204035868,8.375321515966256],[76.86668204006668,8.366668339939745],[76.86446572939947,8.366668339813573],[76.85591985762743,8.366668339961354],[76.85001537018628,8.366668340271413],[76.85001537032333,8.375321516375308],[76.8500153696227,8.383335010045514],[76.85591985822735,8.383335010410402],[76.86446572938813,8.38333501018705],[76.86668204012888,8.383335009959673],[76.86668204035868,8.375321515966256]]]}},{"type":"Feature","properties":{"grid":"R9","height":115,"airport":"Thiruvananthapuram"},"geometry":{"type":"Polygon","coordinates":[[[76.88334870968774,8.375321516015788],[76.88334871013043,8.366668339865653],[76.88155747077218,8.366668340244775],[76.87301160020634,8.366668339910655],[76.86668204006668,8.366668339939745],[76.86668204035868,8.375321515966256],[76.86668204012888,8.383335009959673],[76.87301159959068,8.383335009850423],[76.88155747137922,8.383335010288055],[76.8833487099416,8.383335009677404],[76.88334870968774,8.375321516015788]]]}},{"type":"Feature","properties":{"grid":"R10","height":85,"airport":"Thiruvananthapuram"},"geometry":{"type":"Polygon","coordinates":[[[76.90001537966725,8.375321515580335],[76.90001537992289,8.366668340018242],[76.89864921225293,8.366668339793028],[76.89010334090896,8.366668339908308],[76.88334871013043,8.366668339865653],[76.88334870968774,8.375321516015788],[76.8833487099416,8.383335009677404],[76.89010334093011,8.383335009705595],[76.89864921169969,8.383335009890146],[76.90001538042648,8.383335010063153],[76.90001537966725,8.375321515580335]]]}},{"type":"Feature","properties":{"grid":"R11","height":35,"airport":"Thiruvananthapuram"},"geometry":{"type":"Polygon","coordinates":[[[76.91668204985139,8.37532151643673],[76.91668204989709,8.366668340362017],[76.91574095419652,8.366668340228829],[76.90719508280483,8.366668339903985],[76.90001537992289,8.366668340018242],[76.90001537966725,8.375321515580335],[76.90001538042648,8.383335010063153],[76.90719508259215,8.383335009938403],[76.9157409543316,8.383335009842288],[76.91668205021685,8.383335010186054],[76.91668204985139,8.37532151643673]]]}},{"type":"Feature","properties":{"grid":"R12","height":35,"airport":"Thiruvananthapuram"},"geometry":{"type":"Polygon","coordinates":[[[76.93334871977225,8.375321515841424],[76.93334871959381,8.36666833996153],[76.93283269512469,8.36666833971498],[76.9242868244244,8.366668339868621],[76.91668204989709,8.366668340362017],[76.91668204985139,8.37532151643673],[76.91668205021685,8.383335010186054],[76.92428682401098,8.383335009611388],[76.93283269508231,8.383335010128405],[76.93334871976597,8.383335010010269],[76.93334871977225,8.375321515841424]]]}},{"type":"Feature","properties":{"grid":"R13","height":25,"airport":"Thiruvananthapuram"},"geometry":{"type":"Polygon","coordinates":[[[76.95001538989173,8.375321515566334],[76.95001539037808,8.366668339680228],[76.94992443720774,8.366668340012454],[76.9413785661137,8.366668339764159],[76.93334871959381,8.36666833996153],[76.93334871977225,8.375321515841424],[76.93334871976597,8.383335010010269],[76.94137856644517,8.38333500958599],[76.94992443701703,8.383335009792926],[76.95001539043932,8.383335010399165],[76.95001538989173,8.375321515566334]]]}},{"type":"Feature","properties":{"grid":"R14","height":25,"airport":"Thiruvananthapuram"},"geometry":{"type":"Polygon","coordinates":[[[76.96668205975507,8.37532151557946],[76.96668205998401,8.366668340399054],[76.95847030731088,8.366668339556643],[76.95001539037808,8.366668339680228],[76.95001538989173,8.375321515566334],[76.95001539043932,8.383335010399165],[76.95847030660978,8.383335009841547],[76.96668205996218,8.383335010425622],[76.96668205975507,8.37532151557946]]]}},{"type":"Feature","properties":{"grid":"R15","height":25,"airport":"Thiruvananthapuram"},"geometry":{"type":"Polygon","coordinates":[[[76.9833487298152,8.375321515843982],[76.9833487297631,8.366668340268811],[76.975562049274,8.366668340106807],[76.96701617806386,8.366668340192021],[76.96668205998401,8.366668340399054],[76.96668205975507,8.37532151557946],[76.96668205996218,8.383335010425622],[76.96701617776309,8.38333500971459],[76.97556204938999,8.383335010316781],[76.98334872969538,8.383335010048398],[76.9833487298152,8.375321515843982]]]}},{"type":"Feature","properties":{"grid":"R16","height":25,"airport":"Thiruvananthapuram"},"geometry":{"type":"Polygon","coordinates":[[[77.00001539961728,8.375321516327368],[77.00001540017249,8.366668340156393],[76.99265378961661,8.36666833958118],[76.98410791985437,8.366668340205775],[76.9833487297631,8.366668340268811],[76.9833487298152,8.375321515843982],[76.98334872969538,8.383335010048398],[76.98410792038997,8.383335009840861],[76.99265378968067,8.383335010095674],[77.00001540009643,8.38333501013427],[77.00001539961728,8.375321516327368]]]}},{"type":"Feature","properties":{"grid":"R17","height":25,"airport":"Thiruvananthapuram"},"geometry":{"type":"Polygon","coordinates":[[[77.01668206960943,8.375321516088205],[77.01668206984937,8.366668340033582],[77.0097455323244,8.366668339730031],[77.00119966110942,8.366668340023486],[77.00001540017249,8.366668340156393],[77.00001539961728,8.375321516327368],[77.00001540009643,8.38333501013427],[77.00119966070491,8.383335010155108],[77.0097455323712,8.383335010019874],[77.01668206979815,8.383335009751004],[77.01668206960943,8.375321516088205]]]}},{"type":"Feature","properties":{"grid":"R18","height":25,"airport":"Thiruvananthapuram"},"geometry":{"type":"Polygon","coordinates":[[[77.03334874024894,8.37532151599273],[77.03334874015398,8.366668339858085],[77.02683727319977,8.366668339632543],[77.01829140308242,8.366668339600977],[77.01668206984937,8.366668340033582],[77.01668206960943,8.375321516088205],[77.01668206979815,8.383335009751004],[77.0182914026803,8.38333500969539],[77.02683727326874,8.38333501007254],[77.03334874016579,8.383335009760168],[77.03334874024894,8.37532151599273]]]}},{"type":"Feature","properties":{"grid":"R19","height":25,"airport":"Thiruvananthapuram"},"geometry":{"type":"Polygon","coordinates":[[[77.05001541017299,8.375321516012198],[77.05001540972339,8.366668339601208],[77.0439290153161,8.366668340138672],[77.03538314430814,8.366668339811508],[77.03334874015398,8.366668339858085],[77.03334874024894,8.37532151599273],[77.03334874016579,8.383335009760168],[77.03538314394811,8.383335010243448],[77.04392901544243,8.38333501019954],[77.05001540983669,8.38333501013303],[77.05001541017299,8.375321516012198]]]}},{"type":"Feature","properties":{"grid":"R20","height":25,"airport":"Thiruvananthapuram"},"geometry":{"type":"Polygon","coordinates":[[[77.06668207983418,8.375321516108313],[77.06668207992239,8.366668340123907],[77.061020756291,8.366668340318027],[77.05247488603513,8.366668339706166],[77.05001540972339,8.366668339601208],[77.05001541017299,8.375321516012198],[77.05001540983669,8.38333501013303],[77.05247488575252,8.383335009946316],[77.06102075560713,8.383335010379133],[77.06668208016656,8.383335009922554],[77.06668207983418,8.375321516108313]]]}},{"type":"Feature","properties":{"grid":"R21","height":25,"airport":"Thiruvananthapuram"},"geometry":{"type":"Polygon","coordinates":[[[77.083348749685,8.375321516242415],[77.08334875028612,8.36666833958434],[77.07811249828522,8.366668340120375],[77.06956662679815,8.366668340157682],[77.06668207992239,8.366668340123907],[77.06668207983418,8.375321516108313],[77.06668208016656,8.383335009922554],[77.0695666266285,8.38333500967668],[77.07811249773466,8.383335009647611],[77.08334874979728,8.383335010003433],[77.083348749685,8.375321516242415]]]}},{"type":"Feature","properties":{"grid":"R22","height":25,"airport":"Thiruvananthapuram"},"geometry":{"type":"Polygon","coordinates":[[[77.10001542017783,8.375321516375466],[77.10001542036868,8.366668339756197],[77.0952042389258,8.366668340422837],[77.08665836875313,8.36666834021167],[77.08334875028612,8.36666833958434],[77.083348749685,8.375321516242415],[77.08334874979728,8.383335010003433],[77.08665836874195,8.383335010287947],[77.0952042385493,8.383335009790652],[77.10001542008922,8.383335010331901],[77.10001542017783,8.375321516375466]]]}},{"type":"Feature","properties":{"grid":"R23","height":145,"airport":"Thiruvananthapuram"},"geometry":{"type":"Polygon","coordinates":[[[77.11668208994476,8.375321515573898],[77.1166820897098,8.366668339701166],[77.11229598127613,8.366668340265555],[77.10375011042993,8.366668339836306],[77.10001542036868,8.366668339756197],[77.10001542017783,8.375321516375466],[77.10001542008922,8.383335010331901],[77.10375010970573,8.383335009945162],[77.11229598111497,8.38333500984831],[77.11668208967455,8.383335009974303],[77.11668208994476,8.375321515573898]]]}},{"type":"Feature","properties":{"grid":"S1","height":145,"airport":"Thiruvananthapuram"},"geometry":{"type":"Polygon","coordinates":[[[76.7500153500744,8.366641465131911],[76.7500153503644,8.35796141378988],[76.75001535034336,8.350001669998992],[76.74482353872851,8.350001669770377],[76.73627766762826,8.350001669615352],[76.73334867983883,8.35000167014324],[76.7333486800868,8.357961414008168],[76.73334867990161,8.366641465232561],[76.73334867979732,8.366668339890053],[76.73627766779876,8.366668339796762],[76.74482353926787,8.366668340351826],[76.75001535020553,8.36666833955919],[76.7500153500744,8.366641465131911]]]}},{"type":"Feature","properties":{"grid":"S2","height":145,"airport":"Thiruvananthapuram"},"geometry":{"type":"Polygon","coordinates":[[[76.7666820199763,8.366641464611948],[76.76668202035806,8.357961413861691],[76.76668201964023,8.350001669895391],[76.76191528008815,8.350001670247071],[76.75336940870055,8.350001669684698],[76.75001535034336,8.350001669998992],[76.7500153503644,8.35796141378988],[76.7500153500744,8.366641465131911],[76.75001535020553,8.36666833955919],[76.75336940870739,8.36666834031206],[76.76191527956507,8.366668339658094],[76.76668202034692,8.366668339710909],[76.7666820199763,8.366641464611948]]]}},{"type":"Feature","properties":{"grid":"S3","height":145,"airport":"Thiruvananthapuram"},"geometry":{"type":"Polygon","coordinates":[[[76.783348690069,8.36664146544789],[76.78334868961345,8.357961414194735],[76.78334868999832,8.350001669791421],[76.7790070218202,8.35000166970615],[76.77046115088396,8.350001669653947],[76.76668201964023,8.350001669895391],[76.76668202035806,8.357961413861691],[76.7666820199763,8.366641464611948],[76.76668202034692,8.366668339710909],[76.77046115075757,8.366668340198771],[76.77900702209308,8.366668340122486],[76.78334868976728,8.36666834031629],[76.783348690069,8.36664146544789]]]}},{"type":"Feature","properties":{"grid":"S4","height":145,"airport":"Thiruvananthapuram"},"geometry":{"type":"Polygon","coordinates":[[[76.80001535988592,8.366641464898203],[76.80001536039539,8.357961413843455],[76.80001536005518,8.350001669661953],[76.79609876337128,8.350001669924769],[76.78755289180549,8.350001670404387],[76.78334868999832,8.350001669791421],[76.78334868961345,8.357961414194735],[76.783348690069,8.36664146544789],[76.78334868976728,8.36666834031629],[76.78755289157641,8.366668340338142],[76.79609876265116,8.366668339921882],[76.80001535982382,8.366668340433893],[76.80001535988592,8.366641464898203]]]}},{"type":"Feature","properties":{"grid":"S5","height":145,"airport":"Thiruvananthapuram"},"geometry":{"type":"Polygon","coordinates":[[[76.81668202988864,8.36664146473751],[76.81668203043782,8.357961413690651],[76.81668203026811,8.350001670377525],[76.81319050508348,8.350001669963367],[76.80464463361875,8.350001670084396],[76.80001536005518,8.350001669661953],[76.80001536039539,8.357961413843455],[76.80001535988592,8.366641464898203],[76.80001535982382,8.366668340433893],[76.8046446342299,8.366668339778426],[76.81319050522123,8.366668339908454],[76.81668203006211,8.366668340034163],[76.81668202988864,8.36664146473751]]]}},{"type":"Feature","properties":{"grid":"S6","height":145,"airport":"Thiruvananthapuram"},"geometry":{"type":"Polygon","coordinates":[[[76.83334869962277,8.366641464936013],[76.83334870019395,8.357961413702487],[76.83334870017403,8.350001670100243],[76.83028224639514,8.350001669790288],[76.82173637485839,8.350001669570677],[76.81668203026811,8.350001670377525],[76.81668203043782,8.357961413690651],[76.81668202988864,8.36664146473751],[76.81668203006211,8.366668340034163],[76.82173637544152,8.366668340308564],[76.83028224561072,8.366668340067045],[76.8333487000318,8.366668339991419],[76.83334869962277,8.366641464936013]]]}},{"type":"Feature","properties":{"grid":"S7","height":145,"airport":"Thiruvananthapuram"},"geometry":{"type":"Polygon","coordinates":[[[76.85001537044519,8.366641464551137],[76.85001537011694,8.357961413844757],[76.85001537023007,8.35000166970006],[76.84737398765655,8.350001670273492],[76.8388281167825,8.35000166972716],[76.83334870017403,8.350001670100243],[76.83334870019395,8.357961413702487],[76.83334869962277,8.366641464936013],[76.8333487000318,8.366668339991419],[76.83882811736498,8.36666834007607],[76.84737398779725,8.366668340344757],[76.85001537018628,8.366668340271413],[76.85001537044519,8.366641464551137]]]}},{"type":"Feature","properties":{"grid":"S8","height":115,"airport":"Thiruvananthapuram"},"geometry":{"type":"Polygon","coordinates":[[[76.86668204009425,8.366641465369185],[76.86668203975208,8.357961414087173],[76.86668203998562,8.350001670050752],[76.8644657292052,8.350001669568378],[76.85591985791734,8.350001669621873],[76.85001537023007,8.35000166970006],[76.85001537011694,8.357961413844757],[76.85001537044519,8.366641464551137],[76.85001537018628,8.366668340271413],[76.85591985762743,8.366668339961354],[76.86446572939947,8.366668339813573],[76.86668204006668,8.366668339939745],[76.86668204009425,8.366641465369185]]]}},{"type":"Feature","properties":{"grid":"S9","height":115,"airport":"Thiruvananthapuram"},"geometry":{"type":"Polygon","coordinates":[[[76.88334870991802,8.366641464638894],[76.88334870955241,8.357961414394888],[76.88334870988933,8.350001670213485],[76.88155747139982,8.35000167035024],[76.8730116004287,8.350001670113704],[76.86668203998562,8.350001670050752],[76.86668203975208,8.357961414087173],[76.86668204009425,8.366641465369185],[76.86668204006668,8.366668339939745],[76.87301160020634,8.366668339910655],[76.88155747077218,8.366668340244775],[76.88334871013043,8.366668339865653],[76.88334870991802,8.366641464638894]]]}},{"type":"Feature","properties":{"grid":"S10","height":115,"airport":"Thiruvananthapuram"},"geometry":{"type":"Polygon","coordinates":[[[76.90001538038257,8.366641465037185],[76.90001537996645,8.3579614138287],[76.90001538039392,8.350001670153073],[76.8986492118501,8.3500016698827],[76.89010334102713,8.350001670278754],[76.88334870988933,8.350001670213485],[76.88334870955241,8.357961414394888],[76.88334870991802,8.366641464638894],[76.88334871013043,8.366668339865653],[76.89010334090896,8.366668339908308],[76.89864921225293,8.366668339793028],[76.90001537992289,8.366668340018242],[76.90001538038257,8.366641465037185]]]}},{"type":"Feature","properties":{"grid":"S11","height":115,"airport":"Thiruvananthapuram"},"geometry":{"type":"Polygon","coordinates":[[[76.91668205011665,8.366641464729172],[76.91668204964026,8.357961414169907],[76.91668205013661,8.350001669842792],[76.91574095363369,8.350001669923405],[76.90719508278164,8.350001670066815],[76.90001538039392,8.350001670153073],[76.90001537996645,8.3579614138287],[76.90001538038257,8.366641465037185],[76.90001537992289,8.366668340018242],[76.90719508280483,8.366668339903985],[76.91574095419652,8.366668340228829],[76.91668204989709,8.366668340362017],[76.91668205011665,8.366641464729172]]]}},{"type":"Feature","properties":{"grid":"S12","height":115,"airport":"Thiruvananthapuram"},"geometry":{"type":"Polygon","coordinates":[[[76.9333487195776,8.366641464583152],[76.93334871992562,8.357961413570278],[76.93334871957448,8.350001670150993],[76.93283269528085,8.35000167044315],[76.92428682422688,8.350001670352889],[76.91668205013661,8.350001669842792],[76.91668204964026,8.357961414169907],[76.91668205011665,8.366641464729172],[76.91668204989709,8.366668340362017],[76.9242868244244,8.366668339868621],[76.93283269512469,8.36666833971498],[76.93334871959381,8.36666833996153],[76.9333487195776,8.366641464583152]]]}},{"type":"Feature","properties":{"grid":"S13","height":145,"airport":"Thiruvananthapuram"},"geometry":{"type":"Polygon","coordinates":[[[76.95001539012607,8.366641464558507],[76.95001539037636,8.357961413806182],[76.95001539006338,8.35000167013314],[76.94992443712833,8.350001669595734],[76.94137856570411,8.35000167019496],[76.93334871957448,8.350001670150993],[76.93334871992562,8.357961413570278],[76.9333487195776,8.366641464583152],[76.93334871959381,8.36666833996153],[76.9413785661137,8.366668339764159],[76.94992443720774,8.366668340012454],[76.95001539037808,8.366668339680228],[76.95001539012607,8.366641464558507]]]}},{"type":"Feature","properties":{"grid":"S14","height":25,"airport":"Thiruvananthapuram"},"geometry":{"type":"Polygon","coordinates":[[[76.96668206039939,8.366641464627701],[76.96668205962524,8.357961413946148],[76.96668206024037,8.350001669761726],[76.95847030665112,8.350001669559173],[76.95001539006338,8.35000167013314],[76.95001539037636,8.357961413806182],[76.95001539012607,8.366641464558507],[76.95001539037808,8.366668339680228],[76.95847030731088,8.366668339556643],[76.96668205998401,8.366668340399054],[76.96668206039939,8.366641464627701]]]}},{"type":"Feature","properties":{"grid":"S15","height":25,"airport":"Thiruvananthapuram"},"geometry":{"type":"Polygon","coordinates":[[[76.9833487299426,8.366641464758526],[76.9833487299403,8.357961413944476],[76.98334872965468,8.350001669908636],[76.97556204923785,8.350001670205842],[76.96701617771963,8.350001670063644],[76.96668206024037,8.350001669761726],[76.96668205962524,8.357961413946148],[76.96668206039939,8.366641464627701],[76.96668205998401,8.366668340399054],[76.96701617806386,8.366668340192021],[76.975562049274,8.366668340106807],[76.9833487297631,8.366668340268811],[76.9833487299426,8.366641464758526]]]}},{"type":"Feature","properties":{"grid":"S16","height":25,"airport":"Thiruvananthapuram"},"geometry":{"type":"Polygon","coordinates":[[[77.00001540011611,8.366641464909392],[77.0000153999586,8.357961413773175],[77.00001539966185,8.350001669628341],[76.99265379016992,8.350001670305943],[76.98410792011434,8.350001669986513],[76.98334872965468,8.350001669908636],[76.9833487299403,8.357961413944476],[76.9833487299426,8.366641464758526],[76.9833487297631,8.366668340268811],[76.98410791985437,8.366668340205775],[76.99265378961661,8.36666833958118],[77.00001540017249,8.366668340156393],[77.00001540011611,8.366641464909392]]]}},{"type":"Feature","properties":{"grid":"S17","height":25,"airport":"Thiruvananthapuram"},"geometry":{"type":"Polygon","coordinates":[[[77.01668206955708,8.366641465052076],[77.01668207013718,8.357961414298911],[77.01668206981105,8.350001669792082],[77.00974553160802,8.350001669811126],[77.00119966103163,8.350001670247233],[77.00001539966185,8.350001669628341],[77.0000153999586,8.357961413773175],[77.00001540011611,8.366641464909392],[77.00001540017249,8.366668340156393],[77.00119966110942,8.366668340023486],[77.0097455323244,8.366668339730031],[77.01668206984937,8.366668340033582],[77.01668206955708,8.366641465052076]]]}},{"type":"Feature","properties":{"grid":"S18","height":25,"airport":"Thiruvananthapuram"},"geometry":{"type":"Polygon","coordinates":[[[77.03334873962577,8.366641465144305],[77.03334874001145,8.357961413680664],[77.03334873964691,8.350001670366806],[77.0268372729943,8.350001669590231],[77.0182914026276,8.350001669893189],[77.01668206981105,8.350001669792082],[77.01668207013718,8.357961414298911],[77.01668206955708,8.366641465052076],[77.01668206984937,8.366668340033582],[77.01829140308242,8.366668339600977],[77.02683727319977,8.366668339632543],[77.03334874015398,8.366668339858085],[77.03334873962577,8.366641465144305]]]}},{"type":"Feature","properties":{"grid":"S19","height":25,"airport":"Thiruvananthapuram"},"geometry":{"type":"Polygon","coordinates":[[[77.0500154098669,8.366641465152641],[77.05001541004302,8.35796141368846],[77.05001540961686,8.350001670410654],[77.04392901467399,8.350001669603168],[77.03538314434435,8.35000166979306],[77.03334873964691,8.350001670366806],[77.03334874001145,8.357961413680664],[77.03334873962577,8.366641465144305],[77.03334874015398,8.366668339858085],[77.03538314430814,8.366668339811508],[77.0439290153161,8.366668340138672],[77.05001540972339,8.366668339601208],[77.0500154098669,8.366641465152641]]]}},{"type":"Feature","properties":{"grid":"S20","height":25,"airport":"Thiruvananthapuram"},"geometry":{"type":"Polygon","coordinates":[[[77.06668207982517,8.36664146504348],[77.06668207977651,8.357961414288662],[77.06668208017294,8.350001669885327],[77.06102075608457,8.350001669814215],[77.05247488561945,8.350001669911272],[77.05001540961686,8.350001670410654],[77.05001541004302,8.35796141368846],[77.0500154098669,8.366641465152641],[77.05001540972339,8.366668339601208],[77.05247488603513,8.366668339706166],[77.061020756291,8.366668340318027],[77.06668207992239,8.366668340123907],[77.06668207982517,8.36664146504348]]]}},{"type":"Feature","properties":{"grid":"S21","height":25,"airport":"Thiruvananthapuram"},"geometry":{"type":"Polygon","coordinates":[[[77.08334874995286,8.366641464778215],[77.08334874965456,8.357961413634827],[77.08334874995656,8.350001669665685],[77.07811249757114,8.350001670182664],[77.069566626798,8.350001670207316],[77.06668208017294,8.350001669885327],[77.06668207977651,8.357961414288662],[77.06668207982517,8.36664146504348],[77.06668207992239,8.366668340123907],[77.06956662679815,8.366668340157682],[77.07811249828522,8.366668340120375],[77.08334875028612,8.36666833958434],[77.08334874995286,8.366641464778215]]]}},{"type":"Feature","properties":{"grid":"S22","height":145,"airport":"Thiruvananthapuram"},"geometry":{"type":"Polygon","coordinates":[[[77.10001541979936,8.366641465226618],[77.10001542014356,8.357961414399792],[77.10001542032731,8.350001669708105],[77.09520423856615,8.350001669768288],[77.08665836912783,8.350001669731546],[77.08334874995656,8.350001669665685],[77.08334874965456,8.357961413634827],[77.08334874995286,8.366641464778215],[77.08334875028612,8.36666833958434],[77.08665836875313,8.36666834021167],[77.0952042389258,8.366668340422837],[77.10001542036868,8.366668339756197],[77.10001541979936,8.366641465226618]]]}},{"type":"Feature","properties":{"grid":"S23","height":145,"airport":"Thiruvananthapuram"},"geometry":{"type":"Polygon","coordinates":[[[77.11668208981206,8.366641465445465],[77.11668208986576,8.357961413842167],[77.11668208992184,8.350001669983012],[77.11229598123937,8.350001670327902],[77.10375011024051,8.350001670264929],[77.10001542032731,8.350001669708105],[77.10001542014356,8.357961414399792],[77.10001541979936,8.366641465226618],[77.10001542036868,8.366668339756197],[77.10375011042993,8.366668339836306],[77.11229598127613,8.366668340265555],[77.1166820897098,8.366668339701166],[77.11668208981206,8.366641465445465]]]}},{"type":"Feature","properties":{"grid":"T1","height":145,"airport":"Thiruvananthapuram"},"geometry":{"type":"Polygon","coordinates":[[[76.75001534973109,8.34928136262533],[76.75001534999103,8.340601311633716],[76.7500153497165,8.33333500041759],[76.74482353880676,8.333335000058014],[76.73627766826314,8.333335000289582],[76.73334868043494,8.333335000344684],[76.733348680177,8.34060131206415],[76.73334867987572,8.349281362952183],[76.73334867983883,8.35000167014324],[76.73627766762826,8.350001669615352],[76.74482353872851,8.350001669770377],[76.75001535034336,8.350001669998992],[76.75001534973109,8.34928136262533]]]}},{"type":"Feature","properties":{"grid":"T2","height":145,"airport":"Thiruvananthapuram"},"geometry":{"type":"Polygon","coordinates":[[[76.76668202019741,8.34928136329405],[76.76668202039895,8.340601312004305],[76.76668201957305,8.333335000077376],[76.76191527993723,8.33333499992811],[76.75336940912344,8.333334999939975],[76.7500153497165,8.33333500041759],[76.75001534999103,8.340601311633716],[76.75001534973109,8.34928136262533],[76.75001535034336,8.350001669998992],[76.75336940870055,8.350001669684698],[76.76191528008815,8.350001670247071],[76.76668201964023,8.350001669895391],[76.76668202019741,8.34928136329405]]]}},{"type":"Feature","properties":{"grid":"T3","height":145,"airport":"Thiruvananthapuram"},"geometry":{"type":"Polygon","coordinates":[[[76.78334868990417,8.34928136312525],[76.78334869003425,8.34060131224697],[76.78334868955376,8.333335000199254],[76.77900702232148,8.333335000209432],[76.77046115106448,8.33333500001906],[76.76668201957305,8.333335000077376],[76.76668202039895,8.340601312004305],[76.76668202019741,8.34928136329405],[76.76668201964023,8.350001669895391],[76.77046115088396,8.350001669653947],[76.7790070218202,8.35000166970615],[76.78334868999832,8.350001669791421],[76.78334868990417,8.34928136312525]]]}},{"type":"Feature","properties":{"grid":"T4","height":145,"airport":"Thiruvananthapuram"},"geometry":{"type":"Polygon","coordinates":[[[76.80001536021643,8.349281362985762],[76.8000153602577,8.340601312324461],[76.80001536010741,8.333334999845935],[76.79609876267033,8.3333349999791],[76.78755289170492,8.333334999599966],[76.78334868955376,8.333335000199254],[76.78334869003425,8.34060131224697],[76.78334868990417,8.34928136312525],[76.78334868999832,8.350001669791421],[76.78755289180549,8.350001670404387],[76.79609876337128,8.350001669924769],[76.80001536005518,8.350001669661953],[76.80001536021643,8.349281362985762]]]}},{"type":"Feature","properties":{"grid":"T5","height":145,"airport":"Thiruvananthapuram"},"geometry":{"type":"Polygon","coordinates":[[[76.81668202977166,8.349281362850276],[76.81668202970667,8.340601312211463],[76.81668202987541,8.333334999896199],[76.81319050496478,8.33333500008946],[76.80464463412216,8.333335000443403],[76.80001536010741,8.333334999845935],[76.8000153602577,8.340601312324461],[76.80001536021643,8.349281362985762],[76.80001536005518,8.350001669661953],[76.80464463361875,8.350001670084396],[76.81319050508348,8.350001669963367],[76.81668203026811,8.350001670377525],[76.81668202977166,8.349281362850276]]]}},{"type":"Feature","properties":{"grid":"T6","height":145,"airport":"Thiruvananthapuram"},"geometry":{"type":"Polygon","coordinates":[[[76.83334869993071,8.349281362680765],[76.83334869974178,8.34060131187006],[76.83334870021828,8.333335000312113],[76.83028224591544,8.33333499961715],[76.82173637501862,8.333334999817962],[76.81668202987541,8.333334999896199],[76.81668202970667,8.340601312211463],[76.81668202977166,8.349281362850276],[76.81668203026811,8.350001670377525],[76.82173637485839,8.350001669570677],[76.83028224639514,8.350001669790288],[76.83334870017403,8.350001670100243],[76.83334869993071,8.349281362680765]]]}},{"type":"Feature","properties":{"grid":"T7","height":145,"airport":"Thiruvananthapuram"},"geometry":{"type":"Polygon","coordinates":[[[76.850015370243,8.349281363351269],[76.85001536991226,8.340601312174282],[76.85001536976903,8.333335000163888],[76.84737398769195,8.33333500032597],[76.83882811656802,8.33333500039177],[76.83334870021828,8.333335000312113],[76.83334869974178,8.34060131187006],[76.83334869993071,8.349281362680765],[76.83334870017403,8.350001670100243],[76.8388281167825,8.35000166972716],[76.84737398765655,8.350001670273492],[76.85001537023007,8.35000166970006],[76.850015370243,8.349281363351269]]]}},{"type":"Feature","properties":{"grid":"T8","height":145,"airport":"Thiruvananthapuram"},"geometry":{"type":"Polygon","coordinates":[[[76.86668204024518,8.3492813630234],[76.86668203975893,8.340601312189849],[76.86668203989217,8.333335000316936],[76.86446572881609,8.333335000379774],[76.85591985819997,8.333335000324553],[76.85001536976903,8.333335000163888],[76.85001536991226,8.340601312174282],[76.850015370243,8.349281363351269],[76.85001537023007,8.35000166970006],[76.85591985791734,8.350001669621873],[76.8644657292052,8.350001669568378],[76.86668203998562,8.350001670050752],[76.86668204024518,8.3492813630234]]]}},{"type":"Feature","properties":{"grid":"T9","height":145,"airport":"Thiruvananthapuram"},"geometry":{"type":"Polygon","coordinates":[[[76.88334871039432,8.349281362566426],[76.8833487097344,8.340601311881995],[76.88334871012825,8.333334999836694],[76.88155747144877,8.333334999733264],[76.87301160025997,8.333334999579735],[76.86668203989217,8.333335000316936],[76.86668203975893,8.340601312189849],[76.86668204024518,8.3492813630234],[76.86668203998562,8.350001670050752],[76.8730116004287,8.350001670113704],[76.88155747139982,8.35000167035024],[76.88334870988933,8.350001670213485],[76.88334871039432,8.349281362566426]]]}},{"type":"Feature","properties":{"grid":"T10","height":145,"airport":"Thiruvananthapuram"},"geometry":{"type":"Polygon","coordinates":[[[76.90001538023975,8.349281362853617],[76.90001538029563,8.340601312119682],[76.90001538002629,8.333334999596454],[76.8986492123133,8.333335000174614],[76.89010334128676,8.333334999937062],[76.88334871012825,8.333334999836694],[76.8833487097344,8.340601311881995],[76.88334871039432,8.349281362566426],[76.88334870988933,8.350001670213485],[76.89010334102713,8.350001670278754],[76.8986492118501,8.3500016698827],[76.90001538039392,8.350001670153073],[76.90001538023975,8.349281362853617]]]}},{"type":"Feature","properties":{"grid":"T11","height":145,"airport":"Thiruvananthapuram"},"geometry":{"type":"Polygon","coordinates":[[[76.91668205022987,8.349281362945476],[76.91668205007531,8.340601311972117],[76.91668205003873,8.333334999560895],[76.91574095356187,8.333334999849745],[76.90719508343696,8.333335000446594],[76.90001538002629,8.333334999596454],[76.90001538029563,8.340601312119682],[76.90001538023975,8.349281362853617],[76.90001538039392,8.350001670153073],[76.90719508278164,8.350001670066815],[76.91574095363369,8.350001669923405],[76.91668205013661,8.350001669842792],[76.91668205022987,8.349281362945476]]]}},{"type":"Feature","properties":{"grid":"T12","height":145,"airport":"Thiruvananthapuram"},"geometry":{"type":"Polygon","coordinates":[[[76.93334871990956,8.349281362810686],[76.93334872043806,8.340601312303285],[76.93334871971022,8.333334999698685],[76.93283269463647,8.333334999629301],[76.92428682432846,8.333335000179762],[76.91668205003873,8.333334999560895],[76.91668205007531,8.340601311972117],[76.91668205022987,8.349281362945476],[76.91668205013661,8.350001669842792],[76.92428682422688,8.350001670352889],[76.93283269528085,8.35000167044315],[76.93334871957448,8.350001670150993],[76.93334871990956,8.349281362810686]]]}},{"type":"Feature","properties":{"grid":"T13","height":145,"airport":"Thiruvananthapuram"},"geometry":{"type":"Polygon","coordinates":[[[76.95001538973587,8.349281363317195],[76.95001539001646,8.34060131218198],[76.95001539040075,8.333334999969406],[76.94992443679459,8.33333500037473],[76.94137856612636,8.333334999993912],[76.93334871971022,8.333334999698685],[76.93334872043806,8.340601312303285],[76.93334871990956,8.349281362810686],[76.93334871957448,8.350001670150993],[76.94137856570411,8.35000167019496],[76.94992443712833,8.350001669595734],[76.95001539006338,8.35000167013314],[76.95001538973587,8.349281363317195]]]}},{"type":"Feature","properties":{"grid":"T14","height":145,"airport":"Thiruvananthapuram"},"geometry":{"type":"Polygon","coordinates":[[[76.96668206015225,8.349281362620586],[76.96668206017046,8.340601311567447],[76.96668205983946,8.333335000350093],[76.95847030736054,8.333334999859607],[76.95001539040075,8.333334999969406],[76.95001539001646,8.34060131218198],[76.95001538973587,8.349281363317195],[76.95001539006338,8.35000167013314],[76.95847030665112,8.350001669559173],[76.96668206024037,8.350001669761726],[76.96668206015225,8.349281362620586]]]}},{"type":"Feature","properties":{"grid":"T15","height":25,"airport":"Thiruvananthapuram"},"geometry":{"type":"Polygon","coordinates":[[[76.9833487298093,8.349281363405183],[76.98334873045366,8.340601312235476],[76.98334873028928,8.33333499989118],[76.97556204928382,8.333334999733747],[76.96701617764944,8.333335000252871],[76.96668205983946,8.333335000350093],[76.96668206017046,8.340601311567447],[76.96668206015225,8.349281362620586],[76.96668206024037,8.350001669761726],[76.96701617771963,8.350001670063644],[76.97556204923785,8.350001670205842],[76.98334872965468,8.350001669908636],[76.9833487298093,8.349281363405183]]]}},{"type":"Feature","properties":{"grid":"T16","height":25,"airport":"Thiruvananthapuram"},"geometry":{"type":"Polygon","coordinates":[[[77.00001540005343,8.349281362917488],[77.00001540040157,8.340601312345672],[77.00001540039601,8.333335000372763],[76.992653790426,8.3333349995864],[76.98410792027363,8.333335000115493],[76.98334873028928,8.33333499989118],[76.98334873045366,8.340601312235476],[76.9833487298093,8.349281363405183],[76.98334872965468,8.350001669908636],[76.98410792011434,8.350001669986513],[76.99265379016992,8.350001670305943],[77.00001539966185,8.350001669628341],[77.00001540005343,8.349281362917488]]]}},{"type":"Feature","properties":{"grid":"T17","height":25,"airport":"Thiruvananthapuram"},"geometry":{"type":"Polygon","coordinates":[[[77.01668207043835,8.349281362932702],[77.01668206955858,8.340601311865388],[77.01668206969485,8.33333499995423],[77.00974553204435,8.333335000277723],[77.00119966138158,8.33333499994155],[77.00001540039601,8.333335000372763],[77.00001540040157,8.340601312345672],[77.00001540005343,8.349281362917488],[77.00001539966185,8.350001669628341],[77.00119966103163,8.350001670247233],[77.00974553160802,8.350001669811126],[77.01668206981105,8.350001669792082],[77.01668207043835,8.349281362932702]]]}},{"type":"Feature","properties":{"grid":"T18","height":25,"airport":"Thiruvananthapuram"},"geometry":{"type":"Polygon","coordinates":[[[77.03334873960098,8.349281363422474],[77.03334874019662,8.340601311651804],[77.03334873955457,8.333335000401409],[77.02683727265934,8.333334999969306],[77.01829140313355,8.333334999682512],[77.01668206969485,8.33333499995423],[77.01668206955858,8.340601311865388],[77.01668207043835,8.349281362932702],[77.01668206981105,8.350001669792082],[77.0182914026276,8.350001669893189],[77.0268372729943,8.350001669590231],[77.03334873964691,8.350001670366806],[77.03334873960098,8.349281363422474]]]}},{"type":"Feature","properties":{"grid":"T19","height":25,"airport":"Thiruvananthapuram"},"geometry":{"type":"Polygon","coordinates":[[[77.05001540980413,8.349281363435615],[77.05001541004474,8.34060131168089],[77.05001541041769,8.33333499986844],[77.04392901534796,8.333335000415229],[77.03538314406384,8.333335000211761],[77.03334873955457,8.333335000401409],[77.03334874019662,8.340601311651804],[77.03334873960098,8.349281363422474],[77.03334873964691,8.350001670366806],[77.03538314434435,8.35000166979306],[77.04392901467399,8.350001669603168],[77.05001540961686,8.350001670410654],[77.05001540980413,8.349281363435615]]]}},{"type":"Feature","properties":{"grid":"T20","height":25,"airport":"Thiruvananthapuram"},"geometry":{"type":"Polygon","coordinates":[[[77.0666820796845,8.349281362943248],[77.06668207955488,8.340601311914504],[77.06668208002246,8.333335000139067],[77.06102075590752,8.333334999790527],[77.0524748863232,8.333334999671903],[77.05001541041769,8.33333499986844],[77.05001541004474,8.34060131168089],[77.05001540980413,8.349281363435615],[77.05001540961686,8.350001670410654],[77.05247488561945,8.350001669911272],[77.06102075608457,8.350001669814215],[77.06668208017294,8.350001669885327],[77.0666820796845,8.349281362943248]]]}},{"type":"Feature","properties":{"grid":"T21","height":145,"airport":"Thiruvananthapuram"},"geometry":{"type":"Polygon","coordinates":[[[77.08334874969877,8.349281362810752],[77.08334875008651,8.340601312309353],[77.08334874972351,8.333335000266226],[77.07811249832255,8.333334999843718],[77.06956662663525,8.33333499984913],[77.06668208002246,8.333335000139067],[77.06668207955488,8.340601311914504],[77.0666820796845,8.349281362943248],[77.06668208017294,8.350001669885327],[77.069566626798,8.350001670207316],[77.07811249757114,8.350001670182664],[77.08334874995656,8.350001669665685],[77.08334874969877,8.349281362810752]]]}},{"type":"Feature","properties":{"grid":"T22","height":145,"airport":"Thiruvananthapuram"},"geometry":{"type":"Polygon","coordinates":[[[77.10001542029892,8.349281362999234],[77.10001542027135,8.340601311932167],[77.10001541997242,8.333335000211088],[77.09520423930256,8.333334999648756],[77.0866583689704,8.333334999779813],[77.08334874972351,8.333335000266226],[77.08334875008651,8.340601312309353],[77.08334874969877,8.349281362810752],[77.08334874995656,8.350001669665685],[77.08665836912783,8.350001669731546],[77.09520423856615,8.350001669768288],[77.10001542032731,8.350001669708105],[77.10001542029892,8.349281362999234]]]}},{"type":"Feature","properties":{"grid":"T23","height":145,"airport":"Thiruvananthapuram"},"geometry":{"type":"Polygon","coordinates":[[[77.11668209011667,8.349281362575157],[77.1166820896582,8.340601311652577],[77.1166820903131,8.333334999939288],[77.1122959810121,8.333335000058758],[77.10375011004763,8.333335000345683],[77.10001541997242,8.333335000211088],[77.10001542027135,8.340601311932167],[77.10001542029892,8.349281362999234],[77.10001542032731,8.350001669708105],[77.10375011024051,8.350001670264929],[77.11229598123937,8.350001670327902],[77.11668208992184,8.350001669983012],[77.11668209011667,8.349281362575157]]]}},{"type":"Feature","properties":{"grid":"U1","height":145,"airport":"Thiruvananthapuram"},"geometry":{"type":"Polygon","coordinates":[[[76.75001535023722,8.331921260822535],[76.75001534956277,8.32324121019925],[76.75001535014262,8.316668329927426],[76.7448235385968,8.316668330339223],[76.73627766788587,8.316668330043745],[76.73334867977218,8.316668329622834],[76.73334867959271,8.323241209913613],[76.73334868008371,8.331921261351503],[76.73334868043494,8.333335000344684],[76.73627766826314,8.333335000289582],[76.74482353880676,8.333335000058014],[76.7500153497165,8.33333500041759],[76.75001535023722,8.331921260822535]]]}},{"type":"Feature","properties":{"grid":"U2","height":145,"airport":"Thiruvananthapuram"},"geometry":{"type":"Polygon","coordinates":[[[76.76668202005983,8.331921260904119],[76.76668202008872,8.323241209992862],[76.7666820201514,8.316668330281422],[76.76191528003028,8.316668329625841],[76.75336940907027,8.316668330202369],[76.75001535014262,8.316668329927426],[76.75001534956277,8.32324121019925],[76.75001535023722,8.331921260822535],[76.7500153497165,8.33333500041759],[76.75336940912344,8.333334999939975],[76.76191527993723,8.33333499992811],[76.76668201957305,8.333335000077376],[76.76668202005983,8.331921260904119]]]}},{"type":"Feature","properties":{"grid":"U3","height":145,"airport":"Thiruvananthapuram"},"geometry":{"type":"Polygon","coordinates":[[[76.78334869000044,8.331921260659271],[76.78334868981185,8.32324121017379],[76.78334869024708,8.31666832974795],[76.77900702177935,8.316668329856794],[76.77046115130118,8.316668330414537],[76.7666820201514,8.316668330281422],[76.76668202008872,8.323241209992862],[76.76668202005983,8.331921260904119],[76.76668201957305,8.333335000077376],[76.77046115106448,8.33333500001906],[76.77900702232148,8.333335000209432],[76.78334868955376,8.333335000199254],[76.78334869000044,8.331921260659271]]]}},{"type":"Feature","properties":{"grid":"U4","height":145,"airport":"Thiruvananthapuram"},"geometry":{"type":"Polygon","coordinates":[[[76.8000153596082,8.331921260963018],[76.80001536008842,8.323241209800738],[76.80001535998261,8.316668330106177],[76.79609876327787,8.316668330096997],[76.7875528921969,8.316668329753446],[76.78334869024708,8.31666832974795],[76.78334868981185,8.32324121017379],[76.78334869000044,8.331921260659271],[76.78334868955376,8.333335000199254],[76.78755289170492,8.333334999599966],[76.79609876267033,8.3333349999791],[76.80001536010741,8.333334999845935],[76.8000153596082,8.331921260963018]]]}},{"type":"Feature","properties":{"grid":"U5","height":145,"airport":"Thiruvananthapuram"},"geometry":{"type":"Polygon","coordinates":[[[76.8166820302395,8.331921260873633],[76.81668202955974,8.32324120975257],[76.81668202980642,8.316668330418567],[76.8131905048714,8.316668330311137],[76.80464463392667,8.316668329984044],[76.80001535998261,8.316668330106177],[76.80001536008842,8.323241209800738],[76.8000153596082,8.331921260963018],[76.80001536010741,8.333334999845935],[76.80464463412216,8.333335000443403],[76.81319050496478,8.33333500008946],[76.81668202987541,8.333334999896199],[76.8166820302395,8.331921260873633]]]}},{"type":"Feature","properties":{"grid":"U6","height":145,"airport":"Thiruvananthapuram"},"geometry":{"type":"Polygon","coordinates":[[[76.833348699628,8.331921261273811],[76.8333486995861,8.3232412099914],[76.83334870016672,8.316668329747273],[76.8302822459935,8.316668329563615],[76.82173637501648,8.316668330174913],[76.81668202980642,8.316668330418567],[76.81668202955974,8.32324120975257],[76.8166820302395,8.331921260873633],[76.81668202987541,8.333334999896199],[76.82173637501862,8.333334999817962],[76.83028224591544,8.33333499961715],[76.83334870021828,8.333335000312113],[76.833348699628,8.331921261273811]]]}},{"type":"Feature","properties":{"grid":"U7","height":145,"airport":"Thiruvananthapuram"},"geometry":{"type":"Polygon","coordinates":[[[76.85001537003762,8.331921261217055],[76.85001536970803,8.323241209583198],[76.85001536970883,8.316668329874792],[76.84737398790558,8.316668329622434],[76.83882811671944,8.316668330286088],[76.83334870016672,8.316668329747273],[76.8333486995861,8.3232412099914],[76.833348699628,8.331921261273811],[76.83334870021828,8.333335000312113],[76.83882811656802,8.33333500039177],[76.84737398769195,8.33333500032597],[76.85001536976903,8.333335000163888],[76.85001537003762,8.331921261217055]]]}},{"type":"Feature","properties":{"grid":"U8","height":145,"airport":"Thiruvananthapuram"},"geometry":{"type":"Polygon","coordinates":[[[76.86668204010543,8.331921260677332],[76.86668204038642,8.323241210301681],[76.86668203978851,8.31666832985846],[76.86446572913344,8.31666832955553],[76.85591985756551,8.316668330289794],[76.85001536970883,8.316668329874792],[76.85001536970803,8.323241209583198],[76.85001537003762,8.331921261217055],[76.85001536976903,8.333335000163888],[76.85591985819997,8.333335000324553],[76.86446572881609,8.333335000379774],[76.86668203989217,8.333335000316936],[76.86668204010543,8.331921260677332]]]}},{"type":"Feature","properties":{"grid":"U9","height":145,"airport":"Thiruvananthapuram"},"geometry":{"type":"Polygon","coordinates":[[[76.88334871029251,8.331921261428041],[76.88334871024973,8.323241210312537],[76.88334870995033,8.316668329667822],[76.88155747093428,8.31666833022608],[76.87301159971535,8.316668330141038],[76.86668203978851,8.31666832985846],[76.86668204038642,8.323241210301681],[76.86668204010543,8.331921260677332],[76.86668203989217,8.333335000316936],[76.87301160025997,8.333334999579735],[76.88155747144877,8.333334999733264],[76.88334871012825,8.333334999836694],[76.88334871029251,8.331921261428041]]]}},{"type":"Feature","properties":{"grid":"U10","height":145,"airport":"Thiruvananthapuram"},"geometry":{"type":"Polygon","coordinates":[[[76.90001538013064,8.331921260726268],[76.90001537975014,8.323241209580832],[76.90001537974305,8.316668330176244],[76.89864921182934,8.316668329797537],[76.89010334079109,8.31666832981574],[76.88334870995033,8.316668329667822],[76.88334871024973,8.323241210312537],[76.88334871029251,8.331921261428041],[76.88334871012825,8.333334999836694],[76.89010334128676,8.333334999937062],[76.8986492123133,8.333335000174614],[76.90001538002629,8.333334999596454],[76.90001538013064,8.331921260726268]]]}},{"type":"Feature","properties":{"grid":"U11","height":145,"airport":"Thiruvananthapuram"},"geometry":{"type":"Polygon","coordinates":[[[76.91668205008526,8.331921261248823],[76.91668205025627,8.32324120987498],[76.9166820496145,8.316668330444411],[76.91574095398764,8.316668330031957],[76.90719508295756,8.316668330172154],[76.90001537974305,8.316668330176244],[76.90001537975014,8.323241209580832],[76.90001538013064,8.331921260726268],[76.90001538002629,8.333334999596454],[76.90719508343696,8.333335000446594],[76.91574095356187,8.333334999849745],[76.91668205003873,8.333334999560895],[76.91668205008526,8.331921261248823]]]}},{"type":"Feature","properties":{"grid":"U12","height":145,"airport":"Thiruvananthapuram"},"geometry":{"type":"Polygon","coordinates":[[[76.93334871969223,8.331921261156339],[76.93334872040053,8.323241210263966],[76.93334872001661,8.31666833043666],[76.93283269502695,8.316668330000686],[76.92428682383253,8.316668330281749],[76.9166820496145,8.316668330444411],[76.91668205025627,8.32324120987498],[76.91668205008526,8.331921261248823],[76.91668205003873,8.333334999560895],[76.92428682432846,8.333335000179762],[76.93283269463647,8.333334999629301],[76.93334871971022,8.333334999698685],[76.93334871969223,8.331921261156339]]]}},{"type":"Feature","properties":{"grid":"U13","height":145,"airport":"Thiruvananthapuram"},"geometry":{"type":"Polygon","coordinates":[[[76.95001539031588,8.33192126131242],[76.95001538972296,8.323241209812334],[76.95001538958601,8.316668330125912],[76.94992443710744,8.31666832965691],[76.94137856557624,8.316668330097931],[76.93334872001661,8.31666833043666],[76.93334872040053,8.323241210263966],[76.93334871969223,8.331921261156339],[76.93334871971022,8.333334999698685],[76.94137856612636,8.333334999993912],[76.94992443679459,8.33333500037473],[76.95001539040075,8.333334999969406],[76.95001539031588,8.33192126131242]]]}},{"type":"Feature","properties":{"grid":"U14","height":145,"airport":"Thiruvananthapuram"},"geometry":{"type":"Polygon","coordinates":[[[76.96668205968085,8.331921260790091],[76.96668205959207,8.323241210287406],[76.96668205968672,8.316668330375535],[76.95847030671831,8.316668329591316],[76.95001538958601,8.316668330125912],[76.95001538972296,8.323241209812334],[76.95001539031588,8.33192126131242],[76.95001539040075,8.333334999969406],[76.95847030736054,8.333334999859607],[76.96668205983946,8.333335000350093],[76.96668205968085,8.331921260790091]]]}},{"type":"Feature","properties":{"grid":"U15","height":145,"airport":"Thiruvananthapuram"},"geometry":{"type":"Polygon","coordinates":[[[76.9833487300636,8.331921261351823],[76.98334873045081,8.323241209844502],[76.98334872985838,8.316668330249394],[76.97556204942329,8.316668329618423],[76.96701617785557,8.316668329879597],[76.96668205968672,8.316668330375535],[76.96668205959207,8.323241210287406],[76.96668205968085,8.331921260790091],[76.96668205983946,8.333335000350093],[76.96701617764944,8.333335000252871],[76.97556204928382,8.333334999733747],[76.98334873028928,8.33333499989118],[76.9833487300636,8.331921261351823]]]}},{"type":"Feature","properties":{"grid":"U16","height":25,"airport":"Thiruvananthapuram"},"geometry":{"type":"Polygon","coordinates":[[[77.00001540009175,8.331921261161694],[77.0000154000372,8.32324121026831],[77.00001539964511,8.316668329715192],[76.99265379040554,8.316668330158299],[76.98410792033454,8.31666832971256],[76.98334872985838,8.316668330249394],[76.98334873045081,8.323241209844502],[76.9833487300636,8.331921261351823],[76.98334873028928,8.33333499989118],[76.98410792027363,8.333335000115493],[76.992653790426,8.3333349995864],[77.00001540039601,8.333335000372763],[77.00001540009175,8.331921261161694]]]}},{"type":"Feature","properties":{"grid":"U17","height":25,"airport":"Thiruvananthapuram"},"geometry":{"type":"Polygon","coordinates":[[[77.01668207022183,8.331921261086489],[77.01668206970155,8.32324120970919],[77.0166820704107,8.316668329635155],[77.00974553182041,8.31666833025879],[77.0011996612631,8.316668330038803],[77.00001539964511,8.316668329715192],[77.0000154000372,8.32324121026831],[77.00001540009175,8.331921261161694],[77.00001540039601,8.333335000372763],[77.00119966138158,8.33333499994155],[77.00974553204435,8.333335000277723],[77.01668206969485,8.33333499995423],[77.01668207022183,8.331921261086489]]]}},{"type":"Feature","properties":{"grid":"U18","height":25,"airport":"Thiruvananthapuram"},"geometry":{"type":"Polygon","coordinates":[[[77.03334873999809,8.331921261093253],[77.0333487399047,8.323241209937558],[77.03334873988402,8.316668329985582],[77.02683727310489,8.316668329884896],[77.0182914027966,8.3166683299059],[77.0166820704107,8.316668329635155],[77.01668206970155,8.32324120970919],[77.01668207022183,8.331921261086489],[77.01668206969485,8.33333499995423],[77.01829140313355,8.333334999682512],[77.02683727265934,8.333334999969306],[77.03334873955457,8.333335000401409],[77.03334873999809,8.331921261093253]]]}},{"type":"Feature","properties":{"grid":"U19","height":25,"airport":"Thiruvananthapuram"},"geometry":{"type":"Polygon","coordinates":[[[77.05001540987233,8.33192126114417],[77.0500154101861,8.32324121001619],[77.05001541032712,8.31666832981549],[77.04392901460808,8.316668329900665],[77.0353831443766,8.316668330182667],[77.03334873988402,8.316668329985582],[77.0333487399047,8.323241209937558],[77.03334873999809,8.331921261093253],[77.03334873955457,8.333335000401409],[77.03538314406384,8.333335000211761],[77.04392901534796,8.333335000415229],[77.05001541041769,8.33333499986844],[77.05001540987233,8.33192126114417]]]}},{"type":"Feature","properties":{"grid":"U20","height":145,"airport":"Thiruvananthapuram"},"geometry":{"type":"Polygon","coordinates":[[[77.06668208029627,8.331921261201028],[77.06668208008975,8.323241209911682],[77.06668208038096,8.31666833000003],[77.06102075576692,8.316668330270543],[77.05247488634289,8.316668329925012],[77.05001541032712,8.31666832981549],[77.0500154101861,8.32324121001619],[77.05001540987233,8.33192126114417],[77.05001541041769,8.33333499986844],[77.0524748863232,8.333334999671903],[77.06102075590752,8.333334999790527],[77.06668208002246,8.333335000139067],[77.06668208029627,8.331921261201028]]]}},{"type":"Feature","properties":{"grid":"U21","height":145,"airport":"Thiruvananthapuram"},"geometry":{"type":"Polygon","coordinates":[[[77.0833487499064,8.33192126123478],[77.08334875006706,8.323241209585563],[77.08334874958463,8.316668329601587],[77.07811249782861,8.316668330045257],[77.06956662722945,8.316668330005921],[77.06668208038096,8.31666833000003],[77.06668208008975,8.323241209911682],[77.06668208029627,8.331921261201028],[77.06668208002246,8.333335000139067],[77.06956662663525,8.33333499984913],[77.07811249832255,8.333334999843718],[77.08334874972351,8.333335000266226],[77.0833487499064,8.33192126123478]]]}},{"type":"Feature","properties":{"grid":"U22","height":145,"airport":"Thiruvananthapuram"},"geometry":{"type":"Polygon","coordinates":[[[77.10001542006188,8.331921261201899],[77.10001541966672,8.323241209907827],[77.10001542021404,8.31666833037985],[77.09520423932703,8.316668330097302],[77.08665836919573,8.316668330375185],[77.08334874958463,8.316668329601587],[77.08334875006706,8.323241209585563],[77.0833487499064,8.33192126123478],[77.08334874972351,8.333335000266226],[77.0866583689704,8.333334999779813],[77.09520423930256,8.333334999648756],[77.10001541997242,8.333335000211088],[77.10001542006188,8.331921261201899]]]}},{"type":"Feature","properties":{"grid":"U23","height":145,"airport":"Thiruvananthapuram"},"geometry":{"type":"Polygon","coordinates":[[[77.1166820903066,8.331921261068034],[77.11668209024282,8.323241209930629],[77.11668208998339,8.316668329598263],[77.11229598060646,8.316668330385449],[77.10375010985857,8.316668330102065],[77.10001542021404,8.31666833037985],[77.10001541966672,8.323241209907827],[77.10001542006188,8.331921261201899],[77.10001541997242,8.333335000211088],[77.10375011004763,8.333335000345683],[77.1122959810121,8.333335000058758],[77.1166820903131,8.333334999939288],[77.1166820903066,8.331921261068034]]]}},{"type":"Feature","properties":{"grid":"V1","height":145,"airport":"Thiruvananthapuram"},"geometry":{"type":"Polygon","coordinates":[[[76.75001534977604,8.314561157951111],[76.75001534998212,8.30588110679791],[76.7500153498202,8.300001660369327],[76.7448235390084,8.300001659730523],[76.73627766832195,8.300001659798694],[76.73334867968003,8.300001659802653],[76.73334868015222,8.305881106672333],[76.73334867961262,8.314561157749974],[76.73334867977218,8.316668329622834],[76.73627766788587,8.316668330043745],[76.7448235385968,8.316668330339223],[76.75001535014262,8.316668329927426],[76.75001534977604,8.314561157951111]]]}},{"type":"Feature","properties":{"grid":"V2","height":145,"airport":"Thiruvananthapuram"},"geometry":{"type":"Polygon","coordinates":[[[76.76668201957466,8.31456115837397],[76.76668202033801,8.305881106946932],[76.76668201956188,8.300001659636047],[76.76191528037738,8.300001660268958],[76.75336940945088,8.300001659588343],[76.7500153498202,8.300001660369327],[76.75001534998212,8.30588110679791],[76.75001534977604,8.314561157951111],[76.75001535014262,8.316668329927426],[76.75336940907027,8.316668330202369],[76.76191528003028,8.316668329625841],[76.7666820201514,8.316668330281422],[76.76668201957466,8.31456115837397]]]}},{"type":"Feature","properties":{"grid":"V3","height":145,"airport":"Thiruvananthapuram"},"geometry":{"type":"Polygon","coordinates":[[[76.78334869036475,8.314561158077618],[76.78334868985687,8.30588110709467],[76.78334869027711,8.300001660278344],[76.77900702201951,8.300001659568686],[76.77046115068838,8.300001659964837],[76.76668201956188,8.300001659636047],[76.76668202033801,8.305881106946932],[76.76668201957466,8.31456115837397],[76.7666820201514,8.316668330281422],[76.77046115130118,8.316668330414537],[76.77900702177935,8.316668329856794],[76.78334869024708,8.31666832974795],[76.78334869036475,8.314561158077618]]]}},{"type":"Feature","properties":{"grid":"V4","height":145,"airport":"Thiruvananthapuram"},"geometry":{"type":"Polygon","coordinates":[[[76.80001535987967,8.314561157945233],[76.80001535989875,8.305881107204009],[76.80001535968287,8.300001659563032],[76.79609876338456,8.30000166031112],[76.78755289237573,8.30000165998931],[76.78334869027711,8.300001660278344],[76.78334868985687,8.30588110709467],[76.78334869036475,8.314561158077618],[76.78334869024708,8.31666832974795],[76.7875528921969,8.316668329753446],[76.79609876327787,8.316668330096997],[76.80001535998261,8.316668330106177],[76.80001535987967,8.314561157945233]]]}},{"type":"Feature","properties":{"grid":"V5","height":145,"airport":"Thiruvananthapuram"},"geometry":{"type":"Polygon","coordinates":[[[76.8166820303873,8.314561157935215],[76.81668203000825,8.305881107245613],[76.81668203005903,8.300001660160872],[76.81319050480548,8.300001659748705],[76.80464463395043,8.300001659630695],[76.80001535968287,8.300001659563032],[76.80001535989875,8.305881107204009],[76.80001535987967,8.314561157945233],[76.80001535998261,8.316668330106177],[76.80464463392667,8.316668329984044],[76.8131905048714,8.316668330311137],[76.81668202980642,8.316668330418567],[76.8166820303873,8.314561157935215]]]}},{"type":"Feature","properties":{"grid":"V6","height":145,"airport":"Thiruvananthapuram"},"geometry":{"type":"Polygon","coordinates":[[[76.83334869961695,8.31456115802625],[76.83334869972985,8.305881107189949],[76.8333487000341,8.300001660238228],[76.83028224572791,8.30000165965821],[76.8217363748541,8.300001659761804],[76.81668203005903,8.300001660160872],[76.81668203000825,8.305881107245613],[76.8166820303873,8.314561157935215],[76.81668202980642,8.316668330418567],[76.82173637501648,8.316668330174913],[76.8302822459935,8.316668329563615],[76.83334870016672,8.316668329747273],[76.83334869961695,8.31456115802625]]]}},{"type":"Feature","properties":{"grid":"V7","height":145,"airport":"Thiruvananthapuram"},"geometry":{"type":"Polygon","coordinates":[[[76.85001536983633,8.314561158175964],[76.8500153704234,8.305881106998813],[76.85001537006004,8.30000165976114],[76.84737398831228,8.300001659995292],[76.83882811724726,8.300001660338538],[76.8333487000341,8.300001660238228],[76.83334869972985,8.305881107189949],[76.83334869961695,8.31456115802625],[76.83334870016672,8.316668329747273],[76.83882811671944,8.316668330286088],[76.84737398790558,8.316668329622434],[76.85001536970883,8.316668329874792],[76.85001536983633,8.314561158175964]]]}},{"type":"Feature","properties":{"grid":"V8","height":145,"airport":"Thiruvananthapuram"},"geometry":{"type":"Polygon","coordinates":[[[76.86668203968232,8.314561158358394],[76.86668203981793,8.305881106650498],[76.8666820396854,8.3000016596036],[76.8644657292688,8.300001659836369],[76.85591985784005,8.30000166043743],[76.85001537006004,8.30000165976114],[76.8500153704234,8.305881106998813],[76.85001536983633,8.314561158175964],[76.85001536970883,8.316668329874792],[76.85591985756551,8.316668330289794],[76.86446572913344,8.31666832955553],[76.86668203978851,8.31666832985846],[76.86668203968232,8.314561158358394]]]}},{"type":"Feature","properties":{"grid":"V9","height":145,"airport":"Thiruvananthapuram"},"geometry":{"type":"Polygon","coordinates":[[[76.88334870960274,8.314561157634841],[76.88334871018509,8.305881107005968],[76.88334871026974,8.30000165972676],[76.88155747076189,8.300001660040525],[76.87301159970033,8.30000166000945],[76.8666820396854,8.3000016596036],[76.86668203981793,8.305881106650498],[76.86668203968232,8.314561158358394],[76.86668203978851,8.31666832985846],[76.87301159971535,8.316668330141038],[76.88155747093428,8.31666833022608],[76.88334870995033,8.316668329667822],[76.88334870960274,8.314561157634841]]]}},{"type":"Feature","properties":{"grid":"V10","height":145,"airport":"Thiruvananthapuram"},"geometry":{"type":"Polygon","coordinates":[[[76.90001538005836,8.314561157778385],[76.90001538015724,8.305881107134763],[76.90001538044967,8.300001660104154],[76.89864921222444,8.300001659670965],[76.89010334136199,8.300001659930311],[76.88334871026974,8.30000165972676],[76.88334871018509,8.305881107005968],[76.88334870960274,8.314561157634841],[76.88334870995033,8.316668329667822],[76.89010334079109,8.31666832981574],[76.89864921182934,8.316668329797537],[76.90001537974305,8.316668330176244],[76.90001538005836,8.314561157778385]]]}},{"type":"Feature","properties":{"grid":"V11","height":145,"airport":"Thiruvananthapuram"},"geometry":{"type":"Polygon","coordinates":[[[76.91668204968158,8.314561157858337],[76.91668205018625,8.305881107001653],[76.916682049765,8.300001659800943],[76.91574095400557,8.30000165959445],[76.90719508316981,8.3000016601629],[76.90001538044967,8.300001660104154],[76.90001538015724,8.305881107134763],[76.90001538005836,8.314561157778385],[76.90001537974305,8.316668330176244],[76.90719508295756,8.316668330172154],[76.91574095398764,8.316668330031957],[76.9166820496145,8.316668330444411],[76.91668204968158,8.314561157858337]]]}},{"type":"Feature","properties":{"grid":"V12","height":145,"airport":"Thiruvananthapuram"},"geometry":{"type":"Polygon","coordinates":[[[76.93334871983203,8.314561157834799],[76.93334871981627,8.30588110657544],[76.93334871957939,8.300001659681302],[76.93283269463473,8.300001659782112],[76.924286823649,8.30000165977446],[76.916682049765,8.300001659800943],[76.91668205018625,8.305881107001653],[76.91668204968158,8.314561157858337],[76.9166820496145,8.316668330444411],[76.92428682383253,8.316668330281749],[76.93283269502695,8.316668330000686],[76.93334872001661,8.31666833043666],[76.93334871983203,8.314561157834799]]]}},{"type":"Feature","properties":{"grid":"V13","height":145,"airport":"Thiruvananthapuram"},"geometry":{"type":"Polygon","coordinates":[[[76.95001539005395,8.314561157676188],[76.95001539041108,8.305881106719852],[76.95001539034443,8.300001659709253],[76.94992443717943,8.30000166018276],[76.94137856587135,8.30000165961809],[76.93334871957939,8.300001659681302],[76.93334871981627,8.30588110657544],[76.93334871983203,8.314561157834799],[76.93334872001661,8.31666833043666],[76.94137856557624,8.316668330097931],[76.94992443710744,8.31666832965691],[76.95001538958601,8.316668330125912],[76.95001539005395,8.314561157676188]]]}},{"type":"Feature","properties":{"grid":"V14","height":145,"airport":"Thiruvananthapuram"},"geometry":{"type":"Polygon","coordinates":[[[76.96668205989603,8.31456115825474],[76.96668205969961,8.305881107412002],[76.96668205978895,8.300001659861973],[76.95847030655108,8.300001659673285],[76.95001539034443,8.300001659709253],[76.95001539041108,8.305881106719852],[76.95001539005395,8.314561157676188],[76.95001538958601,8.316668330125912],[76.95847030671831,8.316668329591316],[76.96668205968672,8.316668330375535],[76.96668205989603,8.31456115825474]]]}},{"type":"Feature","properties":{"grid":"V15","height":145,"airport":"Thiruvananthapuram"},"geometry":{"type":"Polygon","coordinates":[[[76.98334872980105,8.314561157725953],[76.98334872993962,8.305881106798486],[76.98334873017961,8.300001660094058],[76.97556204875549,8.30000165988823],[76.96701617834931,8.300001659871732],[76.96668205978895,8.300001659861973],[76.96668205969961,8.305881107412002],[76.96668205989603,8.31456115825474],[76.96668205968672,8.316668330375535],[76.96701617785557,8.316668329879597],[76.97556204942329,8.316668329618423],[76.98334872985838,8.316668330249394],[76.98334872980105,8.314561157725953]]]}},{"type":"Feature","properties":{"grid":"V16","height":145,"airport":"Thiruvananthapuram"},"geometry":{"type":"Polygon","coordinates":[[[77.00001540022973,8.314561157860947],[77.00001539977644,8.305881106659456],[77.00001540015272,8.300001660377688],[76.99265379010629,8.300001660237514],[76.9841079203085,8.300001659705554],[76.98334873017961,8.300001660094058],[76.98334872993962,8.305881106798486],[76.98334872980105,8.314561157725953],[76.98334872985838,8.316668330249394],[76.98410792033454,8.31666832971256],[76.99265379040554,8.316668330158299],[77.00001539964511,8.316668329715192],[77.00001540022973,8.314561157860947]]]}},{"type":"Feature","properties":{"grid":"V17","height":25,"airport":"Thiruvananthapuram"},"geometry":{"type":"Polygon","coordinates":[[[77.01668206981394,8.314561157727665],[77.01668206966164,8.30588110695782],[77.01668207015499,8.300001659771832],[77.0097455318508,8.300001659773526],[77.00119966067864,8.300001659658786],[77.00001540015272,8.300001660377688],[77.00001539977644,8.305881106659456],[77.00001540022973,8.314561157860947],[77.00001539964511,8.316668329715192],[77.0011996612631,8.316668330038803],[77.00974553182041,8.31666833025879],[77.0166820704107,8.316668329635155],[77.01668206981394,8.314561157727665]]]}},{"type":"Feature","properties":{"grid":"V18","height":25,"airport":"Thiruvananthapuram"},"geometry":{"type":"Polygon","coordinates":[[[77.03334873991743,8.314561158188088],[77.03334874004196,8.305881106752118],[77.03334873973934,8.300001660051645],[77.02683727343491,8.30000166026931],[77.01829140343435,8.300001659673915],[77.01668207015499,8.300001659771832],[77.01668206966164,8.30588110695782],[77.01668206981394,8.314561157727665],[77.0166820704107,8.316668329635155],[77.0182914027966,8.3166683299059],[77.02683727310489,8.316668329884896],[77.03334873988402,8.316668329985582],[77.03334873991743,8.314561158188088]]]}},{"type":"Feature","properties":{"grid":"V19","height":145,"airport":"Thiruvananthapuram"},"geometry":{"type":"Polygon","coordinates":[[[77.0500154100795,8.314561158304997],[77.05001540955821,8.305881106917857],[77.0500154102599,8.300001660270768],[77.04392901519358,8.300001659877054],[77.03538314438205,8.30000165973412],[77.03334873973934,8.300001660051645],[77.03334874004196,8.305881106752118],[77.03334873991743,8.314561158188088],[77.03334873988402,8.316668329985582],[77.0353831443766,8.316668330182667],[77.04392901460808,8.316668329900665],[77.05001541032712,8.31666832981549],[77.0500154100795,8.314561158304997]]]}},{"type":"Feature","properties":{"grid":"V20","height":145,"airport":"Thiruvananthapuram"},"geometry":{"type":"Polygon","coordinates":[[[77.0666820798439,8.314561158045024],[77.06668207956926,8.305881107412336],[77.06668208035275,8.30000166040044],[77.06102075566517,8.30000166037392],[77.05247488568102,8.30000165979028],[77.0500154102599,8.300001660270768],[77.05001540955821,8.305881106917857],[77.0500154100795,8.314561158304997],[77.05001541032712,8.31666832981549],[77.05247488634289,8.316668329925012],[77.06102075576692,8.316668330270543],[77.06668208038096,8.31666833000003],[77.0666820798439,8.314561158045024]]]}},{"type":"Feature","properties":{"grid":"V21","height":145,"airport":"Thiruvananthapuram"},"geometry":{"type":"Polygon","coordinates":[[[77.08334874966673,8.314561158273742],[77.08334874961398,8.305881107297893],[77.08334874956141,8.30000166040712],[77.0781124979069,8.300001659897406],[77.0695666267678,8.300001659806735],[77.06668208035275,8.30000166040044],[77.06668207956926,8.305881107412336],[77.0666820798439,8.314561158045024],[77.06668208038096,8.31666833000003],[77.06956662722945,8.316668330005921],[77.07811249782861,8.316668330045257],[77.08334874958463,8.316668329601587],[77.08334874966673,8.314561158273742]]]}},{"type":"Feature","properties":{"grid":"V22","height":145,"airport":"Thiruvananthapuram"},"geometry":{"type":"Polygon","coordinates":[[[77.10001541999445,8.314561158048459],[77.1000154201482,8.305881107439761],[77.10001542015186,8.300001660242659],[77.09520423864211,8.30000166023345],[77.0866583688939,8.300001659738058],[77.08334874956141,8.30000166040712],[77.08334874961398,8.305881107297893],[77.08334874966673,8.314561158273742],[77.08334874958463,8.316668329601587],[77.08665836919573,8.316668330375185],[77.09520423932703,8.316668330097302],[77.10001542021404,8.31666833037985],[77.10001541999445,8.314561158048459]]]}},{"type":"Feature","properties":{"grid":"V23","height":145,"airport":"Thiruvananthapuram"},"geometry":{"type":"Polygon","coordinates":[[[77.1166820903755,8.314561158238801],[77.11668208980302,8.305881106904607],[77.11668208985245,8.30000165988238],[77.11229598093246,8.30000166042265],[77.10375010968062,8.300001659557475],[77.10001542015186,8.300001660242659],[77.1000154201482,8.305881107439761],[77.10001541999445,8.314561158048459],[77.10001542021404,8.31666833037985],[77.10375010985857,8.316668330102065],[77.11229598060646,8.316668330385449],[77.11668208998339,8.316668329598263],[77.1166820903755,8.314561158238801]]]}},{"type":"Feature","properties":{"grid":"W1","height":145,"airport":"Thiruvananthapuram"},"geometry":{"type":"Polygon","coordinates":[[[76.75001535017789,8.29720105583906],[76.75001535036415,8.288521005077982],[76.75001534965506,8.283334989955673],[76.7448235391478,8.283334990068733],[76.73627766776193,8.28333498958698],[76.73334868016042,8.283334990004661],[76.73334868005871,8.288521005088464],[76.73334868030062,8.297201055784006],[76.73334867968003,8.300001659802653],[76.73627766832195,8.300001659798694],[76.7448235390084,8.300001659730523],[76.7500153498202,8.300001660369327],[76.75001535017789,8.29720105583906]]]}},{"type":"Feature","properties":{"grid":"W2","height":145,"airport":"Thiruvananthapuram"},"geometry":{"type":"Polygon","coordinates":[[[76.7666820196565,8.297201055727326],[76.76668202025404,8.28852100470652],[76.7666820196341,8.28333498996593],[76.76191528006883,8.283334990077815],[76.7533694093716,8.283334989934707],[76.75001534965506,8.283334989955673],[76.75001535036415,8.288521005077982],[76.75001535017789,8.29720105583906],[76.7500153498202,8.300001660369327],[76.75336940945088,8.300001659588343],[76.76191528037738,8.300001660268958],[76.76668201956188,8.300001659636047],[76.7666820196565,8.297201055727326]]]}},{"type":"Feature","properties":{"grid":"W3","height":145,"airport":"Thiruvananthapuram"},"geometry":{"type":"Polygon","coordinates":[[[76.78334869010042,8.297201056316156],[76.78334869018447,8.2885210048455],[76.7833486896419,8.283334990006733],[76.77900702214444,8.28333499027779],[76.77046115105168,8.283334989590546],[76.7666820196341,8.28333498996593],[76.76668202025404,8.28852100470652],[76.7666820196565,8.297201055727326],[76.76668201956188,8.300001659636047],[76.77046115068838,8.300001659964837],[76.77900702201951,8.300001659568686],[76.78334869027711,8.300001660278344],[76.78334869010042,8.297201056316156]]]}},{"type":"Feature","properties":{"grid":"W4","height":145,"airport":"Thiruvananthapuram"},"geometry":{"type":"Polygon","coordinates":[[[76.80001536013835,8.297201055772339],[76.80001535969573,8.288521004561886],[76.80001536013033,8.283334990045047],[76.79609876299256,8.283334989741823],[76.78755289224759,8.283334990332044],[76.7833486896419,8.283334990006733],[76.78334869018447,8.2885210048455],[76.78334869010042,8.297201056316156],[76.78334869027711,8.300001660278344],[76.78755289237573,8.30000165998931],[76.79609876338456,8.30000166031112],[76.80001535968287,8.300001659563032],[76.80001536013835,8.297201055772339]]]}},{"type":"Feature","properties":{"grid":"W5","height":145,"airport":"Thiruvananthapuram"},"geometry":{"type":"Polygon","coordinates":[[[76.81668203023055,8.297201055870763],[76.81668203015154,8.288521004722327],[76.81668202973601,8.283334990055748],[76.81319050478152,8.283334990234769],[76.80464463420374,8.28333499031189],[76.80001536013033,8.283334990045047],[76.80001535969573,8.288521004561886],[76.80001536013835,8.297201055772339],[76.80001535968287,8.300001659563032],[76.80464463395043,8.300001659630695],[76.81319050480548,8.300001659748705],[76.81668203005903,8.300001660160872],[76.81668203023055,8.297201055870763]]]}},{"type":"Feature","properties":{"grid":"W6","height":145,"airport":"Thiruvananthapuram"},"geometry":{"type":"Polygon","coordinates":[[[76.83334869991731,8.297201055677801],[76.83334870018857,8.288521005301382],[76.83334869981833,8.283334990001158],[76.83028224603262,8.28333498992113],[76.82173637545381,8.283334990407027],[76.81668202973601,8.283334990055748],[76.81668203015154,8.288521004722327],[76.81668203023055,8.297201055870763],[76.81668203005903,8.300001660160872],[76.8217363748541,8.300001659761804],[76.83028224572791,8.30000165965821],[76.8333487000341,8.300001660238228],[76.83334869991731,8.297201055677801]]]}},{"type":"Feature","properties":{"grid":"W7","height":145,"airport":"Thiruvananthapuram"},"geometry":{"type":"Polygon","coordinates":[[[76.85001536965481,8.297201056063571],[76.85001537025443,8.288521005361073],[76.85001536992141,8.283334989851445],[76.84737398800233,8.283334989664949],[76.83882811724594,8.283334989673534],[76.83334869981833,8.283334990001158],[76.83334870018857,8.288521005301382],[76.83334869991731,8.297201055677801],[76.8333487000341,8.300001660238228],[76.83882811724726,8.300001660338538],[76.84737398831228,8.300001659995292],[76.85001537006004,8.30000165976114],[76.85001536965481,8.297201056063571]]]}},{"type":"Feature","properties":{"grid":"W8","height":145,"airport":"Thiruvananthapuram"},"geometry":{"type":"Polygon","coordinates":[[[76.86668203989078,8.2972010560897],[76.8666820398932,8.288521004871365],[76.86668203958925,8.283334989576648],[76.86446572922434,8.283334990342473],[76.855919858118,8.283334989891912],[76.85001536992141,8.283334989851445],[76.85001537025443,8.288521005361073],[76.85001536965481,8.297201056063571],[76.85001537006004,8.30000165976114],[76.85591985784005,8.30000166043743],[76.8644657292688,8.300001659836369],[76.8666820396854,8.3000016596036],[76.86668203989078,8.2972010560897]]]}},{"type":"Feature","properties":{"grid":"W9","height":145,"airport":"Thiruvananthapuram"},"geometry":{"type":"Polygon","coordinates":[[[76.88334871016936,8.297201055725802],[76.88334870956083,8.288521004701787],[76.88334871018534,8.28333499004197],[76.88155747094237,8.283334990104807],[76.87301160022565,8.283334990113254],[76.86668203958925,8.283334989576648],[76.8666820398932,8.288521004871365],[76.86668203989078,8.2972010560897],[76.8666820396854,8.3000016596036],[76.87301159970033,8.30000166000945],[76.88155747076189,8.300001660040525],[76.88334871026974,8.30000165972676],[76.88334871016936,8.297201055725802]]]}},{"type":"Feature","properties":{"grid":"W10","height":145,"airport":"Thiruvananthapuram"},"geometry":{"type":"Polygon","coordinates":[[[76.90001538003902,8.297201055845303],[76.90001537970896,8.28852100481744],[76.90001538034177,8.283334990317034],[76.89864921168993,8.283334989827699],[76.89010334119064,8.283334990313596],[76.88334871018534,8.28333499004197],[76.88334870956083,8.288521004701787],[76.88334871016936,8.297201055725802],[76.88334871026974,8.30000165972676],[76.89010334136199,8.300001659930311],[76.89864921222444,8.300001659670965],[76.90001538044967,8.300001660104154],[76.90001538003902,8.297201055845303]]]}},{"type":"Feature","properties":{"grid":"W11","height":145,"airport":"Thiruvananthapuram"},"geometry":{"type":"Polygon","coordinates":[[[76.91668204995152,8.297201056412995],[76.91668204988157,8.288521005187398],[76.91668204960237,8.283334990371067],[76.91574095363106,8.283334990369383],[76.90719508317264,8.283334990447315],[76.90001538034177,8.283334990317034],[76.90001537970896,8.28852100481744],[76.90001538003902,8.297201055845303],[76.90001538044967,8.300001660104154],[76.90719508316981,8.3000016601629],[76.91574095400557,8.30000165959445],[76.916682049765,8.300001659800943],[76.91668204995152,8.297201056412995]]]}},{"type":"Feature","properties":{"grid":"W12","height":145,"airport":"Thiruvananthapuram"},"geometry":{"type":"Polygon","coordinates":[[[76.93334872034974,8.297201055585274],[76.93334871961817,8.2885210048765],[76.9333487202337,8.28333499015986],[76.93283269528618,8.283334989892813],[76.92428682378888,8.28333498958599],[76.91668204960237,8.283334990371067],[76.91668204988157,8.288521005187398],[76.91668204995152,8.297201056412995],[76.916682049765,8.300001659800943],[76.924286823649,8.30000165977446],[76.93283269463473,8.300001659782112],[76.93334871957939,8.300001659681302],[76.93334872034974,8.297201055585274]]]}},{"type":"Feature","properties":{"grid":"W13","height":145,"airport":"Thiruvananthapuram"},"geometry":{"type":"Polygon","coordinates":[[[76.95001538988325,8.297201056047163],[76.95001539028213,8.28852100474859],[76.95001538996428,8.283334989660778],[76.94992443700833,8.283334990168193],[76.94137856611957,8.283334990390898],[76.9333487202337,8.28333499015986],[76.93334871961817,8.2885210048765],[76.93334872034974,8.297201055585274],[76.93334871957939,8.300001659681302],[76.94137856587135,8.30000165961809],[76.94992443717943,8.30000166018276],[76.95001539034443,8.300001659709253],[76.95001538988325,8.297201056047163]]]}},{"type":"Feature","properties":{"grid":"W14","height":145,"airport":"Thiruvananthapuram"},"geometry":{"type":"Polygon","coordinates":[[[76.96668205990233,8.297201055950081],[76.96668205960208,8.288521004780819],[76.9666820601574,8.283334989737341],[76.95847030686551,8.283334990129493],[76.95001538996428,8.283334989660778],[76.95001539028213,8.28852100474859],[76.95001538988325,8.297201056047163],[76.95001539034443,8.300001659709253],[76.95847030655108,8.300001659673285],[76.96668205978895,8.300001659861973],[76.96668205990233,8.297201055950081]]]}},{"type":"Feature","properties":{"grid":"W15","height":145,"airport":"Thiruvananthapuram"},"geometry":{"type":"Polygon","coordinates":[[[76.98334872995528,8.297201056165994],[76.98334872984448,8.288521004927851],[76.98334873035674,8.283334990357567],[76.97556204909789,8.283334989654083],[76.96701617822985,8.28333499025773],[76.9666820601574,8.283334989737341],[76.96668205960208,8.288521004780819],[76.96668205990233,8.297201055950081],[76.96668205978895,8.300001659861973],[76.96701617834931,8.300001659871732],[76.97556204875549,8.30000165988823],[76.98334873017961,8.300001660094058],[76.98334872995528,8.297201056165994]]]}},{"type":"Feature","properties":{"grid":"W16","height":145,"airport":"Thiruvananthapuram"},"geometry":{"type":"Polygon","coordinates":[[[77.00001539958137,8.297201055758674],[77.0000153996454,8.288521005161948],[77.00001540009681,8.283334989681254],[76.99265379044272,8.283334989843329],[76.98410792020235,8.283334990118364],[76.98334873035674,8.283334990357567],[76.98334872984448,8.288521004927851],[76.98334872995528,8.297201056165994],[76.98334873017961,8.300001660094058],[76.9841079203085,8.300001659705554],[76.99265379010629,8.300001660237514],[77.00001540015272,8.300001660377688],[77.00001539958137,8.297201055758674]]]}},{"type":"Feature","properties":{"grid":"W17","height":145,"airport":"Thiruvananthapuram"},"geometry":{"type":"Polygon","coordinates":[[[77.01668207014397,8.297201055590447],[77.01668207036356,8.288521005441455],[77.0166820698423,8.283334990383398],[77.00974553214702,8.28333498974969],[77.00119966054721,8.283334989724748],[77.00001540009681,8.283334989681254],[77.0000153996454,8.288521005161948],[77.00001539958137,8.297201055758674],[77.00001540015272,8.300001660377688],[77.00119966067864,8.300001659658786],[77.0097455318508,8.300001659773526],[77.01668207015499,8.300001659771832],[77.01668207014397,8.297201055590447]]]}},{"type":"Feature","properties":{"grid":"W18","height":145,"airport":"Thiruvananthapuram"},"geometry":{"type":"Polygon","coordinates":[[[77.03334874027924,8.297201055633051],[77.03334873972274,8.288521004838811],[77.03334874003043,8.283334989714657],[77.0268372727443,8.2833349902469],[77.01829140324318,8.283334989923462],[77.0166820698423,8.283334990383398],[77.01668207036356,8.288521005441455],[77.01668207014397,8.297201055590447],[77.01668207015499,8.300001659771832],[77.01829140343435,8.300001659673915],[77.02683727343491,8.30000166026931],[77.03334873973934,8.300001660051645],[77.03334874027924,8.297201055633051]]]}},{"type":"Feature","properties":{"grid":"W19","height":145,"airport":"Thiruvananthapuram"},"geometry":{"type":"Polygon","coordinates":[[[77.05001541043833,8.297201055848783],[77.05001540999825,8.288521005115093],[77.05001541021839,8.283334990353914],[77.04392901529636,8.28333499037738],[77.03538314409191,8.283334989793765],[77.03334874003043,8.283334989714657],[77.03334873972274,8.288521004838811],[77.03334874027924,8.297201055633051],[77.03334873973934,8.300001660051645],[77.03538314438205,8.30000165973412],[77.04392901519358,8.300001659877054],[77.0500154102599,8.300001660270768],[77.05001541043833,8.297201055848783]]]}},{"type":"Feature","properties":{"grid":"W20","height":145,"airport":"Thiruvananthapuram"},"geometry":{"type":"Polygon","coordinates":[[[77.06668208016485,8.297201056204296],[77.06668207982138,8.28852100533763],[77.06668207993557,8.283334989555998],[77.0610207556094,8.283334990124239],[77.05247488616445,8.283334990185939],[77.05001541021839,8.283334990353914],[77.05001540999825,8.288521005115093],[77.05001541043833,8.297201055848783],[77.0500154102599,8.300001660270768],[77.05247488568102,8.30000165979028],[77.06102075566517,8.30000166037392],[77.06668208035275,8.30000166040044],[77.06668208016485,8.297201056204296]]]}},{"type":"Feature","properties":{"grid":"W21","height":145,"airport":"Thiruvananthapuram"},"geometry":{"type":"Polygon","coordinates":[[[77.08334874990503,8.297201055757364],[77.08334874963816,8.288521004564199],[77.08334874964675,8.283334989994525],[77.07811249766182,8.283334990332373],[77.06956662707732,8.283334990169676],[77.06668207993557,8.283334989555998],[77.06668207982138,8.28852100533763],[77.06668208016485,8.297201056204296],[77.06668208035275,8.30000166040044],[77.0695666267678,8.300001659806735],[77.0781124979069,8.300001659897406],[77.08334874956141,8.30000166040712],[77.08334874990503,8.297201055757364]]]}},{"type":"Feature","properties":{"grid":"W22","height":145,"airport":"Thiruvananthapuram"},"geometry":{"type":"Polygon","coordinates":[[[77.10001542011929,8.297201056277205],[77.10001541990884,8.288521004564087],[77.10001541979318,8.283334989822984],[77.09520423907004,8.283334990071149],[77.08665836898918,8.283334989695057],[77.08334874964675,8.283334989994525],[77.08334874963816,8.288521004564199],[77.08334874990503,8.297201055757364],[77.08334874956141,8.30000166040712],[77.0866583688939,8.300001659738058],[77.09520423864211,8.30000166023345],[77.10001542015186,8.300001660242659],[77.10001542011929,8.297201056277205]]]}},{"type":"Feature","properties":{"grid":"W23","height":145,"airport":"Thiruvananthapuram"},"geometry":{"type":"Polygon","coordinates":[[[77.11668209034144,8.297201055921716],[77.11668209017674,8.288521005303068],[77.11668208992272,8.283334989911163],[77.11229598108982,8.283334990198629],[77.10375011043334,8.283334989634517],[77.10001541979318,8.283334989822984],[77.10001541990884,8.288521004564087],[77.10001542011929,8.297201056277205],[77.10001542015186,8.300001660242659],[77.10375010968062,8.300001659557475],[77.11229598093246,8.30000166042265],[77.11668208985245,8.30000165988238],[77.11668209034144,8.297201055921716]]]}},{"type":"Feature","properties":{"grid":"J10010","height":0,"airport":"Thiruvananthapuram"},"geometry":{"type":"Polygon","coordinates":[[[76.89168204469107,8.508335034590147],[76.88334870970127,8.508335035160515],[76.88334870969433,8.514202333427741],[76.88334871031707,8.51666837002554],[76.89010334077997,8.516668370342733],[76.89168204519842,8.51666836988183],[76.89168204469107,8.508335034590147]]]}},{"type":"Feature","properties":{"grid":"J10011","height":0,"airport":"Thiruvananthapuram"},"geometry":{"type":"Polygon","coordinates":[[[76.90001538020586,8.514202333267878],[76.90001538020039,8.508335035018744],[76.89168204469107,8.508335034590147],[76.89168204519842,8.51666836988183],[76.89864921198165,8.516668369786352],[76.90001537969019,8.516668369667459],[76.90001538020586,8.514202333267878]]]}},{"type":"Feature","properties":{"grid":"J11010","height":0,"airport":"Thiruvananthapuram"},"geometry":{"type":"Polygon","coordinates":[[[76.90834871514215,8.508335034639291],[76.90001538020039,8.508335035018744],[76.90001538020586,8.514202333267878],[76.90001537969019,8.516668369667459],[76.90719508338155,8.5166683698464],[76.90834871544301,8.516668370274163],[76.90834871514215,8.508335034639291]]]}},{"type":"Feature","properties":{"grid":"J11011","height":25,"airport":"Thiruvananthapuram"},"geometry":{"type":"Polygon","coordinates":[[[76.91668205029094,8.514202333004071],[76.91668205026336,8.508335035251962],[76.90834871514215,8.508335034639291],[76.90834871544301,8.516668370274163],[76.9157409538837,8.516668369619648],[76.91668204955354,8.516668369903808],[76.91668205029094,8.514202333004071]]]}},{"type":"Feature","properties":{"grid":"J10012","height":0,"airport":"Thiruvananthapuram"},"geometry":{"type":"Polygon","coordinates":[[[76.89168204492104,8.500001699738293],[76.89010334078971,8.500001700068314],[76.88334870964282,8.500001699828752],[76.8833487096824,8.505522281613144],[76.88334870970127,8.508335035160515],[76.89168204469107,8.508335034590147],[76.89168204492104,8.500001699738293]]]}},{"type":"Feature","properties":{"grid":"J10013","height":0,"airport":"Thiruvananthapuram"},"geometry":{"type":"Polygon","coordinates":[[[76.90001538003126,8.505522282172391],[76.90001537980281,8.500001699917256],[76.89864921225646,8.5000017000061],[76.89168204492104,8.500001699738293],[76.89168204469107,8.508335034590147],[76.90001538020039,8.508335035018744],[76.90001538003126,8.505522282172391]]]}},{"type":"Feature","properties":{"grid":"J11012","height":0,"airport":"Thiruvananthapuram"},"geometry":{"type":"Polygon","coordinates":[[[76.90834871502616,8.500001700357837],[76.90719508300162,8.500001700018432],[76.90001537980281,8.500001699917256],[76.90001538003126,8.505522282172391],[76.90001538020039,8.508335035018744],[76.90834871514215,8.508335034639291],[76.90834871502616,8.500001700357837]]]}},{"type":"Feature","properties":{"grid":"J11013","height":0,"airport":"Thiruvananthapuram"},"geometry":{"type":"Polygon","coordinates":[[[76.91668204993493,8.505522282432176],[76.91668205041653,8.50000170015256],[76.91574095374989,8.500001700097187],[76.90834871502616,8.500001700357837],[76.90834871514215,8.508335034639291],[76.91668205026336,8.508335035251962],[76.91668204993493,8.505522282432176]]]}},{"type":"Feature","properties":{"grid":"K10010","height":25,"airport":"Thiruvananthapuram"},"geometry":{"type":"Polygon","coordinates":[[[76.89168204498107,8.491668365333702],[76.88334871014695,8.491668364937293],[76.88334870996759,8.496842230872502],[76.88334870964282,8.500001699828752],[76.89010334078971,8.500001700068314],[76.89168204492104,8.500001699738293],[76.89168204498107,8.491668365333702]]]}},{"type":"Feature","properties":{"grid":"K10011","height":0,"airport":"Thiruvananthapuram"},"geometry":{"type":"Polygon","coordinates":[[[76.90001537962232,8.496842231256757],[76.90001538031898,8.49166836526118],[76.89168204498107,8.491668365333702],[76.89168204492104,8.500001699738293],[76.89864921225646,8.5000017000061],[76.90001537980281,8.500001699917256],[76.90001537962232,8.496842231256757]]]}},{"type":"Feature","properties":{"grid":"K11010","height":0,"airport":"Thiruvananthapuram"},"geometry":{"type":"Polygon","coordinates":[[[76.90834871508247,8.491668364720738],[76.90001538031898,8.49166836526118],[76.90001537962232,8.496842231256757],[76.90001537980281,8.500001699917256],[76.90719508300162,8.500001700018432],[76.90834871502616,8.500001700357837],[76.90834871508247,8.491668364720738]]]}},{"type":"Feature","properties":{"grid":"K11011","height":0,"airport":"Thiruvananthapuram"},"geometry":{"type":"Polygon","coordinates":[[[76.91668204972105,8.49684223114176],[76.91668205001396,8.49166836460859],[76.90834871508247,8.491668364720738],[76.90834871502616,8.500001700357837],[76.91574095374989,8.500001700097187],[76.91668205041653,8.50000170015256],[76.91668204972105,8.49684223114176]]]}},{"type":"Feature","properties":{"grid":"K12010","height":0,"airport":"Thiruvananthapuram"},"geometry":{"type":"Polygon","coordinates":[[[76.9250153849434,8.491668364921273],[76.91668205001396,8.49166836460859],[76.91668204972105,8.49684223114176],[76.91668205041653,8.50000170015256],[76.92428682431783,8.5000017002387],[76.92501538490023,8.500001700206475],[76.9250153849434,8.491668364921273]]]}},{"type":"Feature","properties":{"grid":"K12011","height":25,"airport":"Thiruvananthapuram"},"geometry":{"type":"Polygon","coordinates":[[[76.93334871981568,8.496842231399617],[76.93334871969618,8.491668364751327],[76.9250153849434,8.491668364921273],[76.92501538490023,8.500001700206475],[76.9328326954301,8.500001700434739],[76.9333487201188,8.500001699603192],[76.93334871981568,8.496842231399617]]]}},{"type":"Feature","properties":{"grid":"K10012","height":25,"airport":"Thiruvananthapuram"},"geometry":{"type":"Polygon","coordinates":[[[76.89168204486313,8.483335029571313],[76.89010334088587,8.483335029768531],[76.88334871030193,8.483335029589519],[76.88334870963841,8.48816218030956],[76.88334871014695,8.491668364937293],[76.89168204498107,8.491668365333702],[76.89168204486313,8.483335029571313]]]}},{"type":"Feature","properties":{"grid":"K10013","height":25,"airport":"Thiruvananthapuram"},"geometry":{"type":"Polygon","coordinates":[[[76.90001537988356,8.488162179615971],[76.9000153799291,8.483335030158324],[76.89864921242977,8.483335030215432],[76.89168204486313,8.483335029571313],[76.89168204498107,8.491668365333702],[76.90001538031898,8.49166836526118],[76.90001537988356,8.488162179615971]]]}},{"type":"Feature","properties":{"grid":"K11012","height":0,"airport":"Thiruvananthapuram"},"geometry":{"type":"Polygon","coordinates":[[[76.90834871532529,8.483335030443094],[76.90719508324045,8.483335030190599],[76.9000153799291,8.483335030158324],[76.90001537988356,8.488162179615971],[76.90001538031898,8.49166836526118],[76.90834871508247,8.491668364720738],[76.90834871532529,8.483335030443094]]]}},{"type":"Feature","properties":{"grid":"K11013","height":0,"airport":"Thiruvananthapuram"},"geometry":{"type":"Polygon","coordinates":[[[76.91668204965475,8.48816218004023],[76.91668204997356,8.483335030426648],[76.91574095404249,8.483335029685927],[76.90834871532529,8.483335030443094],[76.90834871508247,8.491668364720738],[76.91668205001396,8.49166836460859],[76.91668204965475,8.48816218004023]]]}},{"type":"Feature","properties":{"grid":"K12012","height":0,"airport":"Thiruvananthapuram"},"geometry":{"type":"Polygon","coordinates":[[[76.92501538461177,8.483335030101136],[76.92428682374884,8.48333502960627],[76.91668204997356,8.483335030426648],[76.91668204965475,8.48816218004023],[76.91668205001396,8.49166836460859],[76.9250153849434,8.491668364921273],[76.92501538461177,8.483335030101136]]]}},{"type":"Feature","properties":{"grid":"K12013","height":0,"airport":"Thiruvananthapuram"},"geometry":{"type":"Polygon","coordinates":[[[76.93334872030643,8.488162179733525],[76.93334871998239,8.483335030362635],[76.93283269490018,8.483335029934462],[76.92501538461177,8.483335030101136],[76.9250153849434,8.491668364921273],[76.93334871969618,8.491668364751327],[76.93334872030643,8.488162179733525]]]}},{"type":"Feature","properties":{"grid":"L11010","height":20,"airport":"Thiruvananthapuram"},"geometry":{"type":"Polygon","coordinates":[[[76.90834871483406,8.475001694820259],[76.90001538045013,8.475001694602883],[76.90001537991675,8.47948212906588],[76.9000153799291,8.483335030158324],[76.90719508324045,8.483335030190599],[76.90834871532529,8.483335030443094],[76.90834871483406,8.475001694820259]]]}},{"type":"Feature","properties":{"grid":"L11011","height":0,"airport":"Thiruvananthapuram"},"geometry":{"type":"Polygon","coordinates":[[[76.91668204973696,8.479482129130982],[76.91668205028265,8.475001694897664],[76.90834871483406,8.475001694820259],[76.90834871532529,8.483335030443094],[76.91574095404249,8.483335029685927],[76.91668204997356,8.483335030426648],[76.91668204973696,8.479482129130982]]]}},{"type":"Feature","properties":{"grid":"L12010","height":0,"airport":"Thiruvananthapuram"},"geometry":{"type":"Polygon","coordinates":[[[76.92501538480973,8.475001694840566],[76.91668205028265,8.475001694897664],[76.91668204973696,8.479482129130982],[76.91668204997356,8.483335030426648],[76.92428682374884,8.48333502960627],[76.92501538461177,8.483335030101136],[76.92501538480973,8.475001694840566]]]}},{"type":"Feature","properties":{"grid":"L12011","height":0,"airport":"Thiruvananthapuram"},"geometry":{"type":"Polygon","coordinates":[[[76.93334872042315,8.479482129173885],[76.9333487200612,8.475001694636598],[76.92501538480973,8.475001694840566],[76.92501538461177,8.483335030101136],[76.93283269490018,8.483335029934462],[76.93334871998239,8.483335030362635],[76.93334872042315,8.479482129173885]]]}},{"type":"Feature","properties":{"grid":"L13010","height":25,"airport":"Thiruvananthapuram"},"geometry":{"type":"Polygon","coordinates":[[[76.94168205496344,8.475001695190786],[76.9333487200612,8.475001694636598],[76.93334872042315,8.479482129173885],[76.93334871998239,8.483335030362635],[76.94137856640049,8.48333502976717],[76.94168205500274,8.483335030308144],[76.94168205496344,8.475001695190786]]]}},{"type":"Feature","properties":{"grid":"L13011","height":25,"airport":"Thiruvananthapuram"},"geometry":{"type":"Polygon","coordinates":[[[76.95001538970635,8.479482129171485],[76.95001539024524,8.475001694687126],[76.94168205496344,8.475001695190786],[76.94168205500274,8.483335030308144],[76.94992443716279,8.483335030009219],[76.95001539041073,8.483335029929663],[76.95001538970635,8.479482129171485]]]}},{"type":"Feature","properties":{"grid":"L11012","height":20,"airport":"Thiruvananthapuram"},"geometry":{"type":"Polygon","coordinates":[[[76.90834871543458,8.466668359654433],[76.90719508319665,8.46666836039143],[76.90001538007573,8.466668360414772],[76.900015379714,8.470802077801855],[76.90001538045013,8.475001694602883],[76.90834871483406,8.475001694820259],[76.90834871543458,8.466668359654433]]]}},{"type":"Feature","properties":{"grid":"L11013","height":15,"airport":"Thiruvananthapuram"},"geometry":{"type":"Polygon","coordinates":[[[76.91668204996861,8.470802078417428],[76.91668205004306,8.46666835983716],[76.91574095386915,8.466668360222434],[76.90834871543458,8.466668359654433],[76.90834871483406,8.475001694820259],[76.91668205028265,8.475001694897664],[76.91668204996861,8.470802078417428]]]}},{"type":"Feature","properties":{"grid":"L12012","height":0,"airport":"Thiruvananthapuram"},"geometry":{"type":"Polygon","coordinates":[[[76.92501538463459,8.466668360051084],[76.92428682434222,8.466668359927771],[76.91668205004306,8.46666835983716],[76.91668204996861,8.470802078417428],[76.91668205028265,8.475001694897664],[76.92501538480973,8.475001694840566],[76.92501538463459,8.466668360051084]]]}},{"type":"Feature","properties":{"grid":"L12013","height":0,"airport":"Thiruvananthapuram"},"geometry":{"type":"Polygon","coordinates":[[[76.93334872015782,8.470802077916051],[76.93334871994702,8.466668360288272],[76.9328326953449,8.46666836040326],[76.92501538463459,8.466668360051084],[76.92501538480973,8.475001694840566],[76.9333487200612,8.475001694636598],[76.93334872015782,8.470802077916051]]]}},{"type":"Feature","properties":{"grid":"L13012","height":0,"airport":"Thiruvananthapuram"},"geometry":{"type":"Polygon","coordinates":[[[76.9416820548977,8.466668359645713],[76.94137856577667,8.46666835984164],[76.93334871994702,8.466668360288272],[76.93334872015782,8.470802077916051],[76.9333487200612,8.475001694636598],[76.94168205496344,8.475001695190786],[76.9416820548977,8.466668359645713]]]}},{"type":"Feature","properties":{"grid":"L13013","height":25,"airport":"Thiruvananthapuram"},"geometry":{"type":"Polygon","coordinates":[[[76.95001538983745,8.470802078073728],[76.95001539023347,8.466668359923496],[76.94992443727905,8.4666683600382],[76.9416820548977,8.466668359645713],[76.94168205496344,8.475001695190786],[76.95001539024524,8.475001694687126],[76.95001538983745,8.470802078073728]]]}},{"type":"Feature","properties":{"grid":"M12010","height":25,"airport":"Thiruvananthapuram"},"geometry":{"type":"Polygon","coordinates":[[[76.92501538499069,8.458335024827159],[76.91668205016362,8.458335025243658],[76.91668205034621,8.462122026998925],[76.91668205004306,8.46666835983716],[76.92428682434222,8.466668359927771],[76.92501538463459,8.466668360051084],[76.92501538499069,8.458335024827159]]]}},{"type":"Feature","properties":{"grid":"M12011","height":0,"airport":"Thiruvananthapuram"},"geometry":{"type":"Polygon","coordinates":[[[76.93334872042391,8.462122026862918],[76.93334871962716,8.458335024608571],[76.92501538499069,8.458335024827159],[76.92501538463459,8.466668360051084],[76.9328326953449,8.46666836040326],[76.93334871994702,8.466668360288272],[76.93334872042391,8.462122026862918]]]}},{"type":"Feature","properties":{"grid":"M13010","height":0,"airport":"Thiruvananthapuram"},"geometry":{"type":"Polygon","coordinates":[[[76.94168205481088,8.458335024579947],[76.93334871962716,8.458335024608571],[76.93334872042391,8.462122026862918],[76.93334871994702,8.466668360288272],[76.94137856577667,8.46666835984164],[76.9416820548977,8.466668359645713],[76.94168205481088,8.458335024579947]]]}},{"type":"Feature","properties":{"grid":"M13011","height":0,"airport":"Thiruvananthapuram"},"geometry":{"type":"Polygon","coordinates":[[[76.950015389973,8.462122027190876],[76.95001539037169,8.458335024737787],[76.94168205481088,8.458335024579947],[76.9416820548977,8.466668359645713],[76.94992443727905,8.4666683600382],[76.95001539023347,8.466668359923496],[76.950015389973,8.462122027190876]]]}},{"type":"Feature","properties":{"grid":"M12012","height":25,"airport":"Thiruvananthapuram"},"geometry":{"type":"Polygon","coordinates":[[[76.92501538497537,8.450001690080338],[76.92428682428417,8.450001690332128],[76.9166820497327,8.45000169022063],[76.91668204996716,8.453441975787342],[76.91668205016362,8.458335025243658],[76.92501538499069,8.458335024827159],[76.92501538497537,8.450001690080338]]]}},{"type":"Feature","properties":{"grid":"M12013","height":25,"airport":"Thiruvananthapuram"},"geometry":{"type":"Polygon","coordinates":[[[76.93334872031437,8.453441976022363],[76.933348720024,8.450001690308106],[76.93283269494597,8.450001690066099],[76.92501538497537,8.450001690080338],[76.92501538499069,8.458335024827159],[76.93334871962716,8.458335024608571],[76.93334872031437,8.453441976022363]]]}},{"type":"Feature","properties":{"grid":"M13012","height":0,"airport":"Thiruvananthapuram"},"geometry":{"type":"Polygon","coordinates":[[[76.94168205470389,8.450001689996483],[76.941378565942,8.450001690020388],[76.933348720024,8.450001690308106],[76.93334872031437,8.453441976022363],[76.93334871962716,8.458335024608571],[76.94168205481088,8.458335024579947],[76.94168205470389,8.450001689996483]]]}},{"type":"Feature","properties":{"grid":"M13013","height":0,"airport":"Thiruvananthapuram"},"geometry":{"type":"Polygon","coordinates":[[[76.9500153901094,8.45344197562229],[76.95001538975735,8.450001690041512],[76.94992443708875,8.450001690191252],[76.94168205470389,8.450001689996483],[76.94168205481088,8.458335024579947],[76.95001539037169,8.458335024737787],[76.9500153901094,8.45344197562229]]]}}]}