{"type":"FeatureCollection","features":[{"type":"Feature","properties":{"grid":"A1","height":204,"airport":"Calicut"},"geometry":{"type":"Polygon","coordinates":[[[75.76666666983662,11.333333330382299],[75.78333332963696,11.33333332990606],[75.78333332997295,11.31666666994694],[75.76666667032802,11.316666670080163],[75.76666666983662,11.333333330382299]]]}},{"type":"Feature","properties":{"grid":"A2","height":204,"airport":"Calicut"},"geometry":{"type":"Polygon","coordinates":[[[75.78333332963696,11.33333332990606],[75.8000000002522,11.333333330223224],[75.80000000041228,11.316666670109345],[75.78333332997295,11.31666666994694],[75.78333332963696,11.33333332990606]]]}},{"type":"Feature","properties":{"grid":"A3","height":204,"airport":"Calicut"},"geometry":{"type":"Polygon","coordinates":[[[75.8000000002522,11.333333330223224],[75.8166666702895,11.333333330440926],[75.81666667025338,11.316666669674495],[75.80000000041228,11.316666670109345],[75.8000000002522,11.333333330223224]]]}},{"type":"Feature","properties":{"grid":"A4","height":204,"airport":"Calicut"},"geometry":{"type":"Polygon","coordinates":[[[75.8166666702895,11.333333330440926],[75.83333333018865,11.333333329663327],[75.83333332994131,11.316666669555085],[75.81666667025338,11.316666669674495],[75.8166666702895,11.333333330440926]]]}},{"type":"Feature","properties":{"grid":"A5","height":204,"airport":"Calicut"},"geometry":{"type":"Polygon","coordinates":[[[75.83333333018865,11.333333329663327],[75.84999999971984,11.333333329624839],[75.85000000015593,11.316666669674463],[75.83333332994131,11.316666669555085],[75.83333333018865,11.333333329663327]]]}},{"type":"Feature","properties":{"grid":"A6","height":204,"airport":"Calicut"},"geometry":{"type":"Polygon","coordinates":[[[75.84999999971984,11.333333329624839],[75.86666667024186,11.333333330329781],[75.86666667042348,11.316666670042135],[75.85000000015593,11.316666669674463],[75.84999999971984,11.333333329624839]]]}},{"type":"Feature","properties":{"grid":"A7","height":204,"airport":"Calicut"},"geometry":{"type":"Polygon","coordinates":[[[75.86666667024186,11.333333330329781],[75.88333333035908,11.333333329983722],[75.88333333026756,11.316666669765336],[75.86666667042348,11.316666670042135],[75.86666667024186,11.333333330329781]]]}},{"type":"Feature","properties":{"grid":"A8","height":204,"airport":"Calicut"},"geometry":{"type":"Polygon","coordinates":[[[75.88333333035908,11.333333329983722],[75.89999999984168,11.333333330316577],[75.9000000003703,11.316666669667097],[75.88333333026756,11.316666669765336],[75.88333333035908,11.333333329983722]]]}},{"type":"Feature","properties":{"grid":"A9","height":204,"airport":"Calicut"},"geometry":{"type":"Polygon","coordinates":[[[75.89999999984168,11.333333330316577],[75.91666667004559,11.333333330428802],[75.91666667025801,11.316666669757586],[75.9000000003703,11.316666669667097],[75.89999999984168,11.333333330316577]]]}},{"type":"Feature","properties":{"grid":"A10","height":204,"airport":"Calicut"},"geometry":{"type":"Polygon","coordinates":[[[75.91666667004559,11.333333330428802],[75.93333332958062,11.3333333303353],[75.93333333037339,11.31666667004611],[75.91666667025801,11.316666669757586],[75.91666667004559,11.333333330428802]]]}},{"type":"Feature","properties":{"grid":"A11","height":204,"airport":"Calicut"},"geometry":{"type":"Polygon","coordinates":[[[75.93333332958062,11.3333333303353],[75.95000000004372,11.333333329947134],[75.94999999956299,11.316666670452506],[75.93333333037339,11.31666667004611],[75.93333332958062,11.3333333303353]]]}},{"type":"Feature","properties":{"grid":"A12","height":204,"airport":"Calicut"},"geometry":{"type":"Polygon","coordinates":[[[75.95000000004372,11.333333329947134],[75.96666667004764,11.333333330182285],[75.96666667009889,11.316666670074548],[75.94999999956299,11.316666670452506],[75.95000000004372,11.333333329947134]]]}},{"type":"Feature","properties":{"grid":"A13","height":204,"airport":"Calicut"},"geometry":{"type":"Polygon","coordinates":[[[75.96666667004764,11.333333330182285],[75.983333330032,11.333333330146315],[75.983333329678,11.316666669835138],[75.96666667009889,11.316666670074548],[75.96666667004764,11.333333330182285]]]}},{"type":"Feature","properties":{"grid":"A14","height":204,"airport":"Calicut"},"geometry":{"type":"Polygon","coordinates":[[[75.983333330032,11.333333330146315],[75.99999999976067,11.333333329751552],[75.99999999989528,11.316666669640693],[75.983333329678,11.316666669835138],[75.983333330032,11.333333330146315]]]}},{"type":"Feature","properties":{"grid":"A15","height":204,"airport":"Calicut"},"geometry":{"type":"Polygon","coordinates":[[[75.99999999976067,11.333333329751552],[76.01666666967927,11.333333329910621],[76.01666667028026,11.316666670406827],[75.99999999989528,11.316666669640693],[75.99999999976067,11.333333329751552]]]}},{"type":"Feature","properties":{"grid":"A16","height":204,"airport":"Calicut"},"geometry":{"type":"Polygon","coordinates":[[[76.01666666967927,11.333333329910621],[76.03333333022725,11.333333329729482],[76.03333333035319,11.316666670338394],[76.01666667028026,11.316666670406827],[76.01666666967927,11.333333329910621]]]}},{"type":"Feature","properties":{"grid":"A17","height":204,"airport":"Calicut"},"geometry":{"type":"Polygon","coordinates":[[[76.03333333022725,11.333333329729482],[76.05000000025511,11.333333330023311],[76.04999999987923,11.316666670247672],[76.03333333035319,11.316666670338394],[76.03333333022725,11.333333329729482]]]}},{"type":"Feature","properties":{"grid":"A18","height":204,"airport":"Calicut"},"geometry":{"type":"Polygon","coordinates":[[[76.05000000025511,11.333333330023311],[76.0666666702021,11.33333332989682],[76.06666667021727,11.316666670140242],[76.04999999987923,11.316666670247672],[76.05000000025511,11.333333330023311]]]}},{"type":"Feature","properties":{"grid":"A19","height":204,"airport":"Calicut"},"geometry":{"type":"Polygon","coordinates":[[[76.0666666702021,11.33333332989682],[76.08333332959795,11.333333330268239],[76.0833333299777,11.31666667003333],[76.06666667021727,11.316666670140242],[76.0666666702021,11.33333332989682]]]}},{"type":"Feature","properties":{"grid":"A20","height":204,"airport":"Calicut"},"geometry":{"type":"Polygon","coordinates":[[[76.08333332959795,11.333333330268239],[76.10000000003498,11.333333330129964],[76.09999999983832,11.316666669827072],[76.0833333299777,11.31666667003333],[76.08333332959795,11.333333330268239]]]}},{"type":"Feature","properties":{"grid":"A21","height":204,"airport":"Calicut"},"geometry":{"type":"Polygon","coordinates":[[[76.10000000003498,11.333333330129964],[76.11666667012662,11.33333333040224],[76.11666667024535,11.316666670434964],[76.09999999983832,11.316666669827072],[76.10000000003498,11.333333330129964]]]}},{"type":"Feature","properties":{"grid":"A22","height":204,"airport":"Calicut"},"geometry":{"type":"Polygon","coordinates":[[[76.11666667012662,11.33333333040224],[76.13333333031213,11.33333333019205],[76.1333333298023,11.316666670066589],[76.11666667024535,11.316666670434964],[76.11666667012662,11.33333333040224]]]}},{"type":"Feature","properties":{"grid":"B1","height":204,"airport":"Calicut"},"geometry":{"type":"Polygon","coordinates":[[[75.76666667024466,11.300000000419239],[75.76666667032802,11.316666670080163],[75.78333332997295,11.31666666994694],[75.78333333021762,11.299999999738247],[75.76666667024466,11.300000000419239]]]}},{"type":"Feature","properties":{"grid":"B2","height":204,"airport":"Calicut"},"geometry":{"type":"Polygon","coordinates":[[[75.78333333021762,11.299999999738247],[75.78333332997295,11.31666666994694],[75.80000000041228,11.316666670109345],[75.80000000005069,11.299999999762132],[75.78333333021762,11.299999999738247]]]}},{"type":"Feature","properties":{"grid":"B3","height":204,"airport":"Calicut"},"geometry":{"type":"Polygon","coordinates":[[[75.80000000005069,11.299999999762132],[75.80000000041228,11.316666670109345],[75.81666667025338,11.316666669674495],[75.81666667018405,11.29999999959307],[75.80000000005069,11.299999999762132]]]}},{"type":"Feature","properties":{"grid":"B4","height":204,"airport":"Calicut"},"geometry":{"type":"Polygon","coordinates":[[[75.81666667018405,11.29999999959307],[75.81666667025338,11.316666669674495],[75.83333332994131,11.316666669555085],[75.83333333014679,11.300000000146195],[75.81666667018405,11.29999999959307]]]}},{"type":"Feature","properties":{"grid":"B5","height":204,"airport":"Calicut"},"geometry":{"type":"Polygon","coordinates":[[[75.83333333014679,11.300000000146195],[75.83333332994131,11.316666669555085],[75.85000000015593,11.316666669674463],[75.84999999969828,11.300000000443287],[75.83333333014679,11.300000000146195]]]}},{"type":"Feature","properties":{"grid":"B6","height":204,"airport":"Calicut"},"geometry":{"type":"Polygon","coordinates":[[[75.84999999969828,11.300000000443287],[75.85000000015593,11.316666669674463],[75.86666667042348,11.316666670042135],[75.86666667019468,11.299999999584365],[75.84999999969828,11.300000000443287]]]}},{"type":"Feature","properties":{"grid":"B7","height":204,"airport":"Calicut"},"geometry":{"type":"Polygon","coordinates":[[[75.86666667019468,11.299999999584365],[75.86666667042348,11.316666670042135],[75.88333333026756,11.316666669765336],[75.88333333025437,11.300000000296365],[75.86666667019468,11.299999999584365]]]}},{"type":"Feature","properties":{"grid":"B8","height":204,"airport":"Calicut"},"geometry":{"type":"Polygon","coordinates":[[[75.88333333025437,11.300000000296365],[75.88333333026756,11.316666669765336],[75.9000000003703,11.316666669667097],[75.89999999963085,11.299999999788058],[75.88333333025437,11.300000000296365]]]}},{"type":"Feature","properties":{"grid":"B9","height":204,"airport":"Calicut"},"geometry":{"type":"Polygon","coordinates":[[[75.89999999963085,11.299999999788058],[75.9000000003703,11.316666669667097],[75.91666667025801,11.316666669757586],[75.9166666696885,11.299999999872679],[75.89999999963085,11.299999999788058]]]}},{"type":"Feature","properties":{"grid":"B10","height":204,"airport":"Calicut"},"geometry":{"type":"Polygon","coordinates":[[[75.9166666696885,11.299999999872679],[75.91666667025801,11.316666669757586],[75.93333333037339,11.31666667004611],[75.93333332995113,11.299999999657972],[75.9166666696885,11.299999999872679]]]}},{"type":"Feature","properties":{"grid":"B11","height":204,"airport":"Calicut"},"geometry":{"type":"Polygon","coordinates":[[[75.93333332995113,11.299999999657972],[75.93333333037339,11.31666667004611],[75.94999999956299,11.316666670452506],[75.9500000001829,11.299999999965207],[75.93333332995113,11.299999999657972]]]}},{"type":"Feature","properties":{"grid":"B12","height":204,"airport":"Calicut"},"geometry":{"type":"Polygon","coordinates":[[[75.9500000001829,11.299999999965207],[75.94999999956299,11.316666670452506],[75.96666667009889,11.316666670074548],[75.96666666990743,11.29999999990099],[75.9500000001829,11.299999999965207]]]}},{"type":"Feature","properties":{"grid":"B13","height":204,"airport":"Calicut"},"geometry":{"type":"Polygon","coordinates":[[[75.96666666990743,11.29999999990099],[75.96666667009889,11.316666670074548],[75.983333329678,11.316666669835138],[75.98333332957061,11.300000000379347],[75.96666666990743,11.29999999990099]]]}},{"type":"Feature","properties":{"grid":"B14","height":204,"airport":"Calicut"},"geometry":{"type":"Polygon","coordinates":[[[75.98333332957061,11.300000000379347],[75.983333329678,11.316666669835138],[75.99999999989528,11.316666669640693],[75.99999999984647,11.300000000405534],[75.98333332957061,11.300000000379347]]]}},{"type":"Feature","properties":{"grid":"B15","height":204,"airport":"Calicut"},"geometry":{"type":"Polygon","coordinates":[[[75.99999999984647,11.300000000405534],[75.99999999989528,11.316666669640693],[76.01666667028026,11.316666670406827],[76.0166666702615,11.299999999990922],[75.99999999984647,11.300000000405534]]]}},{"type":"Feature","properties":{"grid":"B16","height":204,"airport":"Calicut"},"geometry":{"type":"Polygon","coordinates":[[[76.0166666702615,11.299999999990922],[76.01666667028026,11.316666670406827],[76.03333333035319,11.316666670338394],[76.03333333034564,11.30000000005307],[76.0166666702615,11.299999999990922]]]}},{"type":"Feature","properties":{"grid":"B17","height":204,"airport":"Calicut"},"geometry":{"type":"Polygon","coordinates":[[[76.03333333034564,11.30000000005307],[76.03333333035319,11.316666670338394],[76.04999999987923,11.316666670247672],[76.04999999985617,11.2999999995959],[76.03333333034564,11.30000000005307]]]}},{"type":"Feature","properties":{"grid":"B18","height":204,"airport":"Calicut"},"geometry":{"type":"Polygon","coordinates":[[[76.04999999985617,11.2999999995959],[76.04999999987923,11.316666670247672],[76.06666667021727,11.316666670140242],[76.06666667015865,11.300000000433455],[76.04999999985617,11.2999999995959]]]}},{"type":"Feature","properties":{"grid":"B19","height":204,"airport":"Calicut"},"geometry":{"type":"Polygon","coordinates":[[[76.06666667015865,11.300000000433455],[76.06666667021727,11.316666670140242],[76.0833333299777,11.31666667003333],[76.08333332985382,11.29999999987024],[76.06666667015865,11.300000000433455]]]}},{"type":"Feature","properties":{"grid":"B20","height":204,"airport":"Calicut"},"geometry":{"type":"Polygon","coordinates":[[[76.08333332985382,11.29999999987024],[76.0833333299777,11.31666667003333],[76.09999999983832,11.316666669827072],[76.0999999996245,11.29999999961502],[76.08333332985382,11.29999999987024]]]}},{"type":"Feature","properties":{"grid":"B21","height":204,"airport":"Calicut"},"geometry":{"type":"Polygon","coordinates":[[[76.0999999996245,11.29999999961502],[76.09999999983832,11.316666669827072],[76.11666667024535,11.316666670434964],[76.11666666991366,11.299999999677008],[76.0999999996245,11.29999999961502]]]}},{"type":"Feature","properties":{"grid":"B22","height":204,"airport":"Calicut"},"geometry":{"type":"Polygon","coordinates":[[[76.11666666991366,11.299999999677008],[76.11666667024535,11.316666670434964],[76.1333333298023,11.316666670066589],[76.13333333024822,11.300000000070726],[76.11666666991366,11.299999999677008]]]}},{"type":"Feature","properties":{"grid":"C1","height":204,"airport":"Calicut"},"geometry":{"type":"Polygon","coordinates":[[[75.76666666961198,11.283333329563934],[75.76666667024466,11.300000000419239],[75.78333333021762,11.299999999738247],[75.78333333040423,11.283333330157214],[75.76666666961198,11.283333329563934]]]}},{"type":"Feature","properties":{"grid":"C2","height":204,"airport":"Calicut"},"geometry":{"type":"Polygon","coordinates":[[[75.78333333040423,11.283333330157214],[75.78333333021762,11.299999999738247],[75.80000000005069,11.299999999762132],[75.80000000011765,11.28333333005627],[75.78333333040423,11.283333330157214]]]}},{"type":"Feature","properties":{"grid":"C3","height":204,"airport":"Calicut"},"geometry":{"type":"Polygon","coordinates":[[[75.80000000011765,11.28333333005627],[75.80000000005069,11.299999999762132],[75.81666667018405,11.29999999959307],[75.81666667011359,11.283333330169492],[75.80000000011765,11.28333333005627]]]}},{"type":"Feature","properties":{"grid":"C4","height":204,"airport":"Calicut"},"geometry":{"type":"Polygon","coordinates":[[[75.81666667011359,11.283333330169492],[75.81666667018405,11.29999999959307],[75.83333333014679,11.300000000146195],[75.83333332991626,11.28333332960342],[75.81666667011359,11.283333330169492]]]}},{"type":"Feature","properties":{"grid":"C5","height":204,"airport":"Calicut"},"geometry":{"type":"Polygon","coordinates":[[[75.83333332991626,11.28333332960342],[75.83333333014679,11.300000000146195],[75.84999999969828,11.300000000443287],[75.8500000002074,11.283333330090185],[75.83333332991626,11.28333332960342]]]}},{"type":"Feature","properties":{"grid":"C6","height":204,"airport":"Calicut"},"geometry":{"type":"Polygon","coordinates":[[[75.8500000002074,11.283333330090185],[75.84999999969828,11.300000000443287],[75.86666667019468,11.299999999584365],[75.86666666959222,11.283333329833386],[75.8500000002074,11.283333330090185]]]}},{"type":"Feature","properties":{"grid":"C7","height":204,"airport":"Calicut"},"geometry":{"type":"Polygon","coordinates":[[[75.86666666959222,11.283333329833386],[75.86666667019468,11.299999999584365],[75.88333333025437,11.300000000296365],[75.88333333034868,11.283333329740776],[75.86666666959222,11.283333329833386]]]}},{"type":"Feature","properties":{"grid":"C8","height":204,"airport":"Calicut"},"geometry":{"type":"Polygon","coordinates":[[[75.88333333034868,11.283333329740776],[75.88333333025437,11.300000000296365],[75.89999999963085,11.299999999788058],[75.9000000004045,11.28333332973933],[75.88333333034868,11.283333329740776]]]}},{"type":"Feature","properties":{"grid":"C9","height":204,"airport":"Calicut"},"geometry":{"type":"Polygon","coordinates":[[[75.9000000004045,11.28333332973933],[75.89999999963085,11.299999999788058],[75.9166666696885,11.299999999872679],[75.91666667020259,11.28333332983655],[75.9000000004045,11.28333332973933]]]}},{"type":"Feature","properties":{"grid":"C10","height":204,"airport":"Calicut"},"geometry":{"type":"Polygon","coordinates":[[[75.91666667020259,11.28333332983655],[75.9166666696885,11.299999999872679],[75.93333332995113,11.299999999657972],[75.93333333018592,11.283333330041692],[75.91666667020259,11.28333332983655]]]}},{"type":"Feature","properties":{"grid":"C11","height":204,"airport":"Calicut"},"geometry":{"type":"Polygon","coordinates":[[[75.93333333018592,11.283333330041692],[75.93333332995113,11.299999999657972],[75.9500000001829,11.299999999965207],[75.95000000011424,11.283333330271914],[75.93333333018592,11.283333330041692]]]}},{"type":"Feature","properties":{"grid":"C12","height":204,"airport":"Calicut"},"geometry":{"type":"Polygon","coordinates":[[[75.95000000011424,11.283333330271914],[75.9500000001829,11.299999999965207],[75.96666666990743,11.29999999990099],[75.96666667042741,11.283333329630798],[75.95000000011424,11.283333330271914]]]}},{"type":"Feature","properties":{"grid":"C13","height":204,"airport":"Calicut"},"geometry":{"type":"Polygon","coordinates":[[[75.96666667042741,11.283333329630798],[75.96666666990743,11.29999999990099],[75.98333332957061,11.300000000379347],[75.98333332974222,11.283333329942561],[75.96666667042741,11.283333329630798]]]}},{"type":"Feature","properties":{"grid":"C14","height":204,"airport":"Calicut"},"geometry":{"type":"Polygon","coordinates":[[[75.98333332974222,11.283333329942561],[75.98333332957061,11.300000000379347],[75.99999999984647,11.300000000405534],[75.99999999964729,11.28333333020962],[75.98333332974222,11.283333329942561]]]}},{"type":"Feature","properties":{"grid":"C15","height":204,"airport":"Calicut"},"geometry":{"type":"Polygon","coordinates":[[[75.99999999964729,11.28333333020962],[75.99999999984647,11.300000000405534],[76.0166666702615,11.299999999990922],[76.01666666966943,11.283333330443343],[75.99999999964729,11.28333333020962]]]}},{"type":"Feature","properties":{"grid":"C16","height":204,"airport":"Calicut"},"geometry":{"type":"Polygon","coordinates":[[[76.01666666966943,11.283333330443343],[76.0166666702615,11.299999999990922],[76.03333333034564,11.30000000005307],[76.0333333302485,11.2833333297496],[76.01666666966943,11.283333330443343]]]}},{"type":"Feature","properties":{"grid":"C17","height":204,"airport":"Calicut"},"geometry":{"type":"Polygon","coordinates":[[[76.0333333302485,11.2833333297496],[76.03333333034564,11.30000000005307],[76.04999999985617,11.2999999995959],[76.0500000002337,11.283333329848254],[76.0333333302485,11.2833333297496]]]}},{"type":"Feature","properties":{"grid":"C18","height":204,"airport":"Calicut"},"geometry":{"type":"Polygon","coordinates":[[[76.0500000002337,11.283333329848254],[76.04999999985617,11.2999999995959],[76.06666667015865,11.300000000433455],[76.06666667006483,11.28333332984392],[76.0500000002337,11.283333329848254]]]}},{"type":"Feature","properties":{"grid":"C19","height":204,"airport":"Calicut"},"geometry":{"type":"Polygon","coordinates":[[[76.06666667006483,11.28333332984392],[76.06666667015865,11.300000000433455],[76.08333332985382,11.29999999987024],[76.08333333018503,11.283333329747228],[76.06666667006483,11.28333332984392]]]}},{"type":"Feature","properties":{"grid":"C20","height":204,"airport":"Calicut"},"geometry":{"type":"Polygon","coordinates":[[[76.08333333018503,11.283333329747228],[76.08333332985382,11.29999999987024],[76.0999999996245,11.29999999961502],[76.10000000035626,11.283333330366128],[76.08333333018503,11.283333329747228]]]}},{"type":"Feature","properties":{"grid":"C21","height":204,"airport":"Calicut"},"geometry":{"type":"Polygon","coordinates":[[[76.10000000035626,11.283333330366128],[76.0999999996245,11.29999999961502],[76.11666666991366,11.299999999677008],[76.11666667009855,11.283333329904805],[76.10000000035626,11.283333330366128]]]}},{"type":"Feature","properties":{"grid":"C22","height":204,"airport":"Calicut"},"geometry":{"type":"Polygon","coordinates":[[[76.11666667009855,11.283333329904805],[76.11666666991366,11.299999999677008],[76.13333333024822,11.300000000070726],[76.13333332986208,11.283333330182863],[76.11666667009855,11.283333329904805]]]}},{"type":"Feature","properties":{"grid":"D1","height":204,"airport":"Calicut"},"geometry":{"type":"Polygon","coordinates":[[[75.76666667029944,11.26666667019546],[75.76666666961198,11.283333329563934],[75.78333333040423,11.283333330157214],[75.78333332964478,11.266666670274944],[75.76666667029944,11.26666667019546]]]}},{"type":"Feature","properties":{"grid":"D2","height":204,"airport":"Calicut"},"geometry":{"type":"Polygon","coordinates":[[[75.78333332964478,11.266666670274944],[75.78333333040423,11.283333330157214],[75.80000000011765,11.28333333005627],[75.79999999972564,11.266666670062843],[75.78333332964478,11.266666670274944]]]}},{"type":"Feature","properties":{"grid":"D3","height":204,"airport":"Calicut"},"geometry":{"type":"Polygon","coordinates":[[[75.79999999972564,11.266666670062843],[75.80000000011765,11.28333333005627],[75.81666667011359,11.283333330169492],[75.81666667006881,11.26666666956802],[75.79999999972564,11.266666670062843]]]}},{"type":"Feature","properties":{"grid":"D4","height":204,"airport":"Calicut"},"geometry":{"type":"Polygon","coordinates":[[[75.81666667006881,11.26666666956802],[75.81666667011359,11.283333330169492],[75.83333332991626,11.28333332960342],[75.83333333020374,11.266666669705552],[75.81666667006881,11.26666666956802]]]}},{"type":"Feature","properties":{"grid":"D5","height":204,"airport":"Calicut"},"geometry":{"type":"Polygon","coordinates":[[[75.83333333020374,11.266666669705552],[75.83333332991626,11.28333332960342],[75.8500000002074,11.283333330090185],[75.8499999998894,11.266666670401706],[75.83333333020374,11.266666669705552]]]}},{"type":"Feature","properties":{"grid":"D6","height":204,"airport":"Calicut"},"geometry":{"type":"Polygon","coordinates":[[[75.8499999998894,11.266666670401706],[75.8500000002074,11.283333330090185],[75.86666666959222,11.283333329833386],[75.86666666956349,11.266666669854901],[75.8499999998894,11.266666670401706]]]}},{"type":"Feature","properties":{"grid":"D7","height":204,"airport":"Calicut"},"geometry":{"type":"Polygon","coordinates":[[[75.86666666956349,11.266666669854901],[75.86666666959222,11.283333329833386],[75.88333333034868,11.283333329740776],[75.88333332967437,11.266666669882463],[75.86666666956349,11.266666669854901]]]}},{"type":"Feature","properties":{"grid":"D8","height":204,"airport":"Calicut"},"geometry":{"type":"Polygon","coordinates":[[[75.88333332967437,11.266666669882463],[75.88333333034868,11.283333329740776],[75.9000000004045,11.28333332973933],[75.8999999999807,11.266666670406075],[75.88333332967437,11.266666669882463]]]}},{"type":"Feature","properties":{"grid":"D9","height":184,"airport":"Calicut"},"geometry":{"type":"Polygon","coordinates":[[[75.8999999999807,11.266666670406075],[75.9000000004045,11.28333332973933],[75.91666667020259,11.28333332983655],[75.9166666700037,11.266666669627327],[75.8999999999807,11.266666670406075]]]}},{"type":"Feature","properties":{"grid":"D10","height":184,"airport":"Calicut"},"geometry":{"type":"Polygon","coordinates":[[[75.9166666700037,11.266666669627327],[75.91666667020259,11.28333332983655],[75.93333333018592,11.283333330041692],[75.93333333019511,11.266666670268311],[75.9166666700037,11.266666669627327]]]}},{"type":"Feature","properties":{"grid":"D11","height":184,"airport":"Calicut"},"geometry":{"type":"Polygon","coordinates":[[[75.93333333019511,11.266666670268311],[75.93333333018592,11.283333330041692],[75.95000000011424,11.283333330271914],[75.95000000030736,11.26666667043774],[75.93333333019511,11.266666670268311]]]}},{"type":"Feature","properties":{"grid":"D12","height":184,"airport":"Calicut"},"geometry":{"type":"Polygon","coordinates":[[[75.95000000030736,11.26666667043774],[75.95000000011424,11.283333330271914],[75.96666667042741,11.283333329630798],[75.96666666986735,11.266666670146462],[75.95000000030736,11.26666667043774]]]}},{"type":"Feature","properties":{"grid":"D13","height":184,"airport":"Calicut"},"geometry":{"type":"Polygon","coordinates":[[[75.96666666986735,11.266666670146462],[75.96666667042741,11.283333329630798],[75.98333332974222,11.283333329942561],[75.98333333023736,11.26666667030544],[75.96666666986735,11.266666670146462]]]}},{"type":"Feature","properties":{"grid":"D14","height":184,"airport":"Calicut"},"geometry":{"type":"Polygon","coordinates":[[[75.98333333023736,11.26666667030544],[75.98333332974222,11.283333329942561],[75.99999999964729,11.28333333020962],[76.00000000025605,11.266666669926193],[75.98333333023736,11.26666667030544]]]}},{"type":"Feature","properties":{"grid":"D15","height":204,"airport":"Calicut"},"geometry":{"type":"Polygon","coordinates":[[[76.00000000025605,11.266666669926193],[75.99999999964729,11.28333333020962],[76.01666666966943,11.283333330443343],[76.01666667036962,11.266666669921342],[76.00000000025605,11.266666669926193]]]}},{"type":"Feature","properties":{"grid":"D16","height":204,"airport":"Calicut"},"geometry":{"type":"Polygon","coordinates":[[[76.01666667036962,11.266666669921342],[76.01666666966943,11.283333330443343],[76.0333333302485,11.2833333297496],[76.03333333010532,11.266666670304156],[76.01666667036962,11.266666669921342]]]}},{"type":"Feature","properties":{"grid":"D17","height":204,"airport":"Calicut"},"geometry":{"type":"Polygon","coordinates":[[[76.03333333010532,11.266666670304156],[76.0333333302485,11.2833333297496],[76.0500000002337,11.283333329848254],[76.05000000013338,11.26666667007558],[76.03333333010532,11.266666670304156]]]}},{"type":"Feature","properties":{"grid":"D18","height":204,"airport":"Calicut"},"geometry":{"type":"Polygon","coordinates":[[[76.05000000013338,11.26666667007558],[76.0500000002337,11.283333329848254],[76.06666667006483,11.28333332984392],[76.06666666998414,11.266666670151855],[76.05000000013338,11.26666667007558]]]}},{"type":"Feature","properties":{"grid":"D19","height":204,"airport":"Calicut"},"geometry":{"type":"Polygon","coordinates":[[[76.06666667006483,11.28333332984392],[76.08333333018503,11.283333329747228],[76.08333333009757,11.266666669639356],[76.06666666998414,11.266666670151855],[76.06666667006483,11.28333332984392]]]}},{"type":"Feature","properties":{"grid":"D20","height":204,"airport":"Calicut"},"geometry":{"type":"Polygon","coordinates":[[[76.08333333009757,11.266666669639356],[76.08333333018503,11.283333329747228],[76.10000000035626,11.283333330366128],[76.10000000023742,11.266666670250364],[76.08333333009757,11.266666669639356]]]}},{"type":"Feature","properties":{"grid":"D21","height":204,"airport":"Calicut"},"geometry":{"type":"Polygon","coordinates":[[[76.10000000023742,11.266666670250364],[76.10000000035626,11.283333330366128],[76.11666667009855,11.283333329904805],[76.11666666992407,11.266666670189107],[76.10000000023742,11.266666670250364]]]}},{"type":"Feature","properties":{"grid":"D22","height":204,"airport":"Calicut"},"geometry":{"type":"Polygon","coordinates":[[[76.11666666992407,11.266666670189107],[76.11666667009855,11.283333329904805],[76.13333332986208,11.283333330182863],[76.1333333296043,11.266666670370908],[76.11666666992407,11.266666670189107]]]}},{"type":"Feature","properties":{"grid":"E1","height":204,"airport":"Calicut"},"geometry":{"type":"Polygon","coordinates":[[[75.76666667041839,11.249999999736719],[75.76666667029944,11.26666667019546],[75.78333332964478,11.266666670274944],[75.78333332972142,11.250000000217723],[75.76666667041839,11.249999999736719]]]}},{"type":"Feature","properties":{"grid":"E2","height":204,"airport":"Calicut"},"geometry":{"type":"Polygon","coordinates":[[[75.78333332972142,11.250000000217723],[75.78333332964478,11.266666670274944],[75.79999999972564,11.266666670062843],[75.79999999973964,11.249999999910601],[75.78333332972142,11.250000000217723]]]}},{"type":"Feature","properties":{"grid":"E3","height":204,"airport":"Calicut"},"geometry":{"type":"Polygon","coordinates":[[[75.79999999973964,11.249999999910601],[75.79999999972564,11.266666670062843],[75.81666667006881,11.26666666956802],[75.81666667000246,11.249999999728482],[75.79999999973964,11.249999999910601]]]}},{"type":"Feature","properties":{"grid":"E4","height":204,"airport":"Calicut"},"geometry":{"type":"Polygon","coordinates":[[[75.81666667000246,11.249999999728482],[75.81666667006881,11.26666666956802],[75.83333333020374,11.266666669705552],[75.83333333003704,11.249999999682158],[75.81666667000246,11.249999999728482]]]}},{"type":"Feature","properties":{"grid":"E5","height":204,"airport":"Calicut"},"geometry":{"type":"Polygon","coordinates":[[[75.83333333003704,11.249999999682158],[75.83333333020374,11.266666669705552],[75.8499999998894,11.266666670401706],[75.84999999960077,11.249999999698023],[75.83333333003704,11.249999999682158]]]}},{"type":"Feature","properties":{"grid":"E6","height":204,"airport":"Calicut"},"geometry":{"type":"Polygon","coordinates":[[[75.84999999960077,11.249999999698023],[75.8499999998894,11.266666670401706],[75.86666666956349,11.266666669854901],[75.86666667005281,11.249999999780348],[75.84999999960077,11.249999999698023]]]}},{"type":"Feature","properties":{"grid":"E7","height":184,"airport":"Calicut"},"geometry":{"type":"Polygon","coordinates":[[[75.86666667005281,11.249999999780348],[75.86666666956349,11.266666669854901],[75.88333332967437,11.266666669882463],[75.88333333000433,11.249999999943181],[75.86666667005281,11.249999999780348]]]}},{"type":"Feature","properties":{"grid":"E8","height":184,"airport":"Calicut"},"geometry":{"type":"Polygon","coordinates":[[[75.88333333000433,11.249999999943181],[75.88333332967437,11.266666669882463],[75.8999999999807,11.266666670406075],[75.90000000012841,11.2500000001057],[75.88333333000433,11.249999999943181]]]}},{"type":"Feature","properties":{"grid":"E9","height":184,"airport":"Calicut"},"geometry":{"type":"Polygon","coordinates":[[[75.90000000012841,11.2500000001057],[75.8999999999807,11.266666670406075],[75.9166666700037,11.266666669627327],[75.91666666995218,11.250000000278067],[75.90000000012841,11.2500000001057]]]}},{"type":"Feature","properties":{"grid":"E10","height":184,"airport":"Calicut"},"geometry":{"type":"Polygon","coordinates":[[[75.91666666995218,11.250000000278067],[75.9166666700037,11.266666669627327],[75.93333333019511,11.266666670268311],[75.933333329916,11.249999999565222],[75.91666666995218,11.250000000278067]]]}},{"type":"Feature","properties":{"grid":"E11","height":184,"airport":"Calicut"},"geometry":{"type":"Polygon","coordinates":[[[75.933333329916,11.249999999565222],[75.93333333019511,11.266666670268311],[75.95000000030736,11.26666667043774],[75.94999999978234,11.24999999969312],[75.933333329916,11.249999999565222]]]}},{"type":"Feature","properties":{"grid":"E12","height":184,"airport":"Calicut"},"geometry":{"type":"Polygon","coordinates":[[[75.94999999978234,11.24999999969312],[75.95000000030736,11.26666667043774],[75.96666666986735,11.266666670146462],[75.96666666999148,11.24999999976531],[75.94999999978234,11.24999999969312]]]}},{"type":"Feature","properties":{"grid":"E13","height":184,"airport":"Calicut"},"geometry":{"type":"Polygon","coordinates":[[[75.96666666999148,11.24999999976531],[75.96666666986735,11.266666670146462],[75.98333333023736,11.26666667030544],[75.98333333007076,11.249999999794408],[75.96666666999148,11.24999999976531]]]}},{"type":"Feature","properties":{"grid":"E14","height":184,"airport":"Calicut"},"geometry":{"type":"Polygon","coordinates":[[[75.98333333007076,11.249999999794408],[75.98333333023736,11.26666667030544],[76.00000000025605,11.266666669926193],[75.99999999977648,11.249999999693404],[75.98333333007076,11.249999999794408]]]}},{"type":"Feature","properties":{"grid":"E15","height":184,"airport":"Calicut"},"geometry":{"type":"Polygon","coordinates":[[[75.99999999977648,11.249999999693404],[76.00000000025605,11.266666669926193],[76.01666667036962,11.266666669921342],[76.01666666955501,11.250000000374843],[75.99999999977648,11.249999999693404]]]}},{"type":"Feature","properties":{"grid":"E16","height":184,"airport":"Calicut"},"geometry":{"type":"Polygon","coordinates":[[[76.01666666955501,11.250000000374843],[76.01666667036962,11.266666669921342],[76.03333333010532,11.266666670304156],[76.03333332984346,11.250000000040377],[76.01666666955501,11.250000000374843]]]}},{"type":"Feature","properties":{"grid":"E17","height":204,"airport":"Calicut"},"geometry":{"type":"Polygon","coordinates":[[[76.03333332984346,11.250000000040377],[76.03333333010532,11.266666670304156],[76.05000000013338,11.26666667007558],[76.05000000040405,11.250000000406857],[76.03333332984346,11.250000000040377]]]}},{"type":"Feature","properties":{"grid":"E18","height":204,"airport":"Calicut"},"geometry":{"type":"Polygon","coordinates":[[[76.05000000040405,11.250000000406857],[76.05000000013338,11.26666667007558],[76.06666666998414,11.266666670151855],[76.06666666984158,11.249999999681101],[76.05000000040405,11.250000000406857]]]}},{"type":"Feature","properties":{"grid":"E19","height":204,"airport":"Calicut"},"geometry":{"type":"Polygon","coordinates":[[[76.06666666984158,11.249999999681101],[76.06666666998414,11.266666670151855],[76.08333333009757,11.266666669639356],[76.08333333043807,11.249999999675614],[76.06666666984158,11.249999999681101]]]}},{"type":"Feature","properties":{"grid":"E20","height":204,"airport":"Calicut"},"geometry":{"type":"Polygon","coordinates":[[[76.08333333043807,11.249999999675614],[76.08333333009757,11.266666669639356],[76.10000000023742,11.266666670250364],[76.1000000001171,11.250000000301025],[76.08333333043807,11.249999999675614]]]}},{"type":"Feature","properties":{"grid":"E21","height":204,"airport":"Calicut"},"geometry":{"type":"Polygon","coordinates":[[[76.1000000001171,11.250000000301025],[76.10000000023742,11.266666670250364],[76.11666666992407,11.266666670189107],[76.11666667023117,11.24999999975479],[76.1000000001171,11.250000000301025]]]}},{"type":"Feature","properties":{"grid":"E22","height":204,"airport":"Calicut"},"geometry":{"type":"Polygon","coordinates":[[[76.11666667023117,11.24999999975479],[76.11666666992407,11.266666670189107],[76.1333333296043,11.266666670370908],[76.1333333303147,11.24999999985979],[76.11666667023117,11.24999999975479]]]}},{"type":"Feature","properties":{"grid":"F1","height":204,"airport":"Calicut"},"geometry":{"type":"Polygon","coordinates":[[[75.76666667000363,11.233333329969351],[75.76666667041839,11.249999999736719],[75.78333332972142,11.250000000217723],[75.78333332974857,11.233333329960937],[75.76666667000363,11.233333329969351]]]}},{"type":"Feature","properties":{"grid":"F2","height":204,"airport":"Calicut"},"geometry":{"type":"Polygon","coordinates":[[[75.78333332974857,11.233333329960937],[75.78333332972142,11.250000000217723],[75.79999999973964,11.249999999910601],[75.80000000019079,11.233333329572437],[75.78333332974857,11.233333329960937]]]}},{"type":"Feature","properties":{"grid":"F3","height":204,"airport":"Calicut"},"geometry":{"type":"Polygon","coordinates":[[[75.80000000019079,11.233333329572437],[75.79999999973964,11.249999999910601],[75.81666667000246,11.249999999728482],[75.81666666994391,11.233333329719438],[75.80000000019079,11.233333329572437]]]}},{"type":"Feature","properties":{"grid":"F4","height":204,"airport":"Calicut"},"geometry":{"type":"Polygon","coordinates":[[[75.81666666994391,11.233333329719438],[75.81666667000246,11.249999999728482],[75.83333333003704,11.249999999682158],[75.83333333036745,11.233333330407776],[75.81666666994391,11.233333329719438]]]}},{"type":"Feature","properties":{"grid":"F5","height":204,"airport":"Calicut"},"geometry":{"type":"Polygon","coordinates":[[[75.83333333036745,11.233333330407776],[75.83333333003704,11.249999999682158],[75.84999999960077,11.249999999698023],[75.85000000029598,11.233333329757803],[75.83333333036745,11.233333330407776]]]}},{"type":"Feature","properties":{"grid":"F6","height":184,"airport":"Calicut"},"geometry":{"type":"Polygon","coordinates":[[[75.85000000029598,11.233333329757803],[75.84999999960077,11.249999999698023],[75.86666667005281,11.249999999780348],[75.86666667017798,11.233333329585063],[75.85000000029598,11.233333329757803]]]}},{"type":"Feature","properties":{"grid":"F7","height":184,"airport":"Calicut"},"geometry":{"type":"Polygon","coordinates":[[[75.86666667017798,11.233333329585063],[75.86666667005281,11.249999999780348],[75.88333333000433,11.249999999943181],[75.88333333045692,11.233333329898269],[75.86666667017798,11.233333329585063]]]}},{"type":"Feature","properties":{"grid":"F8","height":184,"airport":"Calicut"},"geometry":{"type":"Polygon","coordinates":[[[75.88333333045692,11.233333329898269],[75.88333333000433,11.249999999943181],[75.90000000012841,11.2500000001057],[75.8999999999696,11.233333329717833],[75.88333333045692,11.233333329898269]]]}},{"type":"Feature","properties":{"grid":"F9","height":184,"airport":"Calicut"},"geometry":{"type":"Polygon","coordinates":[[[75.8999999999696,11.233333329717833],[75.90000000012841,11.2500000001057],[75.91666666995218,11.250000000278067],[75.91666667007806,11.23333332995268],[75.8999999999696,11.233333329717833]]]}},{"type":"Feature","properties":{"grid":"F10","height":184,"airport":"Calicut"},"geometry":{"type":"Polygon","coordinates":[[[75.91666667007806,11.23333332995268],[75.91666666995218,11.250000000278067],[75.933333329916,11.249999999565222],[75.93333333030697,11.233333329710483],[75.91666667007806,11.23333332995268]]]}},{"type":"Feature","properties":{"grid":"F11","height":184,"airport":"Calicut"},"geometry":{"type":"Polygon","coordinates":[[[75.93333333030697,11.233333329710483],[75.933333329916,11.249999999565222],[75.94999999978234,11.24999999969312],[75.95000000041432,11.233333329813034],[75.93333333030697,11.233333329710483]]]}},{"type":"Feature","properties":{"grid":"F12","height":184,"airport":"Calicut"},"geometry":{"type":"Polygon","coordinates":[[[75.95000000041432,11.233333329813034],[75.94999999978234,11.24999999969312],[75.96666666999148,11.24999999976531],[75.96666666992753,11.233333330271087],[75.95000000041432,11.233333329813034]]]}},{"type":"Feature","properties":{"grid":"F13","height":184,"airport":"Calicut"},"geometry":{"type":"Polygon","coordinates":[[[75.96666666992753,11.233333330271087],[75.96666666999148,11.24999999976531],[75.98333333007076,11.249999999794408],[75.98333333020314,11.233333330187131],[75.96666666992753,11.233333330271087]]]}},{"type":"Feature","properties":{"grid":"F14","height":184,"airport":"Calicut"},"geometry":{"type":"Polygon","coordinates":[[[75.98333333020314,11.233333330187131],[75.98333333007076,11.249999999794408],[75.99999999977648,11.249999999693404],[76.00000000008292,11.2333333303814],[75.98333333020314,11.233333330187131]]]}},{"type":"Feature","properties":{"grid":"F15","height":184,"airport":"Calicut"},"geometry":{"type":"Polygon","coordinates":[[[76.00000000008292,11.2333333303814],[75.99999999977648,11.249999999693404],[76.01666666955501,11.250000000374843],[76.01666667000715,11.233333329958011],[76.00000000008292,11.2333333303814]]]}},{"type":"Feature","properties":{"grid":"F16","height":184,"airport":"Calicut"},"geometry":{"type":"Polygon","coordinates":[[[76.01666667000715,11.233333329958011],[76.01666666955501,11.250000000374843],[76.03333332984346,11.250000000040377],[76.03333333042252,11.233333329831263],[76.01666667000715,11.233333329958011]]]}},{"type":"Feature","properties":{"grid":"F17","height":184,"airport":"Calicut"},"geometry":{"type":"Polygon","coordinates":[[[76.03333333042252,11.233333329831263],[76.03333332984346,11.250000000040377],[76.05000000040405,11.250000000406857],[76.05000000016747,11.23333332991294],[76.03333333042252,11.233333329831263]]]}},{"type":"Feature","properties":{"grid":"F18","height":204,"airport":"Calicut"},"geometry":{"type":"Polygon","coordinates":[[[76.05000000016747,11.23333332991294],[76.05000000040405,11.250000000406857],[76.06666666984158,11.249999999681101],[76.0666666696855,11.233333330211854],[76.05000000016747,11.23333332991294]]]}},{"type":"Feature","properties":{"grid":"F19","height":204,"airport":"Calicut"},"geometry":{"type":"Polygon","coordinates":[[[76.0666666696855,11.233333330211854],[76.06666666984158,11.249999999681101],[76.08333333043807,11.249999999675614],[76.08333333033285,11.233333329831042],[76.0666666696855,11.233333330211854]]]}},{"type":"Feature","properties":{"grid":"F20","height":204,"airport":"Calicut"},"geometry":{"type":"Polygon","coordinates":[[[76.08333333033285,11.233333329831042],[76.08333333043807,11.249999999675614],[76.1000000001171,11.250000000301025],[76.10000000003485,11.233333329585454],[76.08333333033285,11.233333329831042]]]}},{"type":"Feature","properties":{"grid":"F21","height":204,"airport":"Calicut"},"geometry":{"type":"Polygon","coordinates":[[[76.10000000003485,11.233333329585454],[76.1000000001171,11.250000000301025],[76.11666667023117,11.24999999975479],[76.11666667015449,11.233333330385227],[76.10000000003485,11.233333329585454]]]}},{"type":"Feature","properties":{"grid":"F22","height":204,"airport":"Calicut"},"geometry":{"type":"Polygon","coordinates":[[[76.11666667015449,11.233333330385227],[76.11666667023117,11.24999999975479],[76.1333333303147,11.24999999985979],[76.13333333021262,11.233333330436317],[76.11666667015449,11.233333330385227]]]}},{"type":"Feature","properties":{"grid":"G1","height":204,"airport":"Calicut"},"geometry":{"type":"Polygon","coordinates":[[[75.76666666999868,11.216666669959778],[75.76666667000363,11.233333329969351],[75.78333332974857,11.233333329960937],[75.78333332975919,11.216666670381947],[75.76666666999868,11.216666669959778]]]}},{"type":"Feature","properties":{"grid":"G2","height":204,"airport":"Calicut"},"geometry":{"type":"Polygon","coordinates":[[[75.78333332975919,11.216666670381947],[75.78333332974857,11.233333329960937],[75.80000000019079,11.233333329572437],[75.80000000019666,11.216666669928106],[75.78333332975919,11.216666670381947]]]}},{"type":"Feature","properties":{"grid":"G3","height":204,"airport":"Calicut"},"geometry":{"type":"Polygon","coordinates":[[[75.80000000019666,11.216666669928106],[75.80000000019079,11.233333329572437],[75.81666666994391,11.233333329719438],[75.81666666992749,11.21666667041813],[75.80000000019666,11.216666669928106]]]}},{"type":"Feature","properties":{"grid":"G4","height":204,"airport":"Calicut"},"geometry":{"type":"Polygon","coordinates":[[[75.81666666992749,11.21666667041813],[75.81666666994391,11.233333329719438],[75.83333333036745,11.233333330407776],[75.8333333303061,11.216666670049245],[75.81666666992749,11.21666667041813]]]}},{"type":"Feature","properties":{"grid":"G5","height":184,"airport":"Calicut"},"geometry":{"type":"Polygon","coordinates":[[[75.8333333303061,11.216666670049245],[75.83333333036745,11.233333330407776],[75.85000000029598,11.233333329757803],[75.8500000001734,11.216666669654797],[75.8333333303061,11.216666670049245]]]}},{"type":"Feature","properties":{"grid":"G6","height":184,"airport":"Calicut"},"geometry":{"type":"Polygon","coordinates":[[[75.8500000001734,11.216666669654797],[75.85000000029598,11.233333329757803],[75.86666667017798,11.233333329585063],[75.86666666997544,11.216666670146042],[75.8500000001734,11.216666669654797]]]}},{"type":"Feature","properties":{"grid":"G7","height":184,"airport":"Calicut"},"geometry":{"type":"Polygon","coordinates":[[[75.86666666997544,11.216666670146042],[75.86666667017798,11.233333329585063],[75.88333333045692,11.233333329898269],[75.88333333015052,11.216666669723086],[75.86666666997544,11.216666670146042]]]}},{"type":"Feature","properties":{"grid":"G8","height":184,"airport":"Calicut"},"geometry":{"type":"Polygon","coordinates":[[[75.88333333015052,11.216666669723086],[75.88333333045692,11.233333329898269],[75.8999999999696,11.233333329717833],[75.90000000045798,11.21666667011654],[75.88333333015052,11.216666669723086]]]}},{"type":"Feature","properties":{"grid":"G9","height":184,"airport":"Calicut"},"geometry":{"type":"Polygon","coordinates":[[[75.90000000045798,11.21666667011654],[75.8999999999696,11.233333329717833],[75.91666667007806,11.23333332995268],[75.91666667042269,11.216666670432248],[75.90000000045798,11.21666667011654]]]}},{"type":"Feature","properties":{"grid":"G10","height":184,"airport":"Calicut"},"geometry":{"type":"Polygon","coordinates":[[[75.91666667042269,11.216666670432248],[75.91666667007806,11.23333332995268],[75.93333333030697,11.233333329710483],[75.9333333295694,11.216666669778007],[75.91666667042269,11.216666670432248]]]}},{"type":"Feature","properties":{"grid":"G11","height":184,"airport":"Calicut"},"geometry":{"type":"Polygon","coordinates":[[[75.9333333295694,11.216666669778007],[75.93333333030697,11.233333329710483],[75.95000000041432,11.233333329813034],[75.95000000040523,11.216666669871417],[75.9333333295694,11.216666669778007]]]}},{"type":"Feature","properties":{"grid":"G12","height":184,"airport":"Calicut"},"geometry":{"type":"Polygon","coordinates":[[[75.95000000040523,11.216666669871417],[75.95000000041432,11.233333329813034],[75.96666666992753,11.233333330271087],[75.96666666970714,11.216666669827571],[75.95000000040523,11.216666669871417]]]}},{"type":"Feature","properties":{"grid":"G13","height":184,"airport":"Calicut"},"geometry":{"type":"Polygon","coordinates":[[[75.96666666970714,11.216666669827571],[75.96666666992753,11.233333330271087],[75.98333333020314,11.233333330187131],[75.98333332975061,11.216666669650305],[75.96666666970714,11.216666669827571]]]}},{"type":"Feature","properties":{"grid":"G14","height":184,"airport":"Calicut"},"geometry":{"type":"Polygon","coordinates":[[[75.98333332975061,11.216666669650305],[75.98333333020314,11.233333330187131],[76.00000000008292,11.2333333303814],[76.00000000029196,11.216666670156924],[75.98333332975061,11.216666669650305]]]}},{"type":"Feature","properties":{"grid":"G15","height":184,"airport":"Calicut"},"geometry":{"type":"Polygon","coordinates":[[[76.01666667000715,11.233333329958011],[76.01666666993671,11.21666666955337],[76.00000000029196,11.216666670156924],[76.00000000008292,11.2333333303814],[76.01666667000715,11.233333329958011]]]}},{"type":"Feature","properties":{"grid":"G16","height":184,"airport":"Calicut"},"geometry":{"type":"Polygon","coordinates":[[[76.03333333042252,11.233333329831263],[76.03333333005072,11.216666669655165],[76.01666666993671,11.21666666955337],[76.01666667000715,11.233333329958011],[76.03333333042252,11.233333329831263]]]}},{"type":"Feature","properties":{"grid":"G17","height":184,"airport":"Calicut"},"geometry":{"type":"Polygon","coordinates":[[[76.05000000016747,11.23333332991294],[76.05000000038699,11.216666670370952],[76.03333333005072,11.216666669655165],[76.03333333042252,11.233333329831263],[76.05000000016747,11.23333332991294]]]}},{"type":"Feature","properties":{"grid":"G18","height":184,"airport":"Calicut"},"geometry":{"type":"Polygon","coordinates":[[[76.0666666696855,11.233333330211854],[76.06666666955074,11.21666666990751],[76.05000000038699,11.216666670370952],[76.05000000016747,11.23333332991294],[76.0666666696855,11.233333330211854]]]}},{"type":"Feature","properties":{"grid":"G19","height":204,"airport":"Calicut"},"geometry":{"type":"Polygon","coordinates":[[[76.08333333033285,11.233333329831042],[76.08333332982413,11.216666670077352],[76.06666666955074,11.21666666990751],[76.0666666696855,11.233333330211854],[76.08333333033285,11.233333329831042]]]}},{"type":"Feature","properties":{"grid":"G20","height":204,"airport":"Calicut"},"geometry":{"type":"Polygon","coordinates":[[[76.10000000003485,11.233333329585454],[76.10000000004034,11.216666669883763],[76.08333332982413,11.216666670077352],[76.08333333033285,11.233333329831042],[76.10000000003485,11.233333329585454]]]}},{"type":"Feature","properties":{"grid":"G21","height":204,"airport":"Calicut"},"geometry":{"type":"Polygon","coordinates":[[[76.11666667015449,11.233333330385227],[76.11666666973056,11.216666670243525],[76.10000000004034,11.216666669883763],[76.10000000003485,11.233333329585454],[76.11666667015449,11.233333330385227]]]}},{"type":"Feature","properties":{"grid":"G22","height":204,"airport":"Calicut"},"geometry":{"type":"Polygon","coordinates":[[[76.13333333021262,11.233333330436317],[76.13333333025109,11.216666670260059],[76.11666666973056,11.216666670243525],[76.11666667015449,11.233333330385227],[76.13333333021262,11.233333330436317]]]}},{"type":"Feature","properties":{"grid":"H1","height":204,"airport":"Calicut"},"geometry":{"type":"Polygon","coordinates":[[[75.76666667035455,11.199999999839035],[75.76666666999868,11.216666669959778],[75.78333332975919,11.216666670381947],[75.7833333296984,11.199999999803232],[75.76666667035455,11.199999999839035]]]}},{"type":"Feature","properties":{"grid":"H2","height":204,"airport":"Calicut"},"geometry":{"type":"Polygon","coordinates":[[[75.7833333296984,11.199999999803232],[75.78333332975919,11.216666670381947],[75.80000000019666,11.216666669928106],[75.7999999997038,11.200000000204435],[75.7833333296984,11.199999999803232]]]}},{"type":"Feature","properties":{"grid":"H3","height":204,"airport":"Calicut"},"geometry":{"type":"Polygon","coordinates":[[[75.81666666989595,11.200000000147144],[75.7999999997038,11.200000000204435],[75.80000000019666,11.216666669928106],[75.81666666992749,11.21666667041813],[75.81666666989595,11.200000000147144]]]}},{"type":"Feature","properties":{"grid":"H4","height":184,"airport":"Calicut"},"geometry":{"type":"Polygon","coordinates":[[[75.83333332980254,11.199999999642095],[75.81666666989595,11.200000000147144],[75.81666666992749,11.21666667041813],[75.8333333303061,11.216666670049245],[75.83333332980254,11.199999999642095]]]}},{"type":"Feature","properties":{"grid":"H5","height":184,"airport":"Calicut"},"geometry":{"type":"Polygon","coordinates":[[[75.85000000009745,11.200000000422005],[75.83333332980254,11.199999999642095],[75.8333333303061,11.216666670049245],[75.8500000001734,11.216666669654797],[75.85000000009745,11.200000000422005]]]}},{"type":"Feature","properties":{"grid":"H6","height":184,"airport":"Calicut"},"geometry":{"type":"Polygon","coordinates":[[[75.85000000009745,11.200000000422005],[75.8500000001734,11.216666669654797],[75.86666666997544,11.216666670146042],[75.8666666703005,11.199999999783419],[75.85000000009745,11.200000000422005]]]}},{"type":"Feature","properties":{"grid":"H7","height":184,"airport":"Calicut"},"geometry":{"type":"Polygon","coordinates":[[[75.8666666703005,11.199999999783419],[75.86666666997544,11.216666670146042],[75.88333333015052,11.216666669723086],[75.88333332994753,11.200000000450615],[75.8666666703005,11.199999999783419]]]}},{"type":"Feature","properties":{"grid":"H8","height":164,"airport":"Calicut"},"geometry":{"type":"Polygon","coordinates":[[[75.88333332994753,11.200000000450615],[75.88333333015052,11.216666669723086],[75.90000000045798,11.21666667011654],[75.89999999969871,11.199999999630293],[75.88333332994753,11.200000000450615]]]}},{"type":"Feature","properties":{"grid":"H9","height":164,"airport":"Calicut"},"geometry":{"type":"Polygon","coordinates":[[[75.89999999969871,11.199999999630293],[75.90000000045798,11.21666667011654],[75.91666667042269,11.216666670432248],[75.91666667000597,11.20000000004259],[75.89999999969871,11.199999999630293]]]}},{"type":"Feature","properties":{"grid":"H10","height":164,"airport":"Calicut"},"geometry":{"type":"Polygon","coordinates":[[[75.91666667000597,11.20000000004259],[75.91666667042269,11.216666670432248],[75.9333333295694,11.216666669778007],[75.93333333039156,11.199999999890837],[75.91666667000597,11.20000000004259]]]}},{"type":"Feature","properties":{"grid":"H11","height":164,"airport":"Calicut"},"geometry":{"type":"Polygon","coordinates":[[[75.93333333039156,11.199999999890837],[75.9333333295694,11.216666669778007],[75.95000000040523,11.216666669871417],[75.94999999969458,11.20000000000001],[75.93333333039156,11.199999999890837]]]}},{"type":"Feature","properties":{"grid":"H12","height":164,"airport":"Calicut"},"geometry":{"type":"Polygon","coordinates":[[[75.94999999969458,11.20000000000001],[75.95000000040523,11.216666669871417],[75.96666666970714,11.216666669827571],[75.9666666701905,11.200000000372093],[75.94999999969458,11.20000000000001]]]}},{"type":"Feature","properties":{"grid":"H13","height":164,"airport":"Calicut"},"geometry":{"type":"Polygon","coordinates":[[[75.9666666701905,11.200000000372093],[75.96666666970714,11.216666669827571],[75.98333332975061,11.216666669650305],[75.98333332957253,11.200000000121292],[75.9666666701905,11.200000000372093]]]}},{"type":"Feature","properties":{"grid":"H14","height":164,"airport":"Calicut"},"geometry":{"type":"Polygon","coordinates":[[[75.98333332957253,11.200000000121292],[75.98333332975061,11.216666669650305],[76.00000000029196,11.216666670156924],[76.00000000034295,11.200000000056171],[75.98333332957253,11.200000000121292]]]}},{"type":"Feature","properties":{"grid":"H15","height":164,"airport":"Calicut"},"geometry":{"type":"Polygon","coordinates":[[[76.00000000034295,11.200000000056171],[76.00000000029196,11.216666670156924],[76.01666666993671,11.21666666955337],[76.01666667019794,11.200000000194057],[76.00000000034295,11.200000000056171]]]}},{"type":"Feature","properties":{"grid":"H16","height":164,"airport":"Calicut"},"geometry":{"type":"Polygon","coordinates":[[[76.01666667019794,11.200000000194057],[76.01666666993671,11.21666666955337],[76.03333333005072,11.216666669655165],[76.0333333295782,11.199999999640951],[76.01666667019794,11.200000000194057]]]}},{"type":"Feature","properties":{"grid":"H17","height":184,"airport":"Calicut"},"geometry":{"type":"Polygon","coordinates":[[[76.0333333295782,11.199999999640951],[76.03333333005072,11.216666669655165],[76.05000000038699,11.216666670370952],[76.05000000007317,11.200000000107817],[76.0333333295782,11.199999999640951]]]}},{"type":"Feature","properties":{"grid":"H18","height":184,"airport":"Calicut"},"geometry":{"type":"Polygon","coordinates":[[[76.05000000007317,11.200000000107817],[76.05000000038699,11.216666670370952],[76.06666666955074,11.21666666990751],[76.06666667028844,11.199999999801234],[76.05000000007317,11.200000000107817]]]}},{"type":"Feature","properties":{"grid":"H19","height":184,"airport":"Calicut"},"geometry":{"type":"Polygon","coordinates":[[[76.06666667028844,11.199999999801234],[76.06666666955074,11.21666666990751],[76.08333332982413,11.216666670077352],[76.08333332975533,11.199999999639322],[76.06666667028844,11.199999999801234]]]}},{"type":"Feature","properties":{"grid":"H20","height":204,"airport":"Calicut"},"geometry":{"type":"Polygon","coordinates":[[[76.08333332975533,11.199999999639322],[76.08333332982413,11.216666670077352],[76.10000000004034,11.216666669883763],[76.10000000005991,11.200000000424103],[76.08333332975533,11.199999999639322]]]}},{"type":"Feature","properties":{"grid":"H21","height":204,"airport":"Calicut"},"geometry":{"type":"Polygon","coordinates":[[[76.10000000005991,11.200000000424103],[76.10000000004034,11.216666669883763],[76.11666666973056,11.216666670243525],[76.11666666980751,11.200000000362973],[76.10000000005991,11.200000000424103]]]}},{"type":"Feature","properties":{"grid":"H22","height":204,"airport":"Calicut"},"geometry":{"type":"Polygon","coordinates":[[[76.11666666980751,11.200000000362973],[76.11666666973056,11.216666670243525],[76.13333333025109,11.216666670260059],[76.13333333036134,11.200000000367774],[76.11666666980751,11.200000000362973]]]}},{"type":"Feature","properties":{"grid":"I1","height":204,"airport":"Calicut"},"geometry":{"type":"Polygon","coordinates":[[[75.76666667018516,11.183333329582572],[75.76666667035455,11.199999999839035],[75.7833333296984,11.199999999803232],[75.78333332960156,11.183333330006407],[75.76666667018516,11.183333329582572]]]}},{"type":"Feature","properties":{"grid":"I2","height":204,"airport":"Calicut"},"geometry":{"type":"Polygon","coordinates":[[[75.7999999996593,11.183333330371928],[75.78333332960156,11.183333330006407],[75.7833333296984,11.199999999803232],[75.7999999997038,11.200000000204435],[75.7999999996593,11.183333330371928]]]}},{"type":"Feature","properties":{"grid":"I5","height":164,"airport":"Calicut"},"geometry":{"type":"Polygon","coordinates":[[[75.85000000009593,11.183333330223606],[75.83333332980769,11.183333330060917],[75.83333332980254,11.199999999642095],[75.85000000009745,11.200000000422005],[75.85000000009593,11.183333330223606]]]}},{"type":"Feature","properties":{"grid":"I6","height":164,"airport":"Calicut"},"geometry":{"type":"Polygon","coordinates":[[[75.85000000009593,11.183333330223606],[75.85000000009745,11.200000000422005],[75.8666666703005,11.199999999783419],[75.86666667027633,11.183333330281156],[75.85000000009593,11.183333330223606]]]}},{"type":"Feature","properties":{"grid":"I7","height":164,"airport":"Calicut"},"geometry":{"type":"Polygon","coordinates":[[[75.86666667027633,11.183333330281156],[75.8666666703005,11.199999999783419],[75.88333332994753,11.200000000450615],[75.88333332987685,11.183333330244968],[75.86666667027633,11.183333330281156]]]}},{"type":"Feature","properties":{"grid":"I8","height":164,"airport":"Calicut"},"geometry":{"type":"Polygon","coordinates":[[[75.88333332987685,11.183333330244968],[75.88333332994753,11.200000000450615],[75.89999999969871,11.199999999630293],[75.89999999956427,11.183333330034717],[75.88333332987685,11.183333330244968]]]}},{"type":"Feature","properties":{"grid":"I9","height":164,"airport":"Calicut"},"geometry":{"type":"Polygon","coordinates":[[[75.89999999956427,11.183333330034717],[75.89999999969871,11.199999999630293],[75.91666667000597,11.20000000004259],[75.91666666978236,11.18333332965768],[75.89999999956427,11.183333330034717]]]}},{"type":"Feature","properties":{"grid":"I10","height":164,"airport":"Calicut"},"geometry":{"type":"Polygon","coordinates":[[[75.91666666978236,11.18333332965768],[75.91666667000597,11.20000000004259],[75.93333333039156,11.199999999890837],[75.93333333006206,11.18333333003001],[75.91666666978236,11.18333332965768]]]}},{"type":"Feature","properties":{"grid":"I11","height":164,"airport":"Calicut"},"geometry":{"type":"Polygon","coordinates":[[[75.93333333006206,11.18333333003001],[75.93333333039156,11.199999999890837],[75.94999999969458,11.20000000000001],[75.95000000015112,11.18333333016532],[75.93333333006206,11.18333333003001]]]}},{"type":"Feature","properties":{"grid":"I12","height":164,"airport":"Calicut"},"geometry":{"type":"Polygon","coordinates":[[[75.95000000015112,11.18333333016532],[75.94999999969458,11.20000000000001],[75.9666666701905,11.200000000372093],[75.9666666695775,11.183333330074344],[75.95000000015112,11.18333333016532]]]}},{"type":"Feature","properties":{"grid":"I13","height":164,"airport":"Calicut"},"geometry":{"type":"Polygon","coordinates":[[[75.9666666695775,11.183333330074344],[75.9666666701905,11.200000000372093],[75.98333332957253,11.200000000121292],[75.983333329701,11.183333329763784],[75.9666666695775,11.183333330074344]]]}},{"type":"Feature","properties":{"grid":"I14","height":164,"airport":"Calicut"},"geometry":{"type":"Polygon","coordinates":[[[75.983333329701,11.183333329763784],[75.98333332957253,11.200000000121292],[76.00000000034295,11.200000000056171],[76.00000000027484,11.183333330051223],[75.983333329701,11.183333329763784]]]}},{"type":"Feature","properties":{"grid":"I15","height":164,"airport":"Calicut"},"geometry":{"type":"Polygon","coordinates":[[[76.00000000027484,11.183333330051223],[76.00000000034295,11.200000000056171],[76.01666667019794,11.200000000194057],[76.0166666699082,11.183333330046768],[76.00000000027484,11.183333330051223]]]}},{"type":"Feature","properties":{"grid":"I16","height":164,"airport":"Calicut"},"geometry":{"type":"Polygon","coordinates":[[[76.0166666699082,11.183333330046768],[76.01666667019794,11.200000000194057],[76.0333333295782,11.199999999640951],[76.03333332996095,11.183333329757438],[76.0166666699082,11.183333330046768]]]}},{"type":"Feature","properties":{"grid":"I17","height":164,"airport":"Calicut"},"geometry":{"type":"Polygon","coordinates":[[[76.03333332996095,11.183333329757438],[76.0333333295782,11.199999999640951],[76.05000000007317,11.200000000107817],[76.05000000018602,11.183333329996424],[76.03333332996095,11.183333329757438]]]}},{"type":"Feature","properties":{"grid":"I18","height":184,"airport":"Calicut"},"geometry":{"type":"Polygon","coordinates":[[[76.05000000018602,11.183333329996424],[76.05000000007317,11.200000000107817],[76.06666667028844,11.199999999801234],[76.06666667010835,11.183333329871397],[76.05000000018602,11.183333329996424]]]}},{"type":"Feature","properties":{"grid":"I19","height":184,"airport":"Calicut"},"geometry":{"type":"Polygon","coordinates":[[[76.06666667010835,11.183333329871397],[76.06666667028844,11.199999999801234],[76.08333332975533,11.199999999639322],[76.0833333301753,11.183333330297112],[76.06666667010835,11.183333329871397]]]}},{"type":"Feature","properties":{"grid":"I20","height":204,"airport":"Calicut"},"geometry":{"type":"Polygon","coordinates":[[[76.0833333301753,11.183333330297112],[76.08333332975533,11.199999999639322],[76.10000000005991,11.200000000424103],[76.10000000013297,11.183333330273918],[76.0833333301753,11.183333330297112]]]}},{"type":"Feature","properties":{"grid":"I21","height":204,"airport":"Calicut"},"geometry":{"type":"Polygon","coordinates":[[[76.10000000013297,11.183333330273918],[76.10000000005991,11.200000000424103],[76.11666666980751,11.200000000362973],[76.11666667042523,11.18333332981092],[76.10000000013297,11.183333330273918]]]}},{"type":"Feature","properties":{"grid":"I22","height":204,"airport":"Calicut"},"geometry":{"type":"Polygon","coordinates":[[[76.11666667042523,11.18333332981092],[76.11666666980751,11.200000000362973],[76.13333333036134,11.200000000367774],[76.13333332966813,11.183333329830216],[76.11666667042523,11.18333332981092]]]}},{"type":"Feature","properties":{"grid":"J1","height":164,"airport":"Calicut"},"geometry":{"type":"Polygon","coordinates":[[[75.76666667043845,11.1666666700655],[75.76666667018516,11.183333329582572],[75.78333332960156,11.183333330006407],[75.7833333304124,11.166666670057866],[75.76666667043845,11.1666666700655]]]}},{"type":"Feature","properties":{"grid":"J2","height":164,"airport":"Calicut"},"geometry":{"type":"Polygon","coordinates":[[[75.80000000009404,11.16666667040366],[75.7833333304124,11.166666670057866],[75.78333332960156,11.183333330006407],[75.7999999996593,11.183333330371928],[75.80000000009404,11.16666667040366]]]}},{"type":"Feature","properties":{"grid":"J5","height":144,"airport":"Calicut"},"geometry":{"type":"Polygon","coordinates":[[[75.8500000002044,11.166666669936742],[75.83333333035114,11.166666670374326],[75.83333332604019,11.181243745362654],[75.83333332980769,11.183333330060917],[75.85000000009593,11.183333330223606],[75.8500000002044,11.166666669936742]]]}},{"type":"Feature","properties":{"grid":"J6","height":144,"airport":"Calicut"},"geometry":{"type":"Polygon","coordinates":[[[75.8500000002044,11.166666669936742],[75.85000000009593,11.183333330223606],[75.86666667027633,11.183333330281156],[75.86666666993113,11.166666669803448],[75.8500000002044,11.166666669936742]]]}},{"type":"Feature","properties":{"grid":"J7","height":144,"airport":"Calicut"},"geometry":{"type":"Polygon","coordinates":[[[75.86666666993113,11.166666669803448],[75.86666667027633,11.183333330281156],[75.88333332987685,11.183333330244968],[75.88333332997539,11.16666666998313],[75.86666666993113,11.166666669803448]]]}},{"type":"Feature","properties":{"grid":"J8","height":144,"airport":"Calicut"},"geometry":{"type":"Polygon","coordinates":[[[75.90000000008662,11.166666670398167],[75.88333332997539,11.16666666998313],[75.88333332987685,11.183333330244968],[75.89999999956427,11.183333330034717],[75.90000000008662,11.166666670398167]]]}},{"type":"Feature","properties":{"grid":"J9","height":144,"airport":"Calicut"},"geometry":{"type":"Polygon","coordinates":[[[75.91666666979019,11.16666667015434],[75.90000000008662,11.166666670398167],[75.89999999956427,11.183333330034717],[75.91666666978236,11.18333332965768],[75.91666666979019,11.16666667015434]]]}},{"type":"Feature","properties":{"grid":"J10","height":144,"airport":"Calicut"},"geometry":{"type":"Polygon","coordinates":[[[75.93333333044878,11.166666670162268],[75.91666666979019,11.16666667015434],[75.91666666978236,11.18333332965768],[75.93333333006206,11.18333333003001],[75.93333333044878,11.166666670162268]]]}},{"type":"Feature","properties":{"grid":"J11","height":144,"airport":"Calicut"},"geometry":{"type":"Polygon","coordinates":[[[75.94999999997987,11.166666670345595],[75.93333333044878,11.166666670162268],[75.93333333006206,11.18333333003001],[75.95000000015112,11.18333333016532],[75.94999999997987,11.166666670345595]]]}},{"type":"Feature","properties":{"grid":"J12","height":144,"airport":"Calicut"},"geometry":{"type":"Polygon","coordinates":[[[75.96666666974029,11.166666669805023],[75.94999999997987,11.166666670345595],[75.95000000015112,11.18333333016532],[75.9666666695775,11.183333330074344],[75.96666666974029,11.166666669805023]]]}},{"type":"Feature","properties":{"grid":"J13","height":144,"airport":"Calicut"},"geometry":{"type":"Polygon","coordinates":[[[75.98333333018017,11.166666670358591],[75.96666666974029,11.166666669805023],[75.9666666695775,11.183333330074344],[75.983333329701,11.183333329763784],[75.98333333018017,11.166666670358591]]]}},{"type":"Feature","properties":{"grid":"J14","height":144,"airport":"Calicut"},"geometry":{"type":"Polygon","coordinates":[[[76.00000000012635,11.166666670114315],[75.98333333018017,11.166666670358591],[75.983333329701,11.183333329763784],[76.00000000027484,11.183333330051223],[76.00000000012635,11.166666670114315]]]}},{"type":"Feature","properties":{"grid":"J15","height":164,"airport":"Calicut"},"geometry":{"type":"Polygon","coordinates":[[[76.00000000012635,11.166666670114315],[76.00000000027484,11.183333330051223],[76.0166666699082,11.183333330046768],[76.01666667002591,11.166666669984735],[76.00000000012635,11.166666670114315]]]}},{"type":"Feature","properties":{"grid":"J16","height":164,"airport":"Calicut"},"geometry":{"type":"Polygon","coordinates":[[[76.01666667002591,11.166666669984735],[76.0166666699082,11.183333330046768],[76.03333332996095,11.183333329757438],[76.03333333032309,11.166666669979856],[76.01666667002591,11.166666669984735]]]}},{"type":"Feature","properties":{"grid":"J17","height":164,"airport":"Calicut"},"geometry":{"type":"Polygon","coordinates":[[[76.03333333032309,11.166666669979856],[76.03333332996095,11.183333329757438],[76.05000000018602,11.183333329996424],[76.04999999985039,11.166666670011972],[76.03333333032309,11.166666669979856]]]}},{"type":"Feature","properties":{"grid":"J18","height":164,"airport":"Calicut"},"geometry":{"type":"Polygon","coordinates":[[[76.04999999985039,11.166666670011972],[76.05000000018602,11.183333329996424],[76.06666667010835,11.183333329871397],[76.06666666996765,11.16666667008659],[76.04999999985039,11.166666670011972]]]}},{"type":"Feature","properties":{"grid":"J19","height":184,"airport":"Calicut"},"geometry":{"type":"Polygon","coordinates":[[[76.06666666996765,11.16666667008659],[76.06666667010835,11.183333329871397],[76.0833333301753,11.183333330297112],[76.0833333302034,11.166666670217415],[76.06666666996765,11.16666667008659]]]}},{"type":"Feature","properties":{"grid":"J20","height":184,"airport":"Calicut"},"geometry":{"type":"Polygon","coordinates":[[[76.0833333302034,11.166666670217415],[76.0833333301753,11.183333330297112],[76.10000000013297,11.183333330273918],[76.10000000030551,11.166666670309112],[76.0833333302034,11.166666670217415]]]}},{"type":"Feature","properties":{"grid":"J21","height":204,"airport":"Calicut"},"geometry":{"type":"Polygon","coordinates":[[[76.10000000030551,11.166666670309112],[76.10000000013297,11.183333330273918],[76.11666667042523,11.18333332981092],[76.11666666980237,11.16666667037424],[76.10000000030551,11.166666670309112]]]}},{"type":"Feature","properties":{"grid":"J22","height":204,"airport":"Calicut"},"geometry":{"type":"Polygon","coordinates":[[[76.11666666980237,11.16666667037424],[76.11666667042523,11.18333332981092],[76.13333332966813,11.183333329830216],[76.133333330054,11.166666670420375],[76.11666666980237,11.16666667037424]]]}},{"type":"Feature","properties":{"grid":"K1","height":164,"airport":"Calicut"},"geometry":{"type":"Polygon","coordinates":[[[75.76666667014516,11.149999999612511],[75.76666667043845,11.1666666700655],[75.7833333304124,11.166666670057866],[75.78333333024948,11.150000000093453],[75.76666667014516,11.149999999612511]]]}},{"type":"Feature","properties":{"grid":"K2","height":164,"airport":"Calicut"},"geometry":{"type":"Polygon","coordinates":[[[75.8000000000414,11.150000000433119],[75.78333333024948,11.150000000093453],[75.7833333304124,11.166666670057866],[75.80000000009404,11.16666667040366],[75.8000000000414,11.150000000433119]]]}},{"type":"Feature","properties":{"grid":"K4","height":144,"airport":"Calicut"},"geometry":{"type":"Polygon","coordinates":[[[75.83333332954578,11.14999999981431],[75.81676156956576,11.150000002743965],[75.81671539587249,11.166666671216886],[75.83333333035114,11.166666670374326],[75.83333332954578,11.14999999981431]]]}},{"type":"Feature","properties":{"grid":"K5","height":144,"airport":"Calicut"},"geometry":{"type":"Polygon","coordinates":[[[75.85000000036887,11.14999999969266],[75.83333332954578,11.14999999981431],[75.83333333035114,11.166666670374326],[75.8500000002044,11.166666669936742],[75.85000000036887,11.14999999969266]]]}},{"type":"Feature","properties":{"grid":"K6","height":144,"airport":"Calicut"},"geometry":{"type":"Polygon","coordinates":[[[75.85000000036887,11.14999999969266],[75.8500000002044,11.166666669936742],[75.86666666993113,11.166666669803448],[75.86666667013108,11.150000000287548],[75.85000000036887,11.14999999969266]]]}},{"type":"Feature","properties":{"grid":"K7","height":144,"airport":"Calicut"},"geometry":{"type":"Polygon","coordinates":[[[75.86666667013108,11.150000000287548],[75.86666666993113,11.166666669803448],[75.88333332997539,11.16666666998313],[75.883333330187,11.149999999796497],[75.86666667013108,11.150000000287548]]]}},{"type":"Feature","properties":{"grid":"K8","height":144,"airport":"Calicut"},"geometry":{"type":"Polygon","coordinates":[[[75.90000000028995,11.14999999995059],[75.883333330187,11.149999999796497],[75.88333332997539,11.16666666998313],[75.90000000008662,11.166666670398167],[75.90000000028995,11.14999999995059]]]}},{"type":"Feature","properties":{"grid":"K9","height":144,"airport":"Calicut"},"geometry":{"type":"Polygon","coordinates":[[[75.91666666979019,11.16666667015434],[75.91666666715734,11.16541527102422],[75.91089840571937,11.166511695727406],[75.90767994433472,11.150000115058633],[75.90000000028995,11.14999999995059],[75.90000000008662,11.166666670398167],[75.91666666979019,11.16666667015434]]]}},{"type":"Feature","properties":{"grid":"K10","height":0,"airport":"Calicut"},"geometry":{"type":"Polygon","coordinates":[[[75.93333332966084,11.150000000424956],[75.91666666996552,11.149999999855593],[75.91666666715734,11.16541527102422],[75.93333332273036,11.162246631067474],[75.93333332966084,11.150000000424956]]]}},{"type":"Feature","properties":{"grid":"K11","height":0,"airport":"Calicut"},"geometry":{"type":"Polygon","coordinates":[[[75.95000000003338,11.149999999765324],[75.93333332966084,11.150000000424956],[75.93333332273036,11.162246631067474],[75.9499999896997,11.159077007964262],[75.95000000003338,11.149999999765324]]]}},{"type":"Feature","properties":{"grid":"K12","height":0,"airport":"Calicut"},"geometry":{"type":"Polygon","coordinates":[[[75.96666666970162,11.149999999698801],[75.95000000003338,11.149999999765324],[75.9499999896997,11.159077007964262],[75.96666666032027,11.155906403384803],[75.96666666970162,11.149999999698801]]]}},{"type":"Feature","properties":{"grid":"K13","height":0,"airport":"Calicut"},"geometry":{"type":"Polygon","coordinates":[[[75.98333333002569,11.150000000232009],[75.96666666970162,11.149999999698801],[75.96666666032027,11.155906403384803],[75.98333332410357,11.15273481991446],[75.98333333002569,11.150000000232009]]]}},{"type":"Feature","properties":{"grid":"K14","height":144,"airport":"Calicut"},"geometry":{"type":"Polygon","coordinates":[[[76.00000000021726,11.150000112504694],[75.99770036990867,11.15000005546428],[75.98333332410357,11.15273481991446],[75.98333333018017,11.166666670358591],[76.00000000012635,11.166666670114315],[76.00000000021726,11.150000112504694]]]}},{"type":"Feature","properties":{"grid":"K15","height":144,"airport":"Calicut"},"geometry":{"type":"Polygon","coordinates":[[[76.0166666695707,11.150000000143011],[76.00000000021726,11.150000112504694],[76.00000000012635,11.166666670114315],[76.01666667002591,11.166666669984735],[76.0166666695707,11.150000000143011]]]}},{"type":"Feature","properties":{"grid":"K16","height":164,"airport":"Calicut"},"geometry":{"type":"Polygon","coordinates":[[[76.03333332968329,11.150000000443363],[76.0166666695707,11.150000000143011],[76.01666667002591,11.166666669984735],[76.03333333032309,11.166666669979856],[76.03333332968329,11.150000000443363]]]}},{"type":"Feature","properties":{"grid":"K17","height":164,"airport":"Calicut"},"geometry":{"type":"Polygon","coordinates":[[[76.04999999992184,11.150000002091803],[76.03333332968329,11.150000000443363],[76.03333333032309,11.166666669979856],[76.04999999985039,11.166666670011972],[76.04999999992184,11.150000002091803]]]}},{"type":"Feature","properties":{"grid":"K18","height":164,"airport":"Calicut"},"geometry":{"type":"Polygon","coordinates":[[[76.05006677322565,11.150000001680729],[76.04999999992184,11.150000002091803],[76.04999999985039,11.166666670011972],[76.06666666996765,11.16666667008659],[76.06666666979534,11.149999999674774],[76.05006677322565,11.150000001680729]]]}},{"type":"Feature","properties":{"grid":"K19","height":184,"airport":"Calicut"},"geometry":{"type":"Polygon","coordinates":[[[76.08333332977428,11.150000000436684],[76.06666666979534,11.149999999674774],[76.06666666996765,11.16666667008659],[76.0833333302034,11.166666670217415],[76.08333332977428,11.150000000436684]]]}},{"type":"Feature","properties":{"grid":"K20","height":184,"airport":"Calicut"},"geometry":{"type":"Polygon","coordinates":[[[76.09999999958859,11.1499999997612],[76.08333332977428,11.150000000436684],[76.0833333302034,11.166666670217415],[76.10000000030551,11.166666670309112],[76.09999999958859,11.1499999997612]]]}},{"type":"Feature","properties":{"grid":"K21","height":204,"airport":"Calicut"},"geometry":{"type":"Polygon","coordinates":[[[76.09999999958859,11.1499999997612],[76.10000000030551,11.166666670309112],[76.11666666980237,11.16666667037424],[76.11666666969262,11.150000000370103],[76.09999999958859,11.1499999997612]]]}},{"type":"Feature","properties":{"grid":"K22","height":204,"airport":"Calicut"},"geometry":{"type":"Polygon","coordinates":[[[76.11666666969262,11.150000000370103],[76.11666666980237,11.16666667037424],[76.133333330054,11.166666670420375],[76.1333333296049,11.149999999565061],[76.11666666969262,11.150000000370103]]]}},{"type":"Feature","properties":{"grid":"L1","height":164,"airport":"Calicut"},"geometry":{"type":"Polygon","coordinates":[[[75.76666667025553,11.133333330003031],[75.76666667014516,11.149999999612511],[75.78333333024948,11.150000000093453],[75.78333333005904,11.133333330083843],[75.76666667025553,11.133333330003031]]]}},{"type":"Feature","properties":{"grid":"L2","height":164,"airport":"Calicut"},"geometry":{"type":"Polygon","coordinates":[[[75.80000000044814,11.133333330430924],[75.78333333005904,11.133333330083843],[75.78333333024948,11.150000000093453],[75.8000000000414,11.150000000433119],[75.80000000044814,11.133333330430924]]]}},{"type":"Feature","properties":{"grid":"L5","height":144,"airport":"Calicut"},"geometry":{"type":"Polygon","coordinates":[[[75.85000000036887,11.14999999969266],[75.84999999970913,11.133333330371117],[75.83333333017642,11.133333330154736],[75.83333332385503,11.137208617609124],[75.83333332191157,11.139032108060544],[75.83342248547505,11.149898860032373],[75.83333332950481,11.149898391474123],[75.83333332954578,11.14999999981431],[75.85000000036887,11.14999999969266]]]}},{"type":"Feature","properties":{"grid":"L6","height":144,"airport":"Calicut"},"geometry":{"type":"Polygon","coordinates":[[[75.8537455380632,11.133333410991911],[75.84999999970913,11.133333330371117],[75.85000000036887,11.14999999969266],[75.86666667013108,11.150000000287548],[75.86666666998855,11.133333329900301],[75.8537455380632,11.133333410991911]]]}},{"type":"Feature","properties":{"grid":"L7","height":144,"airport":"Calicut"},"geometry":{"type":"Polygon","coordinates":[[[75.88333332963023,11.133333329660461],[75.86666666998855,11.133333329900301],[75.86666667013108,11.150000000287548],[75.883333330187,11.149999999796497],[75.88333332963023,11.133333329660461]]]}},{"type":"Feature","properties":{"grid":"L8","height":144,"airport":"Calicut"},"geometry":{"type":"Polygon","coordinates":[[[75.90000000021197,11.133333329568888],[75.88333332963023,11.133333329660461],[75.883333330187,11.149999999796497],[75.90000000028995,11.14999999995059],[75.90000000021197,11.133333329568888]]]}},{"type":"Feature","properties":{"grid":"L10","height":0,"airport":"Calicut"},"geometry":{"type":"Polygon","coordinates":[[[75.93333332956308,11.133333329880552],[75.91666667034666,11.133333329638239],[75.91666666996552,11.149999999855593],[75.93333332966084,11.150000000424956],[75.93333332956308,11.133333329880552]]]}},{"type":"Feature","properties":{"grid":"L11","height":0,"airport":"Calicut"},"geometry":{"type":"Polygon","coordinates":[[[75.93333332956308,11.133333329880552],[75.93333332966084,11.150000000424956],[75.95000000003338,11.149999999765324],[75.95000000035432,11.13333333020548],[75.93333332956308,11.133333329880552]]]}},{"type":"Feature","properties":{"grid":"L13","height":0,"airport":"Calicut"},"geometry":{"type":"Polygon","coordinates":[[[75.98333333019448,11.133333330257527],[75.96666667041465,11.133333329725087],[75.96666666970162,11.149999999698801],[75.98333333002569,11.150000000232009],[75.98333333019448,11.133333330257527]]]}},{"type":"Feature","properties":{"grid":"L14","height":0,"airport":"Calicut"},"geometry":{"type":"Polygon","coordinates":[[[76.00000000034912,11.1333333299051],[75.98333333019448,11.133333330257527],[75.98333333002569,11.150000000232009],[75.99770036990867,11.15000005546428],[75.99999999892752,11.149562253716633],[76.00000000034912,11.1333333299051]]]}},{"type":"Feature","properties":{"grid":"L16","height":144,"airport":"Calicut"},"geometry":{"type":"Polygon","coordinates":[[[76.03333332990988,11.133333330209446],[76.01666667041023,11.133333329583285],[76.01666666122858,11.145701445052035],[76.01679606556992,11.146364067412364],[76.01666666241199,11.146388711034252],[76.0166666695707,11.150000000143011],[76.03333332968329,11.150000000443363],[76.03333332990988,11.133333330209446]]]}},{"type":"Feature","properties":{"grid":"L17","height":144,"airport":"Calicut"},"geometry":{"type":"Polygon","coordinates":[[[76.05000000041827,11.133333329878225],[76.03333332990988,11.133333330209446],[76.03333331962432,11.143214190786729],[76.04999998935641,11.140038689131803],[76.05000000041827,11.133333329878225]]]}},{"type":"Feature","properties":{"grid":"L18","height":144,"airport":"Calicut"},"geometry":{"type":"Polygon","coordinates":[[[76.0666666696393,11.133333330416267],[76.05000000041827,11.133333329878225],[76.04999998935641,11.140038689131803],[76.06666666203914,11.136862209558021],[76.0666666696393,11.133333330416267]]]}},{"type":"Feature","properties":{"grid":"L19","height":144,"airport":"Calicut"},"geometry":{"type":"Polygon","coordinates":[[[76.08333332984229,11.13333333001918],[76.0666666696393,11.133333330416267],[76.06666666203914,11.136862209558021],[76.0833333290137,11.133684753744411],[76.08333332984229,11.13333333001918]]]}},{"type":"Feature","properties":{"grid":"L20","height":184,"airport":"Calicut"},"geometry":{"type":"Polygon","coordinates":[[[76.099999999863,11.133333330403573],[76.08517609148248,11.133333375427915],[76.0833333290137,11.133684753744411],[76.08333332977428,11.150000000436684],[76.09999999958859,11.1499999997612],[76.099999999863,11.133333330403573]]]}},{"type":"Feature","properties":{"grid":"L21","height":204,"airport":"Calicut"},"geometry":{"type":"Polygon","coordinates":[[[76.11666667013918,11.133333329770107],[76.099999999863,11.133333330403573],[76.09999999958859,11.1499999997612],[76.11666666969262,11.150000000370103],[76.11666667013918,11.133333329770107]]]}},{"type":"Feature","properties":{"grid":"L22","height":204,"airport":"Calicut"},"geometry":{"type":"Polygon","coordinates":[[[76.13333333020663,11.133333329941545],[76.11666667013918,11.133333329770107],[76.11666666969262,11.150000000370103],[76.1333333296049,11.149999999565061],[76.13333333020663,11.133333329941545]]]}},{"type":"Feature","properties":{"grid":"M1","height":164,"airport":"Calicut"},"geometry":{"type":"Polygon","coordinates":[[[75.76666666988102,11.11666667030828],[75.76666667025553,11.133333330003031],[75.78333333005904,11.133333330083843],[75.78333332987124,11.11666667000217],[75.76666666988102,11.11666667030828]]]}},{"type":"Feature","properties":{"grid":"M2","height":164,"airport":"Calicut"},"geometry":{"type":"Polygon","coordinates":[[[75.80000000042934,11.116666670372569],[75.78333332987124,11.11666667000217],[75.78333333005904,11.133333330083843],[75.80000000044814,11.133333330430924],[75.80000000042934,11.116666670372569]]]}},{"type":"Feature","properties":{"grid":"M3","height":164,"airport":"Calicut"},"geometry":{"type":"Polygon","coordinates":[[[75.81666667016339,11.116666669622068],[75.80000000042934,11.116666670372569],[75.80000000044814,11.133333330430924],[75.81666667003309,11.133333330151201],[75.81666667016339,11.116666669622068]]]}},{"type":"Feature","properties":{"grid":"M4","height":164,"airport":"Calicut"},"geometry":{"type":"Polygon","coordinates":[[[75.83333333043842,11.11666666956506],[75.81666667016339,11.116666669622068],[75.81666667003309,11.133333330151201],[75.83333333017642,11.133333330154736],[75.83333333043842,11.11666666956506]]]}},{"type":"Feature","properties":{"grid":"M5","height":164,"airport":"Calicut"},"geometry":{"type":"Polygon","coordinates":[[[75.85000000008415,11.116666670131195],[75.83333333043842,11.11666666956506],[75.83333333017642,11.133333330154736],[75.84999999970913,11.133333330371117],[75.85000000008415,11.116666670131195]]]}},{"type":"Feature","properties":{"grid":"M6","height":164,"airport":"Calicut"},"geometry":{"type":"Polygon","coordinates":[[[75.86666667045803,11.11666667042044],[75.85000000008415,11.116666670131195],[75.84999999970913,11.133333330371117],[75.8537455380632,11.133333410991911],[75.86666666545285,11.13087960770068],[75.86666667045803,11.11666667042044]]]}},{"type":"Feature","properties":{"grid":"M7","height":164,"airport":"Calicut"},"geometry":{"type":"Polygon","coordinates":[[[75.88333333017322,11.116666670446673],[75.86666667045803,11.11666667042044],[75.86666666545285,11.13087960770068],[75.88333332149627,11.127713636217296],[75.88333333017322,11.116666670446673]]]}},{"type":"Feature","properties":{"grid":"M8","height":164,"airport":"Calicut"},"geometry":{"type":"Polygon","coordinates":[[[75.8999999998902,11.116666670130002],[75.88333333017322,11.116666670446673],[75.88333332149627,11.127713636217296],[75.89999999062861,11.124546682847274],[75.8999999998902,11.116666670130002]]]}},{"type":"Feature","properties":{"grid":"M11","height":0,"airport":"Calicut"},"geometry":{"type":"Polygon","coordinates":[[[75.94144707003686,11.116666785039058],[75.93333333019714,11.11666667031016],[75.93333332712602,11.118209841676642],[75.93333332956308,11.133333329880552],[75.95000000035432,11.13333333020548],[75.95000000005773,11.116666669832862],[75.94144707003686,11.116666785039058]]]}},{"type":"Feature","properties":{"grid":"M12","height":0,"airport":"Calicut"},"geometry":{"type":"Polygon","coordinates":[[[75.96666667008526,11.116666669862163],[75.95000000005773,11.116666669832862],[75.95000000035432,11.13333333020548],[75.96666667041465,11.133333329725087],[75.96666667008526,11.116666669862163]]]}},{"type":"Feature","properties":{"grid":"M13","height":0,"airport":"Calicut"},"geometry":{"type":"Polygon","coordinates":[[[75.96666667008526,11.116666669862163],[75.96666667041465,11.133333329725087],[75.98333333019448,11.133333330257527],[75.98333332980877,11.11666667041048],[75.96666667008526,11.116666669862163]]]}},{"type":"Feature","properties":{"grid":"M14","height":0,"airport":"Calicut"},"geometry":{"type":"Polygon","coordinates":[[[75.99999999988198,11.11666666958026],[75.98333332980877,11.11666667041048],[75.98333333019448,11.133333330257527],[76.00000000034912,11.1333333299051],[75.99999999988198,11.11666666958026]]]}},{"type":"Feature","properties":{"grid":"M15","height":0,"airport":"Calicut"},"geometry":{"type":"Polygon","coordinates":[[[76.01099719088978,11.116666773496153],[75.99999999988198,11.11666666958026],[76.00000000034912,11.1333333299051],[76.0142514315356,11.1333333871724],[76.01099719088978,11.116666773496153]],[[76.01099719088978,11.116666773496153],[76.0166666694508,11.11670699199832],[76.0166666698429,11.116666670095482],[76.01099719088978,11.116666773496153]]]}},{"type":"Feature","properties":{"grid":"M16","height":144,"airport":"Calicut"},"geometry":{"type":"Polygon","coordinates":[[[76.0333333301301,11.116666670157585],[76.0166666698429,11.116666670095482],[76.0166666694508,11.11670699199832],[76.01666667041023,11.133333329583285],[76.03333332990988,11.133333330209446],[76.0333333301301,11.116666670157585]]]}},{"type":"Feature","properties":{"grid":"M17","height":144,"airport":"Calicut"},"geometry":{"type":"Polygon","coordinates":[[[76.04999999957163,11.116666669679281],[76.0333333301301,11.116666670157585],[76.03333332990988,11.133333330209446],[76.05000000041827,11.133333329878225],[76.04999999957163,11.116666669679281]]]}},{"type":"Feature","properties":{"grid":"M18","height":144,"airport":"Calicut"},"geometry":{"type":"Polygon","coordinates":[[[76.04999999957163,11.116666669679281],[76.05000000041827,11.133333329878225],[76.0666666696393,11.133333330416267],[76.06666667044637,11.116666669567048],[76.04999999957163,11.116666669679281]]]}},{"type":"Feature","properties":{"grid":"M19","height":144,"airport":"Calicut"},"geometry":{"type":"Polygon","coordinates":[[[76.08333333045239,11.116666669840967],[76.06666667044637,11.116666669567048],[76.0666666696393,11.133333330416267],[76.08333332984229,11.13333333001918],[76.08333333045239,11.116666669840967]]]}},{"type":"Feature","properties":{"grid":"M20","height":144,"airport":"Calicut"},"geometry":{"type":"Polygon","coordinates":[[[76.10000000024863,11.116666670402912],[76.08333333045239,11.116666669840967],[76.08333332984229,11.13333333001918],[76.08517609148248,11.133333375427915],[76.09999999351483,11.130506320615748],[76.10000000024863,11.116666670402912]]]}},{"type":"Feature","properties":{"grid":"M21","height":144,"airport":"Calicut"},"geometry":{"type":"Polygon","coordinates":[[[76.11357100485955,11.116666740158943],[76.10000000024863,11.116666670402912],[76.09999999351483,11.130506320615748],[76.11569262515835,11.127512749848616],[76.11357100485955,11.116666740158943]]]}},{"type":"Feature","properties":{"grid":"M22","height":204,"airport":"Calicut"},"geometry":{"type":"Polygon","coordinates":[[[76.13333333006456,11.116666669719853],[76.11666667027632,11.11666667035779],[76.11666667013918,11.133333329770107],[76.13333333020663,11.133333329941545],[76.13333333006456,11.116666669719853]]]}},{"type":"Feature","properties":{"grid":"N1","height":164,"airport":"Calicut"},"geometry":{"type":"Polygon","coordinates":[[[75.76666666988646,11.099999999752555],[75.76666666988102,11.11666667030828],[75.78333332987124,11.11666667000217],[75.7833333296366,11.099999999979413],[75.76666666988646,11.099999999752555]]]}},{"type":"Feature","properties":{"grid":"N2","height":164,"airport":"Calicut"},"geometry":{"type":"Polygon","coordinates":[[[75.7833333296366,11.099999999979413],[75.78333332987124,11.11666667000217],[75.80000000042934,11.116666670372569],[75.79999999993454,11.100000000389075],[75.7833333296366,11.099999999979413]]]}},{"type":"Feature","properties":{"grid":"N3","height":164,"airport":"Calicut"},"geometry":{"type":"Polygon","coordinates":[[[75.79999999993454,11.100000000389075],[75.80000000042934,11.116666670372569],[75.81666667016339,11.116666669622068],[75.81666667030663,11.100000000085968],[75.79999999993454,11.100000000389075]]]}},{"type":"Feature","properties":{"grid":"N4","height":164,"airport":"Calicut"},"geometry":{"type":"Polygon","coordinates":[[[75.81666667030663,11.100000000085968],[75.81666667016339,11.116666669622068],[75.83333333043842,11.11666666956506],[75.83333333028436,11.099999999985021],[75.81666667030663,11.100000000085968]]]}},{"type":"Feature","properties":{"grid":"N5","height":164,"airport":"Calicut"},"geometry":{"type":"Polygon","coordinates":[[[75.83333333028436,11.099999999985021],[75.83333333043842,11.11666666956506],[75.85000000008415,11.116666670131195],[75.84999999961148,11.100000000013603],[75.83333333028436,11.099999999985021]]]}},{"type":"Feature","properties":{"grid":"N6","height":164,"airport":"Calicut"},"geometry":{"type":"Polygon","coordinates":[[[75.84999999961148,11.100000000013603],[75.85000000008415,11.116666670131195],[75.86666667045803,11.11666667042044],[75.8666666696481,11.100000000175982],[75.84999999961148,11.100000000013603]]]}},{"type":"Feature","properties":{"grid":"N7","height":164,"airport":"Calicut"},"geometry":{"type":"Polygon","coordinates":[[[75.8666666696481,11.100000000175982],[75.86666667045803,11.11666667042044],[75.88333333017322,11.116666670446673],[75.88333332992062,11.09999999957899],[75.8666666696481,11.100000000175982]]]}},{"type":"Feature","properties":{"grid":"N8","height":164,"airport":"Calicut"},"geometry":{"type":"Polygon","coordinates":[[[75.90000000017778,11.099999999954067],[75.88333332992062,11.09999999957899],[75.88333333017322,11.116666670446673],[75.8999999998902,11.116666670130002],[75.90000000017778,11.099999999954067]]]}},{"type":"Feature","properties":{"grid":"N9","height":144,"airport":"Calicut"},"geometry":{"type":"Polygon","coordinates":[[[75.91666666994595,11.100000000406945],[75.90000000017778,11.099999999954067],[75.8999999998902,11.116666670130002],[75.91666667005612,11.116666670381989],[75.91666666994595,11.100000000406945]]]}},{"type":"Feature","properties":{"grid":"N10","height":144,"airport":"Calicut"},"geometry":{"type":"Polygon","coordinates":[[[75.93333332966697,11.100000000042453],[75.91666666994595,11.100000000406945],[75.91666667005612,11.116666670381989],[75.93333333019714,11.11666667031016],[75.93333332966697,11.100000000042453]]]}},{"type":"Feature","properties":{"grid":"N11","height":144,"airport":"Calicut"},"geometry":{"type":"Polygon","coordinates":[[[75.95000000000219,11.099999999680492],[75.93333332966697,11.100000000042453],[75.93333333019714,11.11666667031016],[75.95000000005773,11.116666669832862],[75.94146118959503,11.116664099455644],[75.94999999639327,11.115039954452266],[75.95000000000219,11.099999999680492]]]}},{"type":"Feature","properties":{"grid":"N12","height":0,"airport":"Calicut"},"geometry":{"type":"Polygon","coordinates":[[[75.96666667008526,11.116666669862163],[75.96666666150746,11.111869091077924],[75.94999999639327,11.115039954452266],[75.95000000005773,11.116666669832862],[75.96666667008526,11.116666669862163]]]}},{"type":"Feature","properties":{"grid":"N13","height":0,"airport":"Calicut"},"geometry":{"type":"Polygon","coordinates":[[[75.98333332980877,11.11666667041048],[75.9833333192982,11.108697251403937],[75.96666666150746,11.111869091077924],[75.96666667008526,11.116666669862163],[75.98333332980877,11.11666667041048]]]}},{"type":"Feature","properties":{"grid":"N14","height":0,"airport":"Calicut"},"geometry":{"type":"Polygon","coordinates":[[[75.99999999988198,11.11666666958026],[75.99999999039689,11.105524434298228],[75.9833333192982,11.108697251403937],[75.98333332980877,11.11666667041048],[75.99999999988198,11.11666666958026]]]}},{"type":"Feature","properties":{"grid":"N17","height":144,"airport":"Calicut"},"geometry":{"type":"Polygon","coordinates":[[[76.05000000005583,11.099999999808999],[76.03333333027865,11.10000000041977],[76.0333333301301,11.116666670157585],[76.04999999957163,11.116666669679281],[76.05000000005583,11.099999999808999]]]}},{"type":"Feature","properties":{"grid":"N18","height":144,"airport":"Calicut"},"geometry":{"type":"Polygon","coordinates":[[[76.05000000005583,11.099999999808999],[76.04999999957163,11.116666669679281],[76.06666667044637,11.116666669567048],[76.06666667032775,11.099999999978463],[76.05000000005583,11.099999999808999]]]}},{"type":"Feature","properties":{"grid":"N19","height":144,"airport":"Calicut"},"geometry":{"type":"Polygon","coordinates":[[[76.06666667032775,11.099999999978463],[76.06666667044637,11.116666669567048],[76.08333333045239,11.116666669840967],[76.08333332970497,11.100000000040854],[76.06666667032775,11.099999999978463]]]}},{"type":"Feature","properties":{"grid":"N20","height":144,"airport":"Calicut"},"geometry":{"type":"Polygon","coordinates":[[[76.08333332970497,11.100000000040854],[76.08333333045239,11.116666669840967],[76.10000000024863,11.116666670402912],[76.09999999976039,11.09999999989487],[76.08333332970497,11.100000000040854]]]}},{"type":"Feature","properties":{"grid":"N21","height":144,"airport":"Calicut"},"geometry":{"type":"Polygon","coordinates":[[[76.11031119011676,11.100000108152704],[76.09999999976039,11.09999999989487],[76.10000000024863,11.116666670402912],[76.11357100485955,11.116666740158943],[76.11154043149239,11.106285203248618],[76.11031119011676,11.100000108152704]]]}},{"type":"Feature","properties":{"grid":"N22","height":204,"airport":"Calicut"},"geometry":{"type":"Polygon","coordinates":[[[76.13333333002619,11.099999999933232],[76.11666667002318,11.099999999552843],[76.11666666025538,11.105307161123868],[76.11666667027632,11.11666667035779],[76.13333333006456,11.116666669719853],[76.13333333002619,11.099999999933232]]]}},{"type":"Feature","properties":{"grid":"O1","height":164,"airport":"Calicut"},"geometry":{"type":"Polygon","coordinates":[[[75.7666666703061,11.083333330117659],[75.76666666988646,11.099999999752555],[75.7833333296366,11.099999999979413],[75.78333333030088,11.083333329986347],[75.7666666703061,11.083333330117659]]]}},{"type":"Feature","properties":{"grid":"O2","height":184,"airport":"Calicut"},"geometry":{"type":"Polygon","coordinates":[[[75.78333333030088,11.083333329986347],[75.7833333296366,11.099999999979413],[75.79999999993454,11.100000000389075],[75.79999999991018,11.083333330451126],[75.78333333030088,11.083333329986347]]]}},{"type":"Feature","properties":{"grid":"O3","height":184,"airport":"Calicut"},"geometry":{"type":"Polygon","coordinates":[[[75.79999999991018,11.083333330451126],[75.79999999993454,11.100000000389075],[75.81666667030663,11.100000000085968],[75.81666666957376,11.083333329709763],[75.79999999991018,11.083333330451126]]]}},{"type":"Feature","properties":{"grid":"O4","height":184,"airport":"Calicut"},"geometry":{"type":"Polygon","coordinates":[[[75.81666666957376,11.083333329709763],[75.81666667030663,11.100000000085968],[75.83333333028436,11.099999999985021],[75.8333333297413,11.083333329578977],[75.81666666957376,11.083333329709763]]]}},{"type":"Feature","properties":{"grid":"O5","height":184,"airport":"Calicut"},"geometry":{"type":"Polygon","coordinates":[[[75.8333333297413,11.083333329578977],[75.83333333028436,11.099999999985021],[75.84999999961148,11.100000000013603],[75.85000000015508,11.08333332998606],[75.8333333297413,11.083333329578977]]]}},{"type":"Feature","properties":{"grid":"O6","height":184,"airport":"Calicut"},"geometry":{"type":"Polygon","coordinates":[[[75.85000000015508,11.08333332998606],[75.84999999961148,11.100000000013603],[75.8666666696481,11.100000000175982],[75.86666667034167,11.083333330036096],[75.85000000015508,11.08333332998606]]]}},{"type":"Feature","properties":{"grid":"O7","height":164,"airport":"Calicut"},"geometry":{"type":"Polygon","coordinates":[[[75.86666667034167,11.083333330036096],[75.8666666696481,11.100000000175982],[75.88333332992062,11.09999999957899],[75.88333332983031,11.083333329740352],[75.86666667034167,11.083333330036096]]]}},{"type":"Feature","properties":{"grid":"O8","height":164,"airport":"Calicut"},"geometry":{"type":"Polygon","coordinates":[[[75.88333332983031,11.083333329740352],[75.88333332992062,11.09999999957899],[75.90000000017778,11.099999999954067],[75.90000000019661,11.083333329920796],[75.88333332983031,11.083333329740352]]]}},{"type":"Feature","properties":{"grid":"O9","height":164,"airport":"Calicut"},"geometry":{"type":"Polygon","coordinates":[[[75.90000000019661,11.083333329920796],[75.90000000017778,11.099999999954067],[75.91666666994595,11.100000000406945],[75.91666667005153,11.083333329685743],[75.90000000019661,11.083333329920796]]]}},{"type":"Feature","properties":{"grid":"O10","height":144,"airport":"Calicut"},"geometry":{"type":"Polygon","coordinates":[[[75.91666667005153,11.083333329685743],[75.91666666994595,11.100000000406945],[75.93333332966697,11.100000000042453],[75.93333332984268,11.0833333299486],[75.91666667005153,11.083333329685743]]]}},{"type":"Feature","properties":{"grid":"O11","height":144,"airport":"Calicut"},"geometry":{"type":"Polygon","coordinates":[[[75.95000000022429,11.08333332972081],[75.93333332984268,11.0833333299486],[75.93333332966697,11.100000000042453],[75.95000000000219,11.099999999680492],[75.95000000022429,11.08333332972081]]]}},{"type":"Feature","properties":{"grid":"O12","height":144,"airport":"Calicut"},"geometry":{"type":"Polygon","coordinates":[[[75.96666666981297,11.083333329920068],[75.95000000022429,11.08333332972081],[75.95000000000219,11.099999999680492],[75.96666666956807,11.100000000238753],[75.96666666981297,11.083333329920068]]]}},{"type":"Feature","properties":{"grid":"O13","height":144,"airport":"Calicut"},"geometry":{"type":"Polygon","coordinates":[[[75.98333332996617,11.083333329648767],[75.96666666981297,11.083333329920068],[75.96666666956807,11.100000000238753],[75.98333332971904,11.09999999991537],[75.98333332996617,11.083333329648767]]]}},{"type":"Feature","properties":{"grid":"O14","height":144,"airport":"Calicut"},"geometry":{"type":"Polygon","coordinates":[[[76.00000000042805,11.08333332972525],[75.98333332996617,11.083333329648767],[75.98333332971904,11.09999999991537],[76.00000000020373,11.100000000432804],[76.00000000042805,11.08333332972525]]]}},{"type":"Feature","properties":{"grid":"O15","height":144,"airport":"Calicut"},"geometry":{"type":"Polygon","coordinates":[[[76.01666666981245,11.083333330163729],[76.00000000042805,11.08333332972525],[76.00000000020373,11.100000000432804],[76.01666666962956,11.099999999996832],[76.01666666981245,11.083333330163729]]]}},{"type":"Feature","properties":{"grid":"O16","height":164,"airport":"Calicut"},"geometry":{"type":"Polygon","coordinates":[[[76.03333333039222,11.083333330063835],[76.01666666981245,11.083333330163729],[76.01666666962956,11.099999999996832],[76.02900691379921,11.100000088976795],[76.02913806074763,11.10000008683897],[76.03333332781017,11.099175873624961],[76.03333333039222,11.083333330063835]]]}},{"type":"Feature","properties":{"grid":"O17","height":144,"airport":"Calicut"},"geometry":{"type":"Polygon","coordinates":[[[76.05000000005583,11.099999999808999],[76.04999999237069,11.096000132456604],[76.03333332781017,11.099175873624961],[76.03333333027865,11.10000000041977],[76.05000000005583,11.099999999808999]]]}},{"type":"Feature","properties":{"grid":"O18","height":144,"airport":"Calicut"},"geometry":{"type":"Polygon","coordinates":[[[76.06666667032775,11.099999999978463],[76.06666665939574,11.092823415963704],[76.04999999237069,11.096000132456604],[76.05000000005583,11.099999999808999],[76.06666667032775,11.099999999978463]]]}},{"type":"Feature","properties":{"grid":"O19","height":144,"airport":"Calicut"},"geometry":{"type":"Polygon","coordinates":[[[76.08333332970497,11.100000000040854],[76.08333331931905,11.089645727637553],[76.06666665939574,11.092823415963704],[76.06666667032775,11.099999999978463],[76.08333332970497,11.100000000040854]]]}},{"type":"Feature","properties":{"grid":"O20","height":144,"airport":"Calicut"},"geometry":{"type":"Polygon","coordinates":[[[76.09999999976039,11.09999999989487],[76.09999999275612,11.086467062723402],[76.08333331931905,11.089645727637553],[76.08333332970497,11.100000000040854],[76.09999999976039,11.09999999989487]]]}},{"type":"Feature","properties":{"grid":"O21","height":144,"airport":"Calicut"},"geometry":{"type":"Polygon","coordinates":[[[76.11031119011676,11.100000108152704],[76.10738898684225,11.085057530321249],[76.09999999275612,11.086467062723402],[76.09999999976039,11.09999999989487],[76.11031119011676,11.100000108152704]]]}},{"type":"Feature","properties":{"grid":"O22","height":204,"airport":"Calicut"},"geometry":{"type":"Polygon","coordinates":[[[76.1333333301317,11.08333332964904],[76.11666667034865,11.08333333003619],[76.11666667002318,11.099999999552843],[76.13333333002619,11.099999999933232],[76.1333333301317,11.08333332964904]]]}},{"type":"Feature","properties":{"grid":"P1","height":204,"airport":"Calicut"},"geometry":{"type":"Polygon","coordinates":[[[75.76666667024905,11.06666666957056],[75.7666666703061,11.083333330117659],[75.78333333030088,11.083333329986347],[75.78333333006293,11.066666670000918],[75.76666667024905,11.06666666957056]]]}},{"type":"Feature","properties":{"grid":"P2","height":204,"airport":"Calicut"},"geometry":{"type":"Polygon","coordinates":[[[75.78333333006293,11.066666670000918],[75.78333333030088,11.083333329986347],[75.79999999991018,11.083333330451126],[75.80000000038444,11.066666669627521],[75.78333333006293,11.066666670000918]]]}},{"type":"Feature","properties":{"grid":"P3","height":204,"airport":"Calicut"},"geometry":{"type":"Polygon","coordinates":[[[75.80000000038444,11.066666669627521],[75.79999999991018,11.083333330451126],[75.81666666957376,11.083333329709763],[75.81666666983226,11.066666670270182],[75.80000000038444,11.066666669627521]]]}},{"type":"Feature","properties":{"grid":"P4","height":184,"airport":"Calicut"},"geometry":{"type":"Polygon","coordinates":[[[75.81666666983226,11.066666670270182],[75.81666666957376,11.083333329709763],[75.8333333297413,11.083333329578977],[75.83333332976186,11.066666670125981],[75.81666666983226,11.066666670270182]]]}},{"type":"Feature","properties":{"grid":"P5","height":184,"airport":"Calicut"},"geometry":{"type":"Polygon","coordinates":[[[75.83333332976186,11.066666670125981],[75.8333333297413,11.083333329578977],[75.85000000015508,11.08333332998606],[75.84999999991642,11.066666670026663],[75.83333332976186,11.066666670125981]]]}},{"type":"Feature","properties":{"grid":"P6","height":184,"airport":"Calicut"},"geometry":{"type":"Polygon","coordinates":[[[75.84999999991642,11.066666670026663],[75.85000000015508,11.08333332998606],[75.86666667034167,11.083333330036096],[75.86666666982526,11.066666669981567],[75.84999999991642,11.066666670026663]]]}},{"type":"Feature","properties":{"grid":"P7","height":164,"airport":"Calicut"},"geometry":{"type":"Polygon","coordinates":[[[75.86666666982526,11.066666669981567],[75.86666667034167,11.083333330036096],[75.88333332983031,11.083333329740352],[75.88333332993342,11.066666669999275],[75.86666666982526,11.066666669981567]]]}},{"type":"Feature","properties":{"grid":"P8","height":164,"airport":"Calicut"},"geometry":{"type":"Polygon","coordinates":[[[75.88333332993342,11.066666669999275],[75.88333332983031,11.083333329740352],[75.90000000019661,11.083333329920796],[75.89999999998123,11.066666670002874],[75.88333332993342,11.066666669999275]]]}},{"type":"Feature","properties":{"grid":"P9","height":164,"airport":"Calicut"},"geometry":{"type":"Polygon","coordinates":[[[75.89999999998123,11.066666670002874],[75.90000000019661,11.083333329920796],[75.91666667005153,11.083333329685743],[75.91666667041356,11.066666669999579],[75.89999999998123,11.066666670002874]]]}},{"type":"Feature","properties":{"grid":"P10","height":164,"airport":"Calicut"},"geometry":{"type":"Polygon","coordinates":[[[75.91666667041356,11.066666669999579],[75.91666667005153,11.083333329685743],[75.93333332984268,11.0833333299486],[75.93333332984447,11.066666670003992],[75.91666667041356,11.066666669999579]]]}},{"type":"Feature","properties":{"grid":"P11","height":164,"airport":"Calicut"},"geometry":{"type":"Polygon","coordinates":[[[75.93333332984447,11.066666670003992],[75.93333332984268,11.0833333299486],[75.95000000022429,11.08333332972081],[75.94999999984493,11.066666669929212],[75.93333332984447,11.066666670003992]]]}},{"type":"Feature","properties":{"grid":"P12","height":164,"airport":"Calicut"},"geometry":{"type":"Polygon","coordinates":[[[75.94999999984493,11.066666669929212],[75.95000000022429,11.08333332972081],[75.96666666981297,11.083333329920068],[75.96666666994437,11.066666669785768],[75.94999999984493,11.066666669929212]]]}},{"type":"Feature","properties":{"grid":"P13","height":164,"airport":"Calicut"},"geometry":{"type":"Polygon","coordinates":[[[75.96666666994437,11.066666669785768],[75.96666666981297,11.083333329920068],[75.98333332996617,11.083333329648767],[75.98333332967239,11.066666669586047],[75.96666666994437,11.066666669785768]]]}},{"type":"Feature","properties":{"grid":"P14","height":164,"airport":"Calicut"},"geometry":{"type":"Polygon","coordinates":[[[75.98333332967239,11.066666669586047],[75.98333332996617,11.083333329648767],[76.00000000042805,11.08333332972525],[75.9999999996871,11.06666667014566],[75.98333332967239,11.066666669586047]]]}},{"type":"Feature","properties":{"grid":"P15","height":164,"airport":"Calicut"},"geometry":{"type":"Polygon","coordinates":[[[75.9999999996871,11.06666667014566],[76.00000000042805,11.08333332972525],[76.01666666981245,11.083333330163729],[76.01666667042738,11.06666666966418],[75.9999999996871,11.06666667014566]]]}},{"type":"Feature","properties":{"grid":"P16","height":164,"airport":"Calicut"},"geometry":{"type":"Polygon","coordinates":[[[76.03333332959818,11.066666669969266],[76.01666667042738,11.06666666966418],[76.01666666981245,11.083333330163729],[76.03333333039222,11.083333330063835],[76.03333332959818,11.066666669969266]]]}},{"type":"Feature","properties":{"grid":"P17","height":164,"airport":"Calicut"},"geometry":{"type":"Polygon","coordinates":[[[76.04999999968196,11.06666667005732],[76.03333332959818,11.066666669969266],[76.03333333039222,11.083333330063835],[76.05000000008025,11.08333333024574],[76.04999999968196,11.06666667005732]]]}},{"type":"Feature","properties":{"grid":"P18","height":184,"airport":"Calicut"},"geometry":{"type":"Polygon","coordinates":[[[76.06666667020824,11.06666666993998],[76.04999999968196,11.06666667005732],[76.05000000008025,11.08333333024574],[76.06666667023364,11.083333329810705],[76.06666667020824,11.06666666993998]]]}},{"type":"Feature","properties":{"grid":"P19","height":184,"airport":"Calicut"},"geometry":{"type":"Polygon","coordinates":[[[76.08333332979132,11.066666669634095],[76.06666667020824,11.06666666993998],[76.06666667023364,11.083333329810705],[76.08333333038517,11.083333329676567],[76.08333332979132,11.066666669634095]]]}},{"type":"Feature","properties":{"grid":"P20","height":204,"airport":"Calicut"},"geometry":{"type":"Polygon","coordinates":[[[76.1000000000042,11.066666669942938],[76.08333332979132,11.066666669634095],[76.08333333038517,11.083333329676567],[76.10000000027519,11.083333329748708],[76.1000000000042,11.066666669942938]]]}},{"type":"Feature","properties":{"grid":"P21","height":204,"airport":"Calicut"},"geometry":{"type":"Polygon","coordinates":[[[76.11666667037318,11.06666666997453],[76.1000000000042,11.066666669942938],[76.10000000027519,11.083333329748708],[76.11666667034865,11.08333333003619],[76.11666667037318,11.06666666997453]]]}},{"type":"Feature","properties":{"grid":"P22","height":204,"airport":"Calicut"},"geometry":{"type":"Polygon","coordinates":[[[76.13333333042806,11.066666669743118],[76.11666667037318,11.06666666997453],[76.11666667034865,11.08333333003619],[76.1333333301317,11.08333332964904],[76.13333333042806,11.066666669743118]]]}},{"type":"Feature","properties":{"grid":"Q1","height":204,"airport":"Calicut"},"geometry":{"type":"Polygon","coordinates":[[[75.76666666967185,11.050000000050753],[75.76666667024905,11.06666666957056],[75.78333333006293,11.066666670000918],[75.78333332978909,11.050000000151657],[75.76666666967185,11.050000000050753]]]}},{"type":"Feature","properties":{"grid":"Q2","height":204,"airport":"Calicut"},"geometry":{"type":"Polygon","coordinates":[[[75.78333332978909,11.050000000151657],[75.78333333006293,11.066666670000918],[75.80000000038444,11.066666669627521],[75.80000000039634,11.049999999860315],[75.78333332978909,11.050000000151657]]]}},{"type":"Feature","properties":{"grid":"Q3","height":204,"airport":"Calicut"},"geometry":{"type":"Polygon","coordinates":[[[75.80000000039634,11.049999999860315],[75.80000000038444,11.066666669627521],[75.81666666983226,11.066666670270182],[75.8166666701101,11.050000000092147],[75.80000000039634,11.049999999860315]]]}},{"type":"Feature","properties":{"grid":"Q4","height":204,"airport":"Calicut"},"geometry":{"type":"Polygon","coordinates":[[[75.8166666701101,11.050000000092147],[75.81666666983226,11.066666670270182],[75.83333332976186,11.066666670125981],[75.83333333028841,11.049999999948566],[75.8166666701101,11.050000000092147]]]}},{"type":"Feature","properties":{"grid":"Q5","height":184,"airport":"Calicut"},"geometry":{"type":"Polygon","coordinates":[[[75.83333333028841,11.049999999948566],[75.83333332976186,11.066666670125981],[75.84999999991642,11.066666670026663],[75.84999999975759,11.050000000264006],[75.83333333028841,11.049999999948566]]]}},{"type":"Feature","properties":{"grid":"Q6","height":184,"airport":"Calicut"},"geometry":{"type":"Polygon","coordinates":[[[75.84999999975759,11.050000000264006],[75.84999999991642,11.066666670026663],[75.86666666982526,11.066666669981567],[75.86666666987546,11.05000000013837],[75.84999999975759,11.050000000264006]]]}},{"type":"Feature","properties":{"grid":"Q7","height":184,"airport":"Calicut"},"geometry":{"type":"Polygon","coordinates":[[[75.86666666987546,11.05000000013837],[75.86666666982526,11.066666669981567],[75.88333332993342,11.066666669999275],[75.88333333017167,11.049999999582774],[75.86666666987546,11.05000000013837]]]}},{"type":"Feature","properties":{"grid":"Q8","height":184,"airport":"Calicut"},"geometry":{"type":"Polygon","coordinates":[[[75.88333333017167,11.049999999582774],[75.88333332993342,11.066666669999275],[75.89999999998123,11.066666670002874],[75.90000000039046,11.050000000328989],[75.88333333017167,11.049999999582774]]]}},{"type":"Feature","properties":{"grid":"Q9","height":164,"airport":"Calicut"},"geometry":{"type":"Polygon","coordinates":[[[75.90000000039046,11.050000000328989],[75.89999999998123,11.066666670002874],[75.91666667041356,11.066666669999579],[75.9166666700533,11.049999999674142],[75.90000000039046,11.050000000328989]]]}},{"type":"Feature","properties":{"grid":"Q10","height":164,"airport":"Calicut"},"geometry":{"type":"Polygon","coordinates":[[[75.9166666700533,11.049999999674142],[75.91666667041356,11.066666669999579],[75.93333332984447,11.066666670003992],[75.93333332961366,11.050000000340145],[75.9166666700533,11.049999999674142]]]}},{"type":"Feature","properties":{"grid":"Q11","height":164,"airport":"Calicut"},"geometry":{"type":"Polygon","coordinates":[[[75.93333332961366,11.050000000340145],[75.93333332984447,11.066666670003992],[75.94999999984493,11.066666669929212],[75.94999999971988,11.050000000434421],[75.93333332961366,11.050000000340145]]]}},{"type":"Feature","properties":{"grid":"Q12","height":164,"airport":"Calicut"},"geometry":{"type":"Polygon","coordinates":[[[75.94999999971988,11.050000000434421],[75.94999999984493,11.066666669929212],[75.96666666994437,11.066666669785768],[75.9666666699015,11.04999999996746],[75.94999999971988,11.050000000434421]]]}},{"type":"Feature","properties":{"grid":"Q13","height":164,"airport":"Calicut"},"geometry":{"type":"Polygon","coordinates":[[[75.9666666699015,11.04999999996746],[75.96666666994437,11.066666669785768],[75.98333332967239,11.066666669586047],[75.98333332969128,11.049999999855917],[75.9666666699015,11.04999999996746]]]}},{"type":"Feature","properties":{"grid":"Q14","height":164,"airport":"Calicut"},"geometry":{"type":"Polygon","coordinates":[[[75.98333332969128,11.049999999855917],[75.98333332967239,11.066666669586047],[75.9999999996871,11.06666667014566],[75.99999999974277,11.050000000011286],[75.98333332969128,11.049999999855917]]]}},{"type":"Feature","properties":{"grid":"Q15","height":164,"airport":"Calicut"},"geometry":{"type":"Polygon","coordinates":[[[75.99999999974277,11.050000000011286],[75.9999999996871,11.06666667014566],[76.01666667042738,11.06666666966418],[76.01666666958576,11.050000000444667],[75.99999999974277,11.050000000011286]]]}},{"type":"Feature","properties":{"grid":"Q16","height":164,"airport":"Calicut"},"geometry":{"type":"Polygon","coordinates":[[[76.01666666958576,11.050000000444667],[76.01666667042738,11.06666666966418],[76.03333332959818,11.066666669969266],[76.03333332966243,11.050000000261756],[76.01666666958576,11.050000000444667]]]}},{"type":"Feature","properties":{"grid":"Q17","height":184,"airport":"Calicut"},"geometry":{"type":"Polygon","coordinates":[[[76.03333332966243,11.050000000261756],[76.03333332959818,11.066666669969266],[76.04999999968196,11.06666667005732],[76.04999999971359,11.050000000276814],[76.03333332966243,11.050000000261756]]]}},{"type":"Feature","properties":{"grid":"Q18","height":184,"airport":"Calicut"},"geometry":{"type":"Polygon","coordinates":[[[76.04999999971359,11.050000000276814],[76.04999999968196,11.06666667005732],[76.06666667020824,11.06666666993998],[76.06666667018114,11.049999999594132],[76.04999999971359,11.050000000276814]]]}},{"type":"Feature","properties":{"grid":"Q19","height":184,"airport":"Calicut"},"geometry":{"type":"Polygon","coordinates":[[[76.06666667018114,11.049999999594132],[76.06666667020824,11.06666666993998],[76.08333332979132,11.066666669634095],[76.08333332968623,11.050000000039038],[76.06666667018114,11.049999999594132]]]}},{"type":"Feature","properties":{"grid":"Q20","height":204,"airport":"Calicut"},"geometry":{"type":"Polygon","coordinates":[[[76.08333332968623,11.050000000039038],[76.08333332979132,11.066666669634095],[76.1000000000042,11.066666669942938],[76.09999999979033,11.049999999702218],[76.08333332968623,11.050000000039038]]]}},{"type":"Feature","properties":{"grid":"Q21","height":204,"airport":"Calicut"},"geometry":{"type":"Polygon","coordinates":[[[76.09999999979033,11.049999999702218],[76.1000000000042,11.066666669942938],[76.11666667037318,11.06666666997453],[76.11666667003,11.050000000404383],[76.09999999979033,11.049999999702218]]]}},{"type":"Feature","properties":{"grid":"Q22","height":204,"airport":"Calicut"},"geometry":{"type":"Polygon","coordinates":[[[76.11666667003,11.050000000404383],[76.11666667037318,11.06666666997453],[76.13333333042806,11.066666669743118],[76.13333332992853,11.050000000351307],[76.11666667003,11.050000000404383]]]}},{"type":"Feature","properties":{"grid":"R1","height":204,"airport":"Calicut"},"geometry":{"type":"Polygon","coordinates":[[[75.76666667043013,11.033333329718204],[75.76666666967185,11.050000000050753],[75.78333332978909,11.050000000151657],[75.78333333042484,11.033333330409427],[75.76666667043013,11.033333329718204]]]}},{"type":"Feature","properties":{"grid":"R2","height":204,"airport":"Calicut"},"geometry":{"type":"Polygon","coordinates":[[[75.78333333042484,11.033333330409427],[75.78333332978909,11.050000000151657],[75.80000000039634,11.049999999860315],[75.79999999997423,11.033333330218298],[75.78333333042484,11.033333330409427]]]}},{"type":"Feature","properties":{"grid":"R3","height":204,"airport":"Calicut"},"geometry":{"type":"Polygon","coordinates":[[[75.79999999997423,11.033333330218298],[75.80000000039634,11.049999999860315],[75.8166666701101,11.050000000092147],[75.81666667044114,11.033333330053033],[75.79999999997423,11.033333330218298]]]}},{"type":"Feature","properties":{"grid":"R4","height":204,"airport":"Calicut"},"geometry":{"type":"Polygon","coordinates":[[[75.81666667044114,11.033333330053033],[75.8166666701101,11.050000000092147],[75.83333333028841,11.049999999948566],[75.83333333044003,11.033333329926577],[75.81666667044114,11.033333330053033]]]}},{"type":"Feature","properties":{"grid":"R5","height":184,"airport":"Calicut"},"geometry":{"type":"Polygon","coordinates":[[[75.83333333044003,11.033333329926577],[75.83333333028841,11.049999999948566],[75.84999999975759,11.050000000264006],[75.84999999970859,11.033333329766714],[75.83333333044003,11.033333329926577]]]}},{"type":"Feature","properties":{"grid":"R6","height":184,"airport":"Calicut"},"geometry":{"type":"Polygon","coordinates":[[[75.84999999970859,11.033333329766714],[75.84999999975759,11.050000000264006],[75.86666666987546,11.05000000013837],[75.86666666960735,11.033333329577694],[75.84999999970859,11.033333329766714]]]}},{"type":"Feature","properties":{"grid":"R7","height":184,"airport":"Calicut"},"geometry":{"type":"Polygon","coordinates":[[[75.86666666960735,11.033333329577694],[75.86666666987546,11.05000000013837],[75.88333333017167,11.049999999582774],[75.88333332966891,11.033333330274894],[75.86666666960735,11.033333329577694]]]}},{"type":"Feature","properties":{"grid":"R8","height":184,"airport":"Calicut"},"geometry":{"type":"Polygon","coordinates":[[[75.88333332966891,11.033333330274894],[75.88333333017167,11.049999999582774],[75.90000000039046,11.050000000328989],[75.89999999962527,11.033333329973022],[75.88333332966891,11.033333330274894]]]}},{"type":"Feature","properties":{"grid":"R9","height":184,"airport":"Calicut"},"geometry":{"type":"Polygon","coordinates":[[[75.89999999962527,11.033333329973022],[75.90000000039046,11.050000000328989],[75.9166666700533,11.049999999674142],[75.91666666992424,11.033333329583563],[75.89999999962527,11.033333329973022]]]}},{"type":"Feature","properties":{"grid":"R10","height":184,"airport":"Calicut"},"geometry":{"type":"Polygon","coordinates":[[[75.91666666992424,11.033333329583563],[75.9166666700533,11.049999999674142],[75.93333332961366,11.050000000340145],[75.9333333300986,11.03333333002255],[75.91666666992424,11.033333329583563]]]}},{"type":"Feature","properties":{"grid":"R11","height":184,"airport":"Calicut"},"geometry":{"type":"Polygon","coordinates":[[[75.9333333300986,11.03333333002255],[75.93333332961366,11.050000000340145],[75.94999999971988,11.050000000434421],[75.94999999988262,11.033333330304673],[75.9333333300986,11.03333333002255]]]}},{"type":"Feature","properties":{"grid":"R12","height":184,"airport":"Calicut"},"geometry":{"type":"Polygon","coordinates":[[[75.94999999988262,11.033333330304673],[75.94999999971988,11.050000000434421],[75.9666666699015,11.04999999996746],[75.96666666972148,11.033333330437587],[75.94999999988262,11.033333330304673]]]}},{"type":"Feature","properties":{"grid":"R13","height":184,"airport":"Calicut"},"geometry":{"type":"Polygon","coordinates":[[[75.96666666972148,11.033333330437587],[75.9666666699015,11.04999999996746],[75.98333332969128,11.049999999855917],[75.98333333006055,11.033333330430763],[75.96666666972148,11.033333330437587]]]}},{"type":"Feature","properties":{"grid":"R14","height":184,"airport":"Calicut"},"geometry":{"type":"Polygon","coordinates":[[[75.98333333006055,11.033333330430763],[75.98333332969128,11.049999999855917],[75.99999999974277,11.050000000011286],[75.99999999972104,11.03333333020167],[75.98333333006055,11.033333330430763]]]}},{"type":"Feature","properties":{"grid":"R15","height":184,"airport":"Calicut"},"geometry":{"type":"Polygon","coordinates":[[[75.99999999972104,11.03333333020167],[75.99999999974277,11.050000000011286],[76.01666666958576,11.050000000444667],[76.01666667006357,11.03333332975543],[75.99999999972104,11.03333333020167]]]}},{"type":"Feature","properties":{"grid":"R16","height":184,"airport":"Calicut"},"geometry":{"type":"Polygon","coordinates":[[[76.01666667006357,11.03333332975543],[76.01666666958576,11.050000000444667],[76.03333332966243,11.050000000261756],[76.03333332970601,11.033333330012319],[76.01666667006357,11.03333332975543]]]}},{"type":"Feature","properties":{"grid":"R17","height":184,"airport":"Calicut"},"geometry":{"type":"Polygon","coordinates":[[[76.03333332970601,11.033333330012319],[76.03333332966243,11.050000000261756],[76.04999999971359,11.050000000276814],[76.05000000021214,11.033333329972038],[76.03333332970601,11.033333330012319]]]}},{"type":"Feature","properties":{"grid":"R18","height":184,"airport":"Calicut"},"geometry":{"type":"Polygon","coordinates":[[[76.05000000021214,11.033333329972038],[76.04999999971359,11.050000000276814],[76.06666667018114,11.049999999594132],[76.06666667019657,11.033333329649397],[76.05000000021214,11.033333329972038]]]}},{"type":"Feature","properties":{"grid":"R19","height":204,"airport":"Calicut"},"geometry":{"type":"Polygon","coordinates":[[[76.06666667019657,11.033333329649397],[76.06666667018114,11.049999999594132],[76.08333332968623,11.050000000039038],[76.08333333010806,11.033333329959051],[76.06666667019657,11.033333329649397]]]}},{"type":"Feature","properties":{"grid":"R20","height":204,"airport":"Calicut"},"geometry":{"type":"Polygon","coordinates":[[[76.08333333010806,11.033333329959051],[76.08333332968623,11.050000000039038],[76.09999999979033,11.049999999702218],[76.09999999967918,11.033333329902588],[76.08333333010806,11.033333329959051]]]}},{"type":"Feature","properties":{"grid":"R21","height":204,"airport":"Calicut"},"geometry":{"type":"Polygon","coordinates":[[[76.09999999967918,11.033333329902588],[76.09999999979033,11.049999999702218],[76.11666667003,11.050000000404383],[76.11666667027394,11.03333333038988],[76.09999999967918,11.033333329902588]]]}},{"type":"Feature","properties":{"grid":"R22","height":204,"airport":"Calicut"},"geometry":{"type":"Polygon","coordinates":[[[76.11666667027394,11.03333333038988],[76.11666667003,11.050000000404383],[76.13333332992853,11.050000000351307],[76.13333332958514,11.033333329633372],[76.11666667027394,11.03333333038988]]]}},{"type":"Feature","properties":{"grid":"S1","height":204,"airport":"Calicut"},"geometry":{"type":"Polygon","coordinates":[[[75.76666666981156,11.016666670361838],[75.76666667043013,11.033333329718204],[75.78333333042484,11.033333330409427],[75.78333333016683,11.016666669847858],[75.76666666981156,11.016666670361838]]]}},{"type":"Feature","properties":{"grid":"S2","height":204,"airport":"Calicut"},"geometry":{"type":"Polygon","coordinates":[[[75.78333333016683,11.016666669847858],[75.78333333042484,11.033333330409427],[75.79999999997423,11.033333330218298],[75.80000000006159,11.01666666976794],[75.78333333016683,11.016666669847858]]]}},{"type":"Feature","properties":{"grid":"S3","height":204,"airport":"Calicut"},"geometry":{"type":"Polygon","coordinates":[[[75.80000000006159,11.01666666976794],[75.79999999997423,11.033333330218298],[75.81666667044114,11.033333330053033],[75.81666666994121,11.016666670128405],[75.80000000006159,11.01666666976794]]]}},{"type":"Feature","properties":{"grid":"S4","height":204,"airport":"Calicut"},"geometry":{"type":"Polygon","coordinates":[[[75.81666666994121,11.016666670128405],[75.81666667044114,11.033333330053033],[75.83333333044003,11.033333329926577],[75.83333333024856,11.016666670033011],[75.81666666994121,11.016666670128405]]]}},{"type":"Feature","properties":{"grid":"S5","height":204,"airport":"Calicut"},"geometry":{"type":"Polygon","coordinates":[[[75.83333333024856,11.016666670033011],[75.83333333044003,11.033333329926577],[75.84999999970859,11.033333329766714],[75.84999999980705,11.016666670316386],[75.83333333024856,11.016666670033011]]]}},{"type":"Feature","properties":{"grid":"S6","height":184,"airport":"Calicut"},"geometry":{"type":"Polygon","coordinates":[[[75.84999999980705,11.016666670316386],[75.84999999970859,11.033333329766714],[75.86666666960735,11.033333329577694],[75.86666666997472,11.016666670078457],[75.84999999980705,11.016666670316386]]]}},{"type":"Feature","properties":{"grid":"S7","height":184,"airport":"Calicut"},"geometry":{"type":"Polygon","coordinates":[[[75.86666666997472,11.016666670078457],[75.86666666960735,11.033333329577694],[75.88333332966891,11.033333330274894],[75.88333333028429,11.016666670234562],[75.86666666997472,11.016666670078457]]]}},{"type":"Feature","properties":{"grid":"S8","height":184,"airport":"Calicut"},"geometry":{"type":"Polygon","coordinates":[[[75.88333333028429,11.016666670234562],[75.88333332966891,11.033333330274894],[75.89999999962527,11.033333329973022],[75.89999999955359,11.016666669806575],[75.88333333028429,11.016666670234562]]]}},{"type":"Feature","properties":{"grid":"S9","height":184,"airport":"Calicut"},"geometry":{"type":"Polygon","coordinates":[[[75.89999999955359,11.016666669806575],[75.89999999962527,11.033333329973022],[75.91666666992424,11.033333329583563],[75.91666667006132,11.016666669700573],[75.89999999955359,11.016666669806575]]]}},{"type":"Feature","properties":{"grid":"S10","height":184,"airport":"Calicut"},"geometry":{"type":"Polygon","coordinates":[[[75.91666667006132,11.016666669700573],[75.91666666992424,11.033333329583563],[75.9333333300986,11.03333333002255],[75.93333333042237,11.016666669930958],[75.91666667006132,11.016666669700573]]]}},{"type":"Feature","properties":{"grid":"S11","height":184,"airport":"Calicut"},"geometry":{"type":"Polygon","coordinates":[[[75.93333333042237,11.016666669930958],[75.9333333300986,11.03333333002255],[75.94999999988262,11.033333330304673],[75.9500000003723,11.016666670416793],[75.93333333042237,11.016666669930958]]]}},{"type":"Feature","properties":{"grid":"S12","height":184,"airport":"Calicut"},"geometry":{"type":"Polygon","coordinates":[[[75.9500000003723,11.016666670416793],[75.94999999988262,11.033333330304673],[75.96666666972148,11.033333330437587],[75.96666667035359,11.016666670261491],[75.9500000003723,11.016666670416793]]]}},{"type":"Feature","properties":{"grid":"S13","height":184,"airport":"Calicut"},"geometry":{"type":"Polygon","coordinates":[[[75.96666667035359,11.016666670261491],[75.96666666972148,11.033333330437587],[75.98333333006055,11.033333330430763],[75.98333332989938,11.016666670381708],[75.96666667035359,11.016666670261491]]]}},{"type":"Feature","properties":{"grid":"S14","height":184,"airport":"Calicut"},"geometry":{"type":"Polygon","coordinates":[[[75.98333332989938,11.016666670381708],[75.98333333006055,11.033333330430763],[75.99999999972104,11.03333333020167],[75.99999999965705,11.016666669784907],[75.98333332989938,11.016666670381708]]]}},{"type":"Feature","properties":{"grid":"S15","height":184,"airport":"Calicut"},"geometry":{"type":"Polygon","coordinates":[[[75.99999999965705,11.016666669784907],[75.99999999972104,11.03333333020167],[76.01666667006357,11.03333332975543],[76.01666667007812,11.01666667028764],[75.99999999965705,11.016666669784907]]]}},{"type":"Feature","properties":{"grid":"S16","height":184,"airport":"Calicut"},"geometry":{"type":"Polygon","coordinates":[[[76.01666667007812,11.01666667028764],[76.01666667006357,11.03333332975543],[76.03333332970601,11.033333330012319],[76.03333332977151,11.016666670097386],[76.01666667007812,11.01666667028764]]]}},{"type":"Feature","properties":{"grid":"S17","height":184,"airport":"Calicut"},"geometry":{"type":"Polygon","coordinates":[[[76.03333332977151,11.016666670097386],[76.03333332970601,11.033333330012319],[76.05000000021214,11.033333329972038],[76.05000000030556,11.016666670022486],[76.03333332977151,11.016666670097386]]]}},{"type":"Feature","properties":{"grid":"S18","height":204,"airport":"Calicut"},"geometry":{"type":"Polygon","coordinates":[[[76.05000000030556,11.016666670022486],[76.05000000021214,11.033333329972038],[76.06666667019657,11.033333329649397],[76.06666667029523,11.016666670077756],[76.05000000030556,11.016666670022486]]]}},{"type":"Feature","properties":{"grid":"S19","height":204,"airport":"Calicut"},"geometry":{"type":"Polygon","coordinates":[[[76.06666667029523,11.016666670077756],[76.06666667019657,11.033333329649397],[76.08333333010806,11.033333329959051],[76.08333333018616,11.016666670273562],[76.06666667029523,11.016666670077756]]]}},{"type":"Feature","properties":{"grid":"S20","height":204,"airport":"Calicut"},"geometry":{"type":"Polygon","coordinates":[[[76.08333333018616,11.016666670273562],[76.08333333010806,11.033333329959051],[76.09999999967918,11.033333329902588],[76.09999999970935,11.016666669611674],[76.08333333018616,11.016666670273562]]]}},{"type":"Feature","properties":{"grid":"S21","height":204,"airport":"Calicut"},"geometry":{"type":"Polygon","coordinates":[[[76.09999999970935,11.016666669611674],[76.09999999967918,11.033333329902588],[76.11666667027394,11.03333333038988],[76.11666667023226,11.01666666990615],[76.09999999970935,11.016666669611674]]]}},{"type":"Feature","properties":{"grid":"S22","height":204,"airport":"Calicut"},"geometry":{"type":"Polygon","coordinates":[[[76.11666667023226,11.01666666990615],[76.11666667027394,11.03333333038988],[76.13333332958514,11.033333329633372],[76.13333333036678,11.016666670270226],[76.11666667023226,11.01666666990615]]]}},{"type":"Feature","properties":{"grid":"V1","height":204,"airport":"Calicut"},"geometry":{"type":"Polygon","coordinates":[[[75.76666666956974,10.96666666975924],[75.76666666980981,10.983333330407865],[75.78333332960818,10.983333330242779],[75.78333333028006,10.966666670239146],[75.76666666956974,10.96666666975924]]]}},{"type":"Feature","properties":{"grid":"V2","height":204,"airport":"Calicut"},"geometry":{"type":"Polygon","coordinates":[[[75.78333333028006,10.966666670239146],[75.78333332960818,10.983333330242779],[75.79999999982402,10.983333330430254],[75.7999999995552,10.966666669680716],[75.78333333028006,10.966666670239146]]]}},{"type":"Feature","properties":{"grid":"V3","height":204,"airport":"Calicut"},"geometry":{"type":"Polygon","coordinates":[[[75.7999999995552,10.966666669680716],[75.79999999982402,10.983333330430254],[75.81666666998521,10.9833333300746],[75.81666666967605,10.966666669894174],[75.7999999995552,10.966666669680716]]]}},{"type":"Feature","properties":{"grid":"V4","height":204,"airport":"Calicut"},"geometry":{"type":"Polygon","coordinates":[[[75.81666666967605,10.966666669894174],[75.81666666998521,10.9833333300746],[75.83333332962465,10.9833333300907],[75.83333333017089,10.966666669985573],[75.81666666967605,10.966666669894174]]]}},{"type":"Feature","properties":{"grid":"V5","height":204,"airport":"Calicut"},"geometry":{"type":"Polygon","coordinates":[[[75.83333333017089,10.966666669985573],[75.83333332962465,10.9833333300907],[75.85000000030608,10.983333330401505],[75.8499999998562,10.966666669885536],[75.83333333017089,10.966666669985573]]]}},{"type":"Feature","properties":{"grid":"V6","height":204,"airport":"Calicut"},"geometry":{"type":"Polygon","coordinates":[[[75.8499999998562,10.966666669885536],[75.85000000030608,10.983333330401505],[75.86666666972684,10.983333330117096],[75.86666667009293,10.966666669598252],[75.8499999998562,10.966666669885536]]]}},{"type":"Feature","properties":{"grid":"V7","height":204,"airport":"Calicut"},"geometry":{"type":"Polygon","coordinates":[[[75.86666667009293,10.966666669598252],[75.86666666972684,10.983333330117096],[75.88333333016571,10.983333330145111],[75.8833333304144,10.966666670039084],[75.86666667009293,10.966666669598252]]]}},{"type":"Feature","properties":{"grid":"V8","height":204,"airport":"Calicut"},"geometry":{"type":"Polygon","coordinates":[[[75.8833333304144,10.966666670039084],[75.88333333016571,10.983333330145111],[75.90000000044037,10.983333330411782],[75.89999999963425,10.966666670230179],[75.8833333304144,10.966666670039084]]]}},{"type":"Feature","properties":{"grid":"V9","height":204,"airport":"Calicut"},"geometry":{"type":"Polygon","coordinates":[[[75.89999999963425,10.966666670230179],[75.90000000044037,10.983333330411782],[75.91666667007854,10.983333330022724],[75.91666667002856,10.966666670173325],[75.89999999963425,10.966666670230179]]]}},{"type":"Feature","properties":{"grid":"V10","height":204,"airport":"Calicut"},"geometry":{"type":"Polygon","coordinates":[[[75.91666667002856,10.966666670173325],[75.91666667007854,10.983333330022724],[75.93333333044392,10.983333329888456],[75.93333333021289,10.966666669882875],[75.91666667002856,10.966666670173325]]]}},{"type":"Feature","properties":{"grid":"V11","height":204,"airport":"Calicut"},"geometry":{"type":"Polygon","coordinates":[[[75.93333333021289,10.966666669882875],[75.93333333044392,10.983333329888456],[75.95000000035387,10.98333332993099],[75.94999999992113,10.966666670182535],[75.93333333021289,10.966666669882875]]]}},{"type":"Feature","properties":{"grid":"V12","height":204,"airport":"Calicut"},"geometry":{"type":"Polygon","coordinates":[[[75.94999999992113,10.966666670182535],[75.95000000035387,10.98333332993099],[75.96666667025409,10.983333330158036],[75.96666666959628,10.966666670175687],[75.94999999992113,10.966666670182535]]]}},{"type":"Feature","properties":{"grid":"V13","height":204,"airport":"Calicut"},"geometry":{"type":"Polygon","coordinates":[[[75.96666666959628,10.966666670175687],[75.96666667025409,10.983333330158036],[75.98333332967228,10.983333329677608],[75.98333332968429,10.966666669871719],[75.96666666959628,10.966666670175687]]]}},{"type":"Feature","properties":{"grid":"V14","height":204,"airport":"Calicut"},"geometry":{"type":"Polygon","coordinates":[[[75.98333332968429,10.966666669871719],[75.98333332967228,10.983333329677608],[76.00000000017694,10.98333333020726],[75.99999999991877,10.966666670089854],[75.98333332968429,10.966666669871719]]]}},{"type":"Feature","properties":{"grid":"V15","height":204,"airport":"Calicut"},"geometry":{"type":"Polygon","coordinates":[[[75.99999999991877,10.966666670089854],[76.00000000017694,10.98333333020726],[76.01666667037738,10.98333332995243],[76.0166666698275,10.966666669936892],[75.99999999991877,10.966666670089854]]]}},{"type":"Feature","properties":{"grid":"V16","height":204,"airport":"Calicut"},"geometry":{"type":"Polygon","coordinates":[[[76.0166666698275,10.966666669936892],[76.01666667037738,10.98333332995243],[76.03333332980733,10.983333329830378],[76.03333332985956,10.966666670326964],[76.0166666698275,10.966666669936892]]]}},{"type":"Feature","properties":{"grid":"V17","height":204,"airport":"Calicut"},"geometry":{"type":"Polygon","coordinates":[[[76.03333332985956,10.966666670326964],[76.03333332980733,10.983333329830378],[76.05000000002894,10.983333329745456],[76.04999999974214,10.966666670266466],[76.03333332985956,10.966666670326964]]]}},{"type":"Feature","properties":{"grid":"V18","height":204,"airport":"Calicut"},"geometry":{"type":"Polygon","coordinates":[[[76.04999999974214,10.966666670266466],[76.05000000002894,10.983333329745456],[76.06666666965761,10.983333329712456],[76.06666666992109,10.96666666976391],[76.04999999974214,10.966666670266466]]]}},{"type":"Feature","properties":{"grid":"V19","height":204,"airport":"Calicut"},"geometry":{"type":"Polygon","coordinates":[[[76.06666666992109,10.96666666976391],[76.06666666965761,10.983333329712456],[76.08333333005449,10.983333329738478],[76.08333332993058,10.966666669736995],[76.06666666992109,10.96666666976391]]]}},{"type":"Feature","properties":{"grid":"V20","height":204,"airport":"Calicut"},"geometry":{"type":"Polygon","coordinates":[[[76.08333332993058,10.966666669736995],[76.08333333005449,10.983333329738478],[76.10000000003572,10.983333329732886],[76.10000000041569,10.966666670088802],[76.08333332993058,10.966666669736995]]]}},{"type":"Feature","properties":{"grid":"V21","height":204,"airport":"Calicut"},"geometry":{"type":"Polygon","coordinates":[[[76.10000000041569,10.966666670088802],[76.10000000003572,10.983333329732886],[76.11666667004714,10.983333329704719],[76.1166666699888,10.966666669930603],[76.10000000041569,10.966666670088802]]]}},{"type":"Feature","properties":{"grid":"V22","height":204,"airport":"Calicut"},"geometry":{"type":"Polygon","coordinates":[[[76.1166666699888,10.966666669930603],[76.11666667004714,10.983333329704719],[76.13333332961963,10.983333329668088],[76.13333333001458,10.966666670174089],[76.1166666699888,10.966666669930603]]]}},{"type":"Feature","properties":{"grid":"T1","height":204,"airport":"Calicut"},"geometry":{"type":"Polygon","coordinates":[[[75.76666666981156,11.016666670361838],[75.78333333016683,11.016666669847858],[75.78333332988622,11.000000000404102],[75.76666666959426,11.000000000299178],[75.76666666981156,11.016666670361838]]]}},{"type":"Feature","properties":{"grid":"T2","height":204,"airport":"Calicut"},"geometry":{"type":"Polygon","coordinates":[[[75.78333332988622,11.000000000404102],[75.78333333016683,11.016666669847858],[75.80000000006159,11.01666666976794],[75.79999999969786,11.000000000451214],[75.78333332988622,11.000000000404102]]]}},{"type":"Feature","properties":{"grid":"T3","height":204,"airport":"Calicut"},"geometry":{"type":"Polygon","coordinates":[[[75.79999999969786,11.000000000451214],[75.80000000006159,11.01666666976794],[75.81666666994121,11.016666670128405],[75.81666667038988,11.000000000444349],[75.79999999969786,11.000000000451214]]]}},{"type":"Feature","properties":{"grid":"T4","height":204,"airport":"Calicut"},"geometry":{"type":"Polygon","coordinates":[[[75.81666667038988,11.000000000444349],[75.81666666994121,11.016666670128405],[75.83333333024856,11.016666670033011],[75.83333332966191,11.000000000398977],[75.81666667038988,11.000000000444349]]]}},{"type":"Feature","properties":{"grid":"T5","height":204,"airport":"Calicut"},"geometry":{"type":"Polygon","coordinates":[[[75.83333332966191,11.000000000398977],[75.83333333024856,11.016666670033011],[75.84999999980705,11.016666670316386],[75.84999999999454,11.000000000235554],[75.83333332966191,11.000000000398977]]]}},{"type":"Feature","properties":{"grid":"T6","height":204,"airport":"Calicut"},"geometry":{"type":"Polygon","coordinates":[[[75.84999999999454,11.000000000235554],[75.84999999980705,11.016666670316386],[75.86666666997472,11.016666670078457],[75.86666667000262,10.99999999996585],[75.84999999999454,11.000000000235554]]]}},{"type":"Feature","properties":{"grid":"T7","height":204,"airport":"Calicut"},"geometry":{"type":"Polygon","coordinates":[[[75.86666667000262,10.99999999996585],[75.86666666997472,11.016666670078457],[75.88333333028429,11.016666670234562],[75.88333333013172,10.99999999959838],[75.86666667000262,10.99999999996585]]]}},{"type":"Feature","properties":{"grid":"T8","height":184,"airport":"Calicut"},"geometry":{"type":"Polygon","coordinates":[[[75.88333333013172,10.99999999959838],[75.88333333028429,11.016666670234562],[75.89999999955359,11.016666669806575],[75.90000000011894,10.999999999960995],[75.88333333013172,10.99999999959838]]]}},{"type":"Feature","properties":{"grid":"T9","height":184,"airport":"Calicut"},"geometry":{"type":"Polygon","coordinates":[[[75.90000000011894,10.999999999960995],[75.89999999955359,11.016666669806575],[75.91666667006132,11.016666669700573],[75.9166666704071,11.000000000156565],[75.90000000011894,10.999999999960995]]]}},{"type":"Feature","properties":{"grid":"T10","height":184,"airport":"Calicut"},"geometry":{"type":"Polygon","coordinates":[[[75.9166666704071,11.000000000156565],[75.91666667006132,11.016666669700573],[75.93333333042237,11.016666669930958],[75.93333332961126,11.000000000199604],[75.9166666704071,11.000000000156565]]]}},{"type":"Feature","properties":{"grid":"T11","height":184,"airport":"Calicut"},"geometry":{"type":"Polygon","coordinates":[[[75.93333332961126,11.000000000199604],[75.93333333042237,11.016666669930958],[75.9500000003723,11.016666670416793],[75.9500000002112,11.000000000000911],[75.93333332961126,11.000000000199604]]]}},{"type":"Feature","properties":{"grid":"T12","height":184,"airport":"Calicut"},"geometry":{"type":"Polygon","coordinates":[[[75.9500000002112,11.000000000000911],[75.9500000003723,11.016666670416793],[75.96666667035359,11.016666670261491],[75.96666666990666,10.999999999576561],[75.9500000002112,11.000000000000911]]]}},{"type":"Feature","properties":{"grid":"T13","height":184,"airport":"Calicut"},"geometry":{"type":"Polygon","coordinates":[[[75.96666666990666,10.999999999576561],[75.96666667035359,11.016666670261491],[75.98333332989938,11.016666670381708],[75.98333333006151,10.99999999983743],[75.96666666990666,10.999999999576561]]]}},{"type":"Feature","properties":{"grid":"T14","height":184,"airport":"Calicut"},"geometry":{"type":"Polygon","coordinates":[[[75.98333333006151,10.99999999983743],[75.98333332989938,11.016666670381708],[75.99999999965705,11.016666669784907],[76.00000000040644,10.999999999793973],[75.98333333006151,10.99999999983743]]]}},{"type":"Feature","properties":{"grid":"T15","height":184,"airport":"Calicut"},"geometry":{"type":"Polygon","coordinates":[[[76.00000000040644,10.999999999793973],[75.99999999965705,11.016666669784907],[76.01666667007812,11.01666667028764],[76.01666666955964,11.0000000003646],[76.00000000040644,10.999999999793973]]]}},{"type":"Feature","properties":{"grid":"T16","height":204,"airport":"Calicut"},"geometry":{"type":"Polygon","coordinates":[[[76.01666666955964,11.0000000003646],[76.01666667007812,11.01666667028764],[76.03333332977151,11.016666670097386],[76.03333332979108,10.999999999744585],[76.01666666955964,11.0000000003646]]]}},{"type":"Feature","properties":{"grid":"T17","height":204,"airport":"Calicut"},"geometry":{"type":"Polygon","coordinates":[[[76.03333332979108,10.999999999744585],[76.03333332977151,11.016666670097386],[76.05000000030556,11.016666670022486],[76.04999999992498,10.999999999655898],[76.03333332979108,10.999999999744585]]]}},{"type":"Feature","properties":{"grid":"T18","height":204,"airport":"Calicut"},"geometry":{"type":"Polygon","coordinates":[[[76.04999999992498,10.999999999655898],[76.05000000030556,11.016666670022486],[76.06666667029523,11.016666670077756],[76.06666667040705,11.000000000107025],[76.04999999992498,10.999999999655898]]]}},{"type":"Feature","properties":{"grid":"T19","height":204,"airport":"Calicut"},"geometry":{"type":"Polygon","coordinates":[[[76.06666667040705,11.000000000107025],[76.06666667029523,11.016666670077756],[76.08333333018616,11.016666670273562],[76.08333332984944,11.000000000210491],[76.06666667040705,11.000000000107025]]]}},{"type":"Feature","properties":{"grid":"T20","height":204,"airport":"Calicut"},"geometry":{"type":"Polygon","coordinates":[[[76.08333332984944,11.000000000210491],[76.08333333018616,11.016666670273562],[76.09999999970935,11.016666669611674],[76.09999999981532,10.999999999865892],[76.08333332984944,11.000000000210491]]]}},{"type":"Feature","properties":{"grid":"T21","height":204,"airport":"Calicut"},"geometry":{"type":"Polygon","coordinates":[[[76.09999999981532,10.999999999865892],[76.09999999970935,11.016666669611674],[76.11666667023226,11.01666666990615],[76.11666666983851,10.999999999989711],[76.09999999981532,10.999999999865892]]]}},{"type":"Feature","properties":{"grid":"T22","height":204,"airport":"Calicut"},"geometry":{"type":"Polygon","coordinates":[[[76.11666666983851,10.999999999989711],[76.11666667023226,11.01666666990615],[76.13333333036678,11.016666670270226],[76.13333333036148,10.999999999688432],[76.11666666983851,10.999999999989711]]]}},{"type":"Feature","properties":{"grid":"U22","height":204,"airport":"Calicut"},"geometry":{"type":"Polygon","coordinates":[[[76.13333333036148,10.999999999688432],[76.13333332961963,10.983333329668088],[76.11666667004714,10.983333329704719],[76.11666666983851,10.999999999989711],[76.13333333036148,10.999999999688432]]]}},{"type":"Feature","properties":{"grid":"U1","height":204,"airport":"Calicut"},"geometry":{"type":"Polygon","coordinates":[[[75.76666666959426,11.000000000299178],[75.78333332988622,11.000000000404102],[75.78333332960818,10.983333330242779],[75.76666666980981,10.983333330407865],[75.76666666959426,11.000000000299178]]]}},{"type":"Feature","properties":{"grid":"U2","height":204,"airport":"Calicut"},"geometry":{"type":"Polygon","coordinates":[[[75.79999999969786,11.000000000451214],[75.79999999982402,10.983333330430254],[75.78333332960818,10.983333330242779],[75.78333332988622,11.000000000404102],[75.79999999969786,11.000000000451214]]]}},{"type":"Feature","properties":{"grid":"U3","height":204,"airport":"Calicut"},"geometry":{"type":"Polygon","coordinates":[[[75.79999999969786,11.000000000451214],[75.81666667038988,11.000000000444349],[75.81666666998521,10.9833333300746],[75.79999999982402,10.983333330430254],[75.79999999969786,11.000000000451214]]]}},{"type":"Feature","properties":{"grid":"U4","height":204,"airport":"Calicut"},"geometry":{"type":"Polygon","coordinates":[[[75.81666666998521,10.9833333300746],[75.81666667038988,11.000000000444349],[75.83333332966191,11.000000000398977],[75.83333332962465,10.9833333300907],[75.81666666998521,10.9833333300746]]]}},{"type":"Feature","properties":{"grid":"U5","height":204,"airport":"Calicut"},"geometry":{"type":"Polygon","coordinates":[[[75.83333332962465,10.9833333300907],[75.83333332966191,11.000000000398977],[75.84999999999454,11.000000000235554],[75.85000000030608,10.983333330401505],[75.83333332962465,10.9833333300907]]]}},{"type":"Feature","properties":{"grid":"U6","height":204,"airport":"Calicut"},"geometry":{"type":"Polygon","coordinates":[[[75.85000000030608,10.983333330401505],[75.84999999999454,11.000000000235554],[75.86666667000262,10.99999999996585],[75.86666666972684,10.983333330117096],[75.85000000030608,10.983333330401505]]]}},{"type":"Feature","properties":{"grid":"U7","height":204,"airport":"Calicut"},"geometry":{"type":"Polygon","coordinates":[[[75.86666666972684,10.983333330117096],[75.86666667000262,10.99999999996585],[75.88333333013172,10.99999999959838],[75.88333333016571,10.983333330145111],[75.86666666972684,10.983333330117096]]]}},{"type":"Feature","properties":{"grid":"U8","height":204,"airport":"Calicut"},"geometry":{"type":"Polygon","coordinates":[[[75.88333333016571,10.983333330145111],[75.88333333013172,10.99999999959838],[75.90000000011894,10.999999999960995],[75.90000000044037,10.983333330411782],[75.88333333016571,10.983333330145111]]]}},{"type":"Feature","properties":{"grid":"U9","height":204,"airport":"Calicut"},"geometry":{"type":"Polygon","coordinates":[[[75.90000000044037,10.983333330411782],[75.90000000011894,10.999999999960995],[75.9166666704071,11.000000000156565],[75.91666667007854,10.983333330022724],[75.90000000044037,10.983333330411782]]]}},{"type":"Feature","properties":{"grid":"U10","height":204,"airport":"Calicut"},"geometry":{"type":"Polygon","coordinates":[[[75.91666667007854,10.983333330022724],[75.9166666704071,11.000000000156565],[75.93333332961126,11.000000000199604],[75.93333333044392,10.983333329888456],[75.91666667007854,10.983333330022724]]]}},{"type":"Feature","properties":{"grid":"U11","height":204,"airport":"Calicut"},"geometry":{"type":"Polygon","coordinates":[[[75.93333333044392,10.983333329888456],[75.93333332961126,11.000000000199604],[75.9500000002112,11.000000000000911],[75.95000000035387,10.98333332993099],[75.93333333044392,10.983333329888456]]]}},{"type":"Feature","properties":{"grid":"U12","height":204,"airport":"Calicut"},"geometry":{"type":"Polygon","coordinates":[[[75.95000000035387,10.98333332993099],[75.9500000002112,11.000000000000911],[75.96666666990666,10.999999999576561],[75.96666667025409,10.983333330158036],[75.95000000035387,10.98333332993099]]]}},{"type":"Feature","properties":{"grid":"U13","height":204,"airport":"Calicut"},"geometry":{"type":"Polygon","coordinates":[[[75.96666667025409,10.983333330158036],[75.96666666990666,10.999999999576561],[75.98333333006151,10.99999999983743],[75.98333332967228,10.983333329677608],[75.96666667025409,10.983333330158036]]]}},{"type":"Feature","properties":{"grid":"U14","height":204,"airport":"Calicut"},"geometry":{"type":"Polygon","coordinates":[[[75.98333332967228,10.983333329677608],[75.98333333006151,10.99999999983743],[76.00000000040644,10.999999999793973],[76.00000000017694,10.98333333020726],[75.98333332967228,10.983333329677608]]]}},{"type":"Feature","properties":{"grid":"U15","height":204,"airport":"Calicut"},"geometry":{"type":"Polygon","coordinates":[[[76.00000000017694,10.98333333020726],[76.00000000040644,10.999999999793973],[76.01666666955964,11.0000000003646],[76.01666667037738,10.98333332995243],[76.00000000017694,10.98333333020726]]]}},{"type":"Feature","properties":{"grid":"U16","height":204,"airport":"Calicut"},"geometry":{"type":"Polygon","coordinates":[[[76.01666667037738,10.98333332995243],[76.01666666955964,11.0000000003646],[76.03333332979108,10.999999999744585],[76.03333332980733,10.983333329830378],[76.01666667037738,10.98333332995243]]]}},{"type":"Feature","properties":{"grid":"U17","height":204,"airport":"Calicut"},"geometry":{"type":"Polygon","coordinates":[[[76.03333332980733,10.983333329830378],[76.03333332979108,10.999999999744585],[76.04999999992498,10.999999999655898],[76.05000000002894,10.983333329745456],[76.03333332980733,10.983333329830378]]]}},{"type":"Feature","properties":{"grid":"U18","height":204,"airport":"Calicut"},"geometry":{"type":"Polygon","coordinates":[[[76.05000000002894,10.983333329745456],[76.04999999992498,10.999999999655898],[76.06666667040705,11.000000000107025],[76.06666666965761,10.983333329712456],[76.05000000002894,10.983333329745456]]]}},{"type":"Feature","properties":{"grid":"U19","height":204,"airport":"Calicut"},"geometry":{"type":"Polygon","coordinates":[[[76.06666666965761,10.983333329712456],[76.06666667040705,11.000000000107025],[76.08333332984944,11.000000000210491],[76.08333333005449,10.983333329738478],[76.06666666965761,10.983333329712456]]]}},{"type":"Feature","properties":{"grid":"U20","height":204,"airport":"Calicut"},"geometry":{"type":"Polygon","coordinates":[[[76.08333333005449,10.983333329738478],[76.08333332984944,11.000000000210491],[76.09999999981532,10.999999999865892],[76.10000000003572,10.983333329732886],[76.08333333005449,10.983333329738478]]]}},{"type":"Feature","properties":{"grid":"U21","height":204,"airport":"Calicut"},"geometry":{"type":"Polygon","coordinates":[[[76.10000000003572,10.983333329732886],[76.09999999981532,10.999999999865892],[76.11666666983851,10.999999999989711],[76.11666667004714,10.983333329704719],[76.10000000003572,10.983333329732886]]]}},{"type":"Feature","properties":{"grid":"W1","height":204,"airport":"Calicut"},"geometry":{"type":"Polygon","coordinates":[[[75.76666666974613,10.950000000290398],[75.76666666956974,10.96666666975924],[75.78333333028006,10.966666670239146],[75.78333333002018,10.949999999624406],[75.76666666974613,10.950000000290398]]]}},{"type":"Feature","properties":{"grid":"W2","height":204,"airport":"Calicut"},"geometry":{"type":"Polygon","coordinates":[[[75.78333333002018,10.949999999624406],[75.78333333028006,10.966666670239146],[75.7999999995552,10.966666669680716],[75.7999999997616,10.950000000139731],[75.78333333002018,10.949999999624406]]]}},{"type":"Feature","properties":{"grid":"W3","height":204,"airport":"Calicut"},"geometry":{"type":"Polygon","coordinates":[[[75.7999999997616,10.950000000139731],[75.7999999995552,10.966666669680716],[75.81666666967605,10.966666669894174],[75.81666667032664,10.950000000031572],[75.7999999997616,10.950000000139731]]]}},{"type":"Feature","properties":{"grid":"W4","height":204,"airport":"Calicut"},"geometry":{"type":"Polygon","coordinates":[[[75.81666667032664,10.950000000031572],[75.81666666967605,10.966666669894174],[75.83333333017089,10.966666669985573],[75.83333333033346,10.950000000217134],[75.81666667032664,10.950000000031572]]]}},{"type":"Feature","properties":{"grid":"W5","height":204,"airport":"Calicut"},"geometry":{"type":"Polygon","coordinates":[[[75.83333333033346,10.950000000217134],[75.83333333017089,10.966666669985573],[75.8499999998562,10.966666669885536],[75.8500000004249,10.94999999971789],[75.83333333033346,10.950000000217134]]]}},{"type":"Feature","properties":{"grid":"W6","height":204,"airport":"Calicut"},"geometry":{"type":"Polygon","coordinates":[[[75.8500000004249,10.94999999971789],[75.8499999998562,10.966666669885536],[75.86666667009293,10.966666669598252],[75.86666667013687,10.950000000351691],[75.8500000004249,10.94999999971789]]]}},{"type":"Feature","properties":{"grid":"W7","height":204,"airport":"Calicut"},"geometry":{"type":"Polygon","coordinates":[[[75.86666667013687,10.950000000351691],[75.86666667009293,10.966666669598252],[75.8833333304144,10.966666670039084],[75.88333332991026,10.950000000318449],[75.86666667013687,10.950000000351691]]]}},{"type":"Feature","properties":{"grid":"W8","height":204,"airport":"Calicut"},"geometry":{"type":"Polygon","coordinates":[[[75.88333332991026,10.950000000318449],[75.8833333304144,10.966666670039084],[75.89999999963425,10.966666670230179],[75.90000000039271,10.950000000443623],[75.88333332991026,10.950000000318449]]]}},{"type":"Feature","properties":{"grid":"W9","height":204,"airport":"Calicut"},"geometry":{"type":"Polygon","coordinates":[[[75.90000000039271,10.950000000443623],[75.89999999963425,10.966666670230179],[75.91666667002856,10.966666670173325],[75.91666667019716,10.949999999835434],[75.90000000039271,10.950000000443623]]]}},{"type":"Feature","properties":{"grid":"W10","height":204,"airport":"Calicut"},"geometry":{"type":"Polygon","coordinates":[[[75.91666667019716,10.949999999835434],[75.91666667002856,10.966666670173325],[75.93333333021289,10.966666669882875],[75.93333332977528,10.950000000311478],[75.91666667019716,10.949999999835434]]]}},{"type":"Feature","properties":{"grid":"W11","height":204,"airport":"Calicut"},"geometry":{"type":"Polygon","coordinates":[[[75.93333332977528,10.950000000311478],[75.93333333021289,10.966666669882875],[75.94999999992113,10.966666670182535],[75.94999999976612,10.949999999979859],[75.93333332977528,10.950000000311478]]]}},{"type":"Feature","properties":{"grid":"W12","height":204,"airport":"Calicut"},"geometry":{"type":"Polygon","coordinates":[[[75.94999999976612,10.949999999979859],[75.94999999992113,10.966666670182535],[75.96666666959628,10.966666670175687],[75.96666666970336,10.9499999997553],[75.94999999976612,10.949999999979859]]]}},{"type":"Feature","properties":{"grid":"W13","height":204,"airport":"Calicut"},"geometry":{"type":"Polygon","coordinates":[[[75.96666666970336,10.9499999997553],[75.96666666959628,10.966666670175687],[75.98333332968429,10.966666669871719],[75.98333333003318,10.949999999647135],[75.96666666970336,10.9499999997553]]]}},{"type":"Feature","properties":{"grid":"W14","height":204,"airport":"Calicut"},"geometry":{"type":"Polygon","coordinates":[[[75.98333333003318,10.949999999647135],[75.98333332968429,10.966666669871719],[75.99999999991877,10.966666670089854],[75.99999999956964,10.949999999573459],[75.98333333003318,10.949999999647135]]]}},{"type":"Feature","properties":{"grid":"W15","height":204,"airport":"Calicut"},"geometry":{"type":"Polygon","coordinates":[[[75.99999999956964,10.949999999573459],[75.99999999991877,10.966666670089854],[76.0166666698275,10.966666669936892],[76.01666666967697,10.950000000443652],[75.99999999956964,10.949999999573459]]]}},{"type":"Feature","properties":{"grid":"W16","height":204,"airport":"Calicut"},"geometry":{"type":"Polygon","coordinates":[[[76.01666666967697,10.950000000443652],[76.0166666698275,10.966666669936892],[76.03333332985956,10.966666670326964],[76.03333332987705,10.949999999557697],[76.01666666967697,10.950000000443652]]]}},{"type":"Feature","properties":{"grid":"W17","height":204,"airport":"Calicut"},"geometry":{"type":"Polygon","coordinates":[[[76.03333332987705,10.949999999557697],[76.03333332985956,10.966666670326964],[76.04999999974214,10.966666670266466],[76.0499999999111,10.950000000443453],[76.03333332987705,10.949999999557697]]]}},{"type":"Feature","properties":{"grid":"W18","height":204,"airport":"Calicut"},"geometry":{"type":"Polygon","coordinates":[[[76.0499999999111,10.950000000443453],[76.04999999974214,10.966666670266466],[76.06666666992109,10.96666666976391],[76.06666667021574,10.950000000396615],[76.0499999999111,10.950000000443453]]]}},{"type":"Feature","properties":{"grid":"W19","height":204,"airport":"Calicut"},"geometry":{"type":"Polygon","coordinates":[[[76.06666667021574,10.950000000396615],[76.06666666992109,10.96666666976391],[76.08333332993058,10.966666669736995],[76.08333333032533,10.950000000334908],[76.06666667021574,10.950000000396615]]]}},{"type":"Feature","properties":{"grid":"W20","height":204,"airport":"Calicut"},"geometry":{"type":"Polygon","coordinates":[[[76.08333333032533,10.950000000334908],[76.08333332993058,10.966666669736995],[76.10000000041569,10.966666670088802],[76.09999999996822,10.950000000164817],[76.08333333032533,10.950000000334908]]]}},{"type":"Feature","properties":{"grid":"W21","height":204,"airport":"Calicut"},"geometry":{"type":"Polygon","coordinates":[[[76.09999999996822,10.950000000164817],[76.10000000041569,10.966666670088802],[76.1166666699888,10.966666669930603],[76.11666666959051,10.949999999895349],[76.09999999996822,10.950000000164817]]]}},{"type":"Feature","properties":{"grid":"W22","height":204,"airport":"Calicut"},"geometry":{"type":"Polygon","coordinates":[[[76.11666666959051,10.949999999895349],[76.1166666699888,10.966666669930603],[76.13333333001458,10.966666670174089],[76.13333332964196,10.950000000441369],[76.11666666959051,10.949999999895349]]]}},{"type":"Feature","properties":{"grid":"L12","height":0,"airport":"Calicut"},"geometry":{"type":"Polygon","coordinates":[[[75.95000000035432,11.13333333020548],[75.95000000003338,11.149999999765324],[75.96666666970162,11.149999999698801],[75.96666667041465,11.133333329725087],[75.95000000035432,11.13333333020548]]]}},{"type":"Feature","properties":{"grid":"K14-1","height":0,"airport":"Calicut"},"geometry":{"type":"Polygon","coordinates":[[[75.99770036990867,11.15000005546428],[75.98333333002569,11.150000000232009],[75.98333332410357,11.15273481991446],[75.99770036990867,11.15000005546428]]]}},{"type":"Feature","properties":{"grid":"N15","height":0,"airport":"Calicut"},"geometry":{"type":"Polygon","coordinates":[[[76.01099719180539,11.116666773493076],[76.00850567631576,11.103904839074456],[75.99999999039689,11.105524434298228],[75.99999999988198,11.11666666958026],[76.01099719180539,11.116666773493076]]]}},{"type":"Feature","properties":{"grid":"M10-1","height":144,"airport":"Calicut"},"geometry":{"type":"Polygon","coordinates":[[[75.93333333019714,11.11666667031016],[75.91666667005612,11.116666670381989],[75.9166666623643,11.121378751076275],[75.93333332712602,11.118209841676642],[75.93333333019714,11.11666667031016]]]}},{"type":"Feature","properties":{"grid":"N14-1","height":144,"airport":"Calicut"},"geometry":{"type":"Polygon","coordinates":[[[76.00000000020373,11.100000000432804],[75.98333332971904,11.09999999991537],[75.9833333192982,11.108697251403937],[75.99999999039689,11.105524434298228],[76.00000000020373,11.100000000432804]]]}},{"type":"Feature","properties":{"grid":"N16-1","height":164,"airport":"Calicut"},"geometry":{"type":"Polygon","coordinates":[[[76.02900691379921,11.100000088976795],[76.01666666962956,11.099999999996832],[76.01666666431063,11.102350640537978],[76.02900691379921,11.100000088976795]]]}},{"type":"Feature","properties":{"grid":"M10","height":0,"airport":"Calicut"},"geometry":{"type":"Polygon","coordinates":[[[75.93333332956308,11.133333329880552],[75.93333332712602,11.118209841676642],[75.9166666623643,11.121378751076275],[75.91666667034666,11.133333329638239],[75.93333332956308,11.133333329880552]]]}},{"type":"Feature","properties":{"grid":"M9","height":0,"airport":"Calicut"},"geometry":{"type":"Polygon","coordinates":[[[75.91666667034666,11.133333329638239],[75.9166666623643,11.121378751076275],[75.90262228939095,11.124048312338356],[75.90443170368528,11.1333334202221],[75.91666667034666,11.133333329638239]]]}},{"type":"Feature","properties":{"grid":"L9-1","height":144,"airport":"Calicut"},"geometry":{"type":"Polygon","coordinates":[[[75.90443170368528,11.1333334202221],[75.90000000021197,11.133333329568888],[75.90000000028995,11.14999999995059],[75.90767994433472,11.150000115058633],[75.90443170368528,11.1333334202221]]]}},{"type":"Feature","properties":{"grid":"K9-1","height":0,"airport":"Calicut"},"geometry":{"type":"Polygon","coordinates":[[[75.91666666996552,11.149999999855593],[75.90767994433472,11.150000115058633],[75.91089840571937,11.166511695727406],[75.91666666715734,11.16541527102422],[75.91666666996552,11.149999999855593]]]}},{"type":"Feature","properties":{"grid":"K10-1","height":144,"airport":"Calicut"},"geometry":{"type":"Polygon","coordinates":[[[75.93333333044878,11.166666670162268],[75.93333332273036,11.162246631067474],[75.91666666715734,11.16541527102422],[75.91666666979019,11.16666667015434],[75.93333333044878,11.166666670162268]]]}},{"type":"Feature","properties":{"grid":"K11-1","height":144,"airport":"Calicut"},"geometry":{"type":"Polygon","coordinates":[[[75.94999999997987,11.166666670345595],[75.9499999896997,11.159077007964262],[75.93333332273036,11.162246631067474],[75.93333333044878,11.166666670162268],[75.94999999997987,11.166666670345595]]]}},{"type":"Feature","properties":{"grid":"K12-1","height":144,"airport":"Calicut"},"geometry":{"type":"Polygon","coordinates":[[[75.96666666974029,11.166666669805023],[75.96666666032027,11.155906403384803],[75.9499999896997,11.159077007964262],[75.94999999997987,11.166666670345595],[75.96666666974029,11.166666669805023]]]}},{"type":"Feature","properties":{"grid":"K13-1","height":144,"airport":"Calicut"},"geometry":{"type":"Polygon","coordinates":[[[75.98333333018017,11.166666670358591],[75.98333332410357,11.15273481991446],[75.96666666032027,11.155906403384803],[75.96666666974029,11.166666669805023],[75.98333333018017,11.166666670358591]]]}},{"type":"Feature","properties":{"grid":"J4-1","height":184,"airport":"Calicut"},"geometry":{"type":"Polygon","coordinates":[[[75.83333332980769,11.183333330060917],[75.83333332604019,11.181243745362654],[75.82232190350828,11.183333433712626],[75.83333332980769,11.183333330060917]]]}},{"type":"Feature","properties":{"grid":"M6-1","height":144,"airport":"Calicut"},"geometry":{"type":"Polygon","coordinates":[[[75.86666666998855,11.133333329900301],[75.86666666545285,11.13087960770068],[75.8537455371475,11.133333410994513],[75.86666666998855,11.133333329900301]]]}},{"type":"Feature","properties":{"grid":"M7-1","height":144,"airport":"Calicut"},"geometry":{"type":"Polygon","coordinates":[[[75.88333332963023,11.133333329660461],[75.88333332149627,11.127713636217296],[75.86666666545285,11.13087960770068],[75.86666666998855,11.133333329900301],[75.88333332963023,11.133333329660461]]]}},{"type":"Feature","properties":{"grid":"M8-1","height":144,"airport":"Calicut"},"geometry":{"type":"Polygon","coordinates":[[[75.90000000021197,11.133333329568888],[75.89999999062861,11.124546682847274],[75.88333332149627,11.127713636217296],[75.88333332963023,11.133333329660461],[75.90000000021197,11.133333329568888]]]}},{"type":"Feature","properties":{"grid":"N15-1","height":144,"airport":"Calicut"},"geometry":{"type":"Polygon","coordinates":[[[76.0166666698429,11.116666670095482],[76.01666666431063,11.102350640537978],[76.01666666962956,11.099999999996832],[76.00000000020373,11.100000000432804],[75.99999999039689,11.105524434298228],[76.00850567631576,11.103904839074456],[76.01099719088978,11.116666773496153],[76.0166666698429,11.116666670095482]]]}},{"type":"Feature","properties":{"grid":"N16","height":144,"airport":"Calicut"},"geometry":{"type":"Polygon","coordinates":[[[76.02913806074763,11.10000008683897],[76.02900691379921,11.100000088976795],[76.01666666431063,11.102350640537978],[76.0166666698429,11.116666670095482],[76.0333333301301,11.116666670157585],[76.03333333027865,11.10000000041977],[76.02913806074763,11.10000008683897]]]}},{"type":"Feature","properties":{"grid":"M21-1","height":204,"airport":"Calicut"},"geometry":{"type":"Polygon","coordinates":[[[76.11666667027632,11.11666667035779],[76.11357100485955,11.116666740158943],[76.11569262515835,11.127512749848616],[76.09999999351483,11.130506320615748],[76.099999999863,11.133333330403573],[76.11666667013918,11.133333329770107],[76.11666667027632,11.11666667035779]]]}},{"type":"Feature","properties":{"grid":"N21-1","height":204,"airport":"Calicut"},"geometry":{"type":"Polygon","coordinates":[[[76.11666667002318,11.099999999552843],[76.11031119011676,11.100000108152704],[76.11357100485955,11.116666740158943],[76.11666667027632,11.11666667035779],[76.11666667002318,11.099999999552843]]]}},{"type":"Feature","properties":{"grid":"O21-1","height":204,"airport":"Calicut"},"geometry":{"type":"Polygon","coordinates":[[[76.11666667002318,11.099999999552843],[76.11666667034865,11.08333333003619],[76.10000000027519,11.083333329748708],[76.09999999275612,11.086467062723402],[76.10738898684225,11.085057530321249],[76.11031119011676,11.100000108152704],[76.11666667002318,11.099999999552843]]]}},{"type":"Feature","properties":{"grid":"O20-1","height":204,"airport":"Calicut"},"geometry":{"type":"Polygon","coordinates":[[[76.10000000027519,11.083333329748708],[76.08333333038517,11.083333329676567],[76.08333331931905,11.089645727637553],[76.09999999275612,11.086467062723402],[76.10000000027519,11.083333329748708]]]}},{"type":"Feature","properties":{"grid":"O19-1","height":164,"airport":"Calicut"},"geometry":{"type":"Polygon","coordinates":[[[76.08333333038517,11.083333329676567],[76.06666667023364,11.083333329810705],[76.06666665939574,11.092823415963704],[76.08333331931905,11.089645727637553],[76.08333333038517,11.083333329676567]]]}},{"type":"Feature","properties":{"grid":"O18-1","height":164,"airport":"Calicut"},"geometry":{"type":"Polygon","coordinates":[[[76.06666667023364,11.083333329810705],[76.05000000008025,11.08333333024574],[76.04999999237069,11.096000132456604],[76.06666665939574,11.092823415963704],[76.06666667023364,11.083333329810705]]]}},{"type":"Feature","properties":{"grid":"O17-1","height":164,"airport":"Calicut"},"geometry":{"type":"Polygon","coordinates":[[[76.05000000008025,11.08333333024574],[76.03333333039222,11.083333330063835],[76.03333332781017,11.099175873624961],[76.04999999237069,11.096000132456604],[76.05000000008025,11.08333333024574]]]}},{"type":"Feature","properties":{"grid":"N13-1","height":144,"airport":"Calicut"},"geometry":{"type":"Polygon","coordinates":[[[75.98333332971904,11.09999999991537],[75.96666666956807,11.100000000238753],[75.96666666150746,11.111869091077924],[75.9833333192982,11.108697251403937],[75.98333332971904,11.09999999991537]]]}},{"type":"Feature","properties":{"grid":"N12-1","height":144,"airport":"Calicut"},"geometry":{"type":"Polygon","coordinates":[[[75.96666666956807,11.100000000238753],[75.95000000000219,11.099999999680492],[75.94999999639327,11.115039954452266],[75.96666666150746,11.111869091077924],[75.96666666956807,11.100000000238753]]]}},{"type":"Feature","properties":{"grid":"N11-1","height":0,"airport":"Calicut"},"geometry":{"type":"Polygon","coordinates":[[[75.94146118959503,11.116664099455644],[75.95000000005773,11.116666669832862],[75.94999999639327,11.115039954452266],[75.94146118959503,11.116664099455644]]]}},{"type":"Feature","properties":{"grid":"L15-1","height":144,"airport":"Calicut"},"geometry":{"type":"Polygon","coordinates":[[[76.0166666695707,11.150000000143011],[76.01666666241199,11.146388711034252],[75.99999999892752,11.149562253716633],[76.00000000021726,11.150000112504694],[76.0166666695707,11.150000000143011]]]}},{"type":"Feature","properties":{"grid":"M15-1","height":144,"airport":"Calicut"},"geometry":{"type":"Polygon","coordinates":[[[76.0166666694508,11.11670699199832],[76.01099719088978,11.116666773496153],[76.0142514315356,11.1333333871724],[76.01425144830846,11.133333471212007],[76.01425145390569,11.133333501033727],[76.01666667041023,11.133333329583285],[76.0166666694508,11.11670699199832]]]}},{"type":"Feature","properties":{"grid":"L17-1","height":164,"airport":"Calicut"},"geometry":{"type":"Polygon","coordinates":[[[76.05006677322565,11.150000001680729],[76.04999998935641,11.140038689131803],[76.03333331962432,11.143214190786729],[76.03333332968329,11.150000000443363],[76.05006677322565,11.150000001680729]]]}},{"type":"Feature","properties":{"grid":"L18-1","height":164,"airport":"Calicut"},"geometry":{"type":"Polygon","coordinates":[[[76.06666666979534,11.149999999674774],[76.06666666203914,11.136862209558021],[76.04999998935641,11.140038689131803],[76.05006677322565,11.150000001680729],[76.06666666979534,11.149999999674774]]]}},{"type":"Feature","properties":{"grid":"L19-1","height":184,"airport":"Calicut"},"geometry":{"type":"Polygon","coordinates":[[[76.08333332977428,11.150000000436684],[76.0833333290137,11.133684753744411],[76.06666666203914,11.136862209558021],[76.06666666979534,11.149999999674774],[76.08333332977428,11.150000000436684]]]}},{"type":"Feature","properties":{"grid":"L20-1","height":184,"airport":"Calicut"},"geometry":{"type":"Polygon","coordinates":[[[76.099999999863,11.133333330403573],[76.09999999351483,11.130506320615748],[76.08517609148248,11.133333375427915],[76.099999999863,11.133333330403573]]]}},{"type":"Feature","properties":{"grid":"L20-2","height":144,"airport":"Calicut"},"geometry":{"type":"Polygon","coordinates":[[[76.0833333290137,11.133684753744411],[76.08517609148248,11.133333375427915],[76.08333332984229,11.13333333001918],[76.0833333290137,11.133684753744411]]]}},{"type":"Feature","properties":{"grid":"L14-1","height":144,"airport":"Calicut"},"geometry":{"type":"Polygon","coordinates":[[[76.00000000021726,11.150000112504694],[75.99999999892752,11.149562253716633],[75.99770036990867,11.15000005546428],[76.00000000021726,11.150000112504694]]]}},{"type":"Feature","properties":{"grid":"L9","height":0,"airport":"Calicut"},"geometry":{"type":"Polygon","coordinates":[[[75.91666667034666,11.133333329638239],[75.90443170368528,11.1333334202221],[75.90767994433472,11.150000115058633],[75.91666666996552,11.149999999855593],[75.91666667034666,11.133333329638239]]]}},{"type":"Feature","properties":{"grid":"M9-1","height":144,"airport":"Calicut"},"geometry":{"type":"Polygon","coordinates":[[[75.91666667005612,11.116666670381989],[75.8999999998902,11.116666670130002],[75.89999999062861,11.124546682847274],[75.90000000021197,11.133333329568888],[75.90443170368528,11.1333334202221],[75.90262228939095,11.124048312338356],[75.9166666623643,11.121378751076275],[75.91666667005612,11.116666670381989]]]}},{"type":"Feature","properties":{"grid":"O16-1","height":144,"airport":"Calicut"},"geometry":{"type":"Polygon","coordinates":[[[76.03333332781017,11.099175873624961],[76.02913806074763,11.10000008683897],[76.03333333027865,11.10000000041977],[76.03333332781017,11.099175873624961]]]}},{"type":"Feature","properties":{"grid":"L16-1","height":0,"airport":"Calicut"},"geometry":{"type":"Polygon","coordinates":[[[76.01679606556992,11.146364067412364],[76.01666666122858,11.145701445052035],[76.01666666241199,11.146388711034252],[76.01679606556992,11.146364067412364]]]}},{"type":"Feature","properties":{"grid":"L15","height":0,"airport":"Calicut"},"geometry":{"type":"Polygon","coordinates":[[[76.01425143432638,11.133333399822622],[76.00000000034912,11.1333333299051],[75.99999999892752,11.149562253716633],[76.01666666241199,11.146388711034252],[76.01666666122543,11.145701444147788],[76.01425145390569,11.133333501033727],[76.01425143432638,11.133333399822622]]]}},{"type":"Feature","properties":{"grid":"L15-2","height":144,"airport":"Calicut"},"geometry":{"type":"Polygon","coordinates":[[[76.01666667041023,11.133333329583285],[76.01425145390569,11.133333501033727],[76.01666666122858,11.145701445052035],[76.01666667041023,11.133333329583285]]]}},{"type":"Feature","properties":{"grid":"I4-1","height":144,"airport":"Calicut"},"geometry":{"type":"Polygon","coordinates":[[[75.82232190350828,11.183333433712626],[75.81666666988369,11.18333332978367],[75.81666666807294,11.184406487346505],[75.82232190350828,11.183333433712626]]]}},{"type":"Feature","properties":{"grid":"I3-1","height":144,"airport":"Calicut"},"geometry":{"type":"Polygon","coordinates":[[[75.81666666988369,11.18333332978367],[75.81158302851846,11.183309405264461],[75.81196992781794,11.185297584201633],[75.81666666807294,11.184406487346505],[75.81666666988369,11.18333332978367]]]}},{"type":"Feature","properties":{"grid":"I4","height":184,"airport":"Calicut"},"geometry":{"type":"Polygon","coordinates":[[[75.83333332980769,11.183333330060917],[75.82232190350828,11.183333433712626],[75.81666666807294,11.184406487346505],[75.81666666989595,11.200000000147144],[75.83333332980254,11.199999999642095],[75.83333332980769,11.183333330060917]]]}},{"type":"Feature","properties":{"grid":"I3","height":204,"airport":"Calicut"},"geometry":{"type":"Polygon","coordinates":[[[75.81666666989595,11.200000000147144],[75.81666666807294,11.184406487346505],[75.81196992781794,11.185297584201633],[75.81158302851846,11.183309405264461],[75.7999999996593,11.183333330371928],[75.7999999997038,11.200000000204435],[75.81666666989595,11.200000000147144]]]}},{"type":"Feature","properties":{"grid":"J3","height":164,"airport":"Calicut"},"geometry":{"type":"Polygon","coordinates":[[[75.80834462707085,11.166666785612971],[75.80000000009404,11.16666667040366],[75.7999999996593,11.183333330371928],[75.81158302851846,11.183309405264461],[75.80834462707085,11.166666785612971]]]}},{"type":"Feature","properties":{"grid":"J4","height":144,"airport":"Calicut"},"geometry":{"type":"Polygon","coordinates":[[[75.83333333035114,11.166666670374326],[75.81671539587249,11.166666671216886],[75.81666666988369,11.18333332978367],[75.82232190350828,11.183333433712626],[75.83333332604019,11.181243745362654],[75.83333333035114,11.166666670374326]]]}},{"type":"Feature","properties":{"grid":"J3-1","height":144,"airport":"Calicut"},"geometry":{"type":"Polygon","coordinates":[[[75.81671539587249,11.166666671216886],[75.80834462707085,11.166666785612971],[75.81158302851846,11.183309405264461],[75.81666666988369,11.18333332978367],[75.81671539587249,11.166666671216886]]]}},{"type":"Feature","properties":{"grid":"L4","height":144,"airport":"Calicut"},"geometry":{"type":"Polygon","coordinates":[[[75.83333332954578,11.14999999981431],[75.83333332385503,11.137208617609124],[75.8166685986887,11.1403712829699],[75.81676156956576,11.150000002743965],[75.83333332954578,11.14999999981431]]]}},{"type":"Feature","properties":{"grid":"K3-1","height":144,"airport":"Calicut"},"geometry":{"type":"Polygon","coordinates":[[[75.81676156956576,11.150000002743965],[75.8050921262588,11.149949377648612],[75.80834462707085,11.166666785612971],[75.81671539587249,11.166666671216886],[75.81676156956576,11.150000002743965]]]}},{"type":"Feature","properties":{"grid":"K3","height":164,"airport":"Calicut"},"geometry":{"type":"Polygon","coordinates":[[[75.80834462707085,11.166666785612971],[75.8050921262588,11.149949377648612],[75.8000000000414,11.150000000433119],[75.80000000009404,11.16666667040366],[75.80834462707085,11.166666785612971]]]}},{"type":"Feature","properties":{"grid":"L3-1","height":144,"airport":"Calicut"},"geometry":{"type":"Polygon","coordinates":[[[75.81676156956576,11.150000002743965],[75.8166685986887,11.1403712829699],[75.80370722009889,11.142830441116192],[75.8050921262588,11.149949377648612],[75.81676156956576,11.150000002743965]]]}},{"type":"Feature","properties":{"grid":"L3","height":164,"airport":"Calicut"},"geometry":{"type":"Polygon","coordinates":[[[75.81666667003309,11.133333330151201],[75.80000000044814,11.133333330430924],[75.8000000000414,11.150000000433119],[75.8050921262588,11.149949377648612],[75.80370722009889,11.142830441116192],[75.8166685986887,11.1403712829699],[75.81666667003309,11.133333330151201]]]}},{"type":"Feature","properties":{"grid":"L4-1","height":164,"airport":"Calicut"},"geometry":{"type":"Polygon","coordinates":[[[75.83333333017642,11.133333330154736],[75.81666667003309,11.133333330151201],[75.8166685986887,11.1403712829699],[75.83333332385503,11.137208617609124],[75.83333333017642,11.133333330154736]]]}},{"type":"Feature","properties":{"grid":"XX56","height":204,"airport":"Calicut"},"geometry":{"type":"Polygon","coordinates":[[[75.43767480203283,11.083144875270728],[75.7666666703061,11.083333330117659],[75.76666667024905,11.06666666957056],[75.76666666967185,11.050000000050753],[75.76666667043013,11.033333329718204],[75.76666666981156,11.016666670361838],[75.76666666959426,11.000000000299178],[75.76666666980981,10.983333330407865],[75.76666666956974,10.96666666975924],[75.76666666974613,10.950000000290398],[75.78333333002018,10.949999999624406],[75.7999999997616,10.950000000139731],[75.81666667032664,10.950000000031572],[75.83333333033346,10.950000000217134],[75.8500000004249,10.94999999971789],[75.86666667013687,10.950000000351691],[75.88333332991026,10.950000000318449],[75.90000000039271,10.950000000443623],[75.91666667019716,10.949999999835434],[75.93333332977528,10.950000000311478],[75.94999999976612,10.949999999979859],[75.96666666970336,10.9499999997553],[75.98333333003318,10.949999999647135],[75.99999999956964,10.949999999573459],[76.01666666967697,10.950000000443652],[76.03333332987705,10.949999999557697],[76.0499999999111,10.950000000443453],[76.06666667021574,10.950000000396615],[76.08333333032533,10.950000000334908],[76.09999999996822,10.950000000164817],[76.11666666959051,10.949999999895349],[76.13333332964196,10.950000000441369],[76.13333333001458,10.966666670174089],[76.13333332961963,10.983333329668088],[76.13333333036148,10.999999999688432],[76.13333333036678,11.016666670270226],[76.13333332958514,11.033333329633372],[76.13333332992853,11.050000000351307],[76.13333333042806,11.066666669743118],[76.1333333301317,11.08333332964904],[76.13333333002619,11.099999999933232],[76.13333333006456,11.116666669719853],[76.13333333020663,11.133333329941545],[76.1333333296049,11.149999999565061],[76.133333330054,11.166666670420375],[76.13333332966813,11.183333329830216],[76.13333333036134,11.200000000367774],[76.13333333025109,11.216666670260059],[76.13333333021262,11.233333330436317],[76.1333333303147,11.24999999985979],[76.1333333296043,11.266666670370908],[76.13333332986208,11.283333330182863],[76.13333333024822,11.300000000070726],[76.1333333298023,11.316666670066589],[76.13333333031213,11.33333333019205],[76.11666667012662,11.33333333040224],[76.10000000003498,11.333333330129964],[76.08333332959795,11.333333330268239],[76.0666666702021,11.33333332989682],[76.05000000025511,11.333333330023311],[76.03333333022725,11.333333329729482],[76.01666666967927,11.333333329910621],[75.99999999976067,11.333333329751552],[75.983333330032,11.333333330146315],[75.96666667004764,11.333333330182285],[75.95000000004372,11.333333329947134],[75.93333332958062,11.3333333303353],[75.91666667004559,11.333333330428802],[75.89999999984168,11.333333330316577],[75.88333333035908,11.333333329983722],[75.86666667024186,11.333333330329781],[75.84999999971984,11.333333329624839],[75.83333333018865,11.333333329663327],[75.8166666702895,11.333333330440926],[75.8000000002522,11.333333330223224],[75.78333332963696,11.33333332990606],[75.76666666983662,11.333333330382299],[75.76666667032802,11.316666670080163],[75.76666667024466,11.300000000419239],[75.76666666961198,11.283333329563934],[75.76666667029944,11.26666667019546],[75.76666667041839,11.249999999736719],[75.76666667000363,11.233333329969351],[75.76666666999868,11.216666669959778],[75.76666667035455,11.199999999839035],[75.76666667018516,11.183333329582572],[75.43782418682426,11.183143418746354],[75.43853345984755,11.645472040189393],[75.9522575426166,11.644231394735714],[76.46590148354085,11.642074707955395],[76.46331075393833,11.135790023616362],[76.46084232042722,10.629487741813866],[75.94897025800306,10.631452437830713],[75.43701938163595,10.632582638452764],[75.43767480203283,11.083144875270728]]]}},{"type":"Feature","properties":{"grid":"XX56-1","height":164,"airport":"Calicut"},"geometry":{"type":"Polygon","coordinates":[[[75.7666666703061,11.083333330117659],[75.43767480203283,11.083144875270728],[75.4377581199176,11.139035887209024],[75.43782418682426,11.183143418746354],[75.76666667018516,11.183333329582572],[75.76666667043845,11.1666666700655],[75.76666667014516,11.149999999612511],[75.76666667025553,11.133333330003031],[75.76666666988102,11.11666667030828],[75.76666666988646,11.099999999752555],[75.7666666703061,11.083333330117659]]]}}]}