{"type":"FeatureCollection","features":[{"type":"Feature","properties":{"grid":"A1","height":244,"airport":"Kannur"},"geometry":{"type":"Polygon","coordinates":[[[75.36668173967462,12.097971723761235],[75.366681740293,12.089293494240545],[75.3666817399658,12.083335750436927],[75.36000455367538,12.083335750044172],[75.35136652170779,12.083335750391868],[75.35001506988283,12.083335749900852],[75.35001506993714,12.089293493712876],[75.35001507033971,12.097971724167323],[75.35001506972476,12.100002419943982],[75.35136652161297,12.10000242003369],[75.36000455366074,12.10000241982911],[75.3666817399085,12.100002419761429],[75.36668173967462,12.097971723761235]]]}},{"type":"Feature","properties":{"grid":"A2","height":244,"airport":"Kannur"},"geometry":{"type":"Polygon","coordinates":[[[75.3833484099241,12.097971724424612],[75.38334840971805,12.089293493801595],[75.38334841003294,12.083335749563858],[75.3772806160177,12.08333575016087],[75.36864258455954,12.083335749968299],[75.3666817399658,12.083335750436927],[75.366681740293,12.089293494240545],[75.36668173967462,12.097971723761235],[75.3666817399085,12.100002419761429],[75.3686425846282,12.100002420452727],[75.3772806161705,12.100002420092537],[75.38334841008754,12.100002419587371],[75.3833484099241,12.097971724424612]]]}},{"type":"Feature","properties":{"grid":"A3","height":244,"airport":"Kannur"},"geometry":{"type":"Polygon","coordinates":[[[75.40001507979049,12.097971724341402],[75.4000150796761,12.089293494193566],[75.4000150797114,12.083335749986054],[75.39455667809573,12.083335750445388],[75.38591864694939,12.083335749717799],[75.38334841003294,12.083335749563858],[75.38334840971805,12.089293493801595],[75.3833484099241,12.097971724424612],[75.38334841008754,12.100002419587371],[75.38591864718957,12.100002419653041],[75.39455667842539,12.100002420036294],[75.40001507988703,12.100002420317574],[75.40001507979049,12.097971724341402]]]}},{"type":"Feature","properties":{"grid":"A4","height":244,"airport":"Kannur"},"geometry":{"type":"Polygon","coordinates":[[[75.41668174981777,12.097971724405646],[75.41668174978811,12.089293493598797],[75.41668174954091,12.083335749884572],[75.41183274030297,12.083335749982414],[75.40319470927236,12.083335749629654],[75.4000150797114,12.083335749986054],[75.4000150796761,12.089293494193566],[75.40001507979049,12.097971724341402],[75.40001507988703,12.100002420317574],[75.4031947087774,12.10000242033822],[75.41183273990183,12.100002419650782],[75.41668174984704,12.100002420133107],[75.41668174981777,12.097971724405646]]]}},{"type":"Feature","properties":{"grid":"A5","height":244,"airport":"Kannur"},"geometry":{"type":"Polygon","coordinates":[[[75.43334841962825,12.097971723703647],[75.43334841968033,12.089293493816534],[75.43334842006516,12.083335750152976],[75.42910880303567,12.08333574966471],[75.42047077192336,12.083335749692596],[75.41668174954091,12.083335749884572],[75.41668174978811,12.089293493598797],[75.41668174981777,12.097971724405646],[75.41668174984704,12.100002420133107],[75.42047077162107,12.100002419781438],[75.4291088028345,12.100002419826078],[75.43334841959272,12.100002419928918],[75.43334841962825,12.097971723703647]]]}},{"type":"Feature","properties":{"grid":"A6","height":244,"airport":"Kannur"},"geometry":{"type":"Polygon","coordinates":[[[75.45001508976743,12.097971724032858],[75.45001508989382,12.089293493931303],[75.45001508998713,12.083335749878586],[75.44638486485253,12.08333575038744],[75.43774683437847,12.08333574989624],[75.43334842006516,12.083335750152976],[75.43334841968033,12.089293493816534],[75.43334841962825,12.097971723703647],[75.43334841959272,12.100002419928918],[75.43774683428076,12.100002419782177],[75.44638486486059,12.100002419649982],[75.45001508966672,12.100002419693826],[75.45001508976743,12.097971724032858]]]}},{"type":"Feature","properties":{"grid":"A7","height":244,"airport":"Kannur"},"geometry":{"type":"Polygon","coordinates":[[[75.46668175985614,12.097971723574478],[75.46668176005207,12.089293493932912],[75.46668175985063,12.083335749954156],[75.4636609270644,12.08333575032808],[75.45502289611376,12.083335750229862],[75.45001508998713,12.083335749878586],[75.45001508989382,12.089293493931303],[75.45001508976743,12.097971724032858],[75.45001508966672,12.100002419693826],[75.45502289623306,12.100002420329696],[75.4636609272959,12.100002420012915],[75.46668175969442,12.10000242032196],[75.46668175985614,12.097971723574478]]]}},{"type":"Feature","properties":{"grid":"A8","height":244,"airport":"Kannur"},"geometry":{"type":"Polygon","coordinates":[[[75.48334843044007,12.09797172412503],[75.48334842977856,12.089293493810928],[75.48334843019789,12.083335750367624],[75.48093698914872,12.083335750379494],[75.4722989584414,12.083335749774998],[75.46668175985063,12.083335749954156],[75.46668176005207,12.089293493932912],[75.46668175985614,12.097971723574478],[75.46668175969442,12.10000242032196],[75.47229895787028,12.100002419602752],[75.48093698869643,12.100002420000676],[75.48334843021539,12.100002419992606],[75.48334843044007,12.09797172412503]]]}},{"type":"Feature","properties":{"grid":"A9","height":244,"airport":"Kannur"},"geometry":{"type":"Polygon","coordinates":[[[75.50001510022085,12.097971723866603],[75.50001509961567,12.089293493552859],[75.5000150997318,12.083335750205373],[75.49821305241754,12.083335749622245],[75.48957502084052,12.083335750328496],[75.48334843019789,12.083335750367624],[75.48334842977856,12.089293493810928],[75.48334843044007,12.09797172412503],[75.48334843021539,12.100002419992606],[75.48957502143031,12.100002420297823],[75.4982130522142,12.100002419594995],[75.50001509993594,12.100002419600788],[75.50001510022085,12.097971723866603]]]}},{"type":"Feature","properties":{"grid":"A10","height":244,"airport":"Kannur"},"geometry":{"type":"Polygon","coordinates":[[[75.51668176974266,12.097971723690673],[75.51668177010744,12.08929349405004],[75.51668176991502,12.083335750357216],[75.51548911359359,12.083335749857554],[75.50685108278388,12.083335750069676],[75.5000150997318,12.083335750205373],[75.50001509961567,12.089293493552859],[75.50001510022085,12.097971723866603],[75.50001509993594,12.100002419600788],[75.50685108270899,12.100002419696265],[75.51548911365163,12.10000241969431],[75.51668177031938,12.100002420036228],[75.51668176974266,12.097971723690673]]]}},{"type":"Feature","properties":{"grid":"A11","height":244,"airport":"Kannur"},"geometry":{"type":"Polygon","coordinates":[[[75.53334843954806,12.097971723583871],[75.53334843995681,12.08929349438816],[75.5333484403692,12.083335749907075],[75.53276517582663,12.083335750161723],[75.52412714466793,12.083335749888708],[75.51668176991502,12.083335750357216],[75.51668177010744,12.08929349405004],[75.51668176974266,12.097971723690673],[75.51668177031938,12.100002420036228],[75.52412714486174,12.100002419587668],[75.53276517616082,12.100002420279214],[75.53334844006885,12.100002420384659],[75.53334843954806,12.097971723583871]]]}},{"type":"Feature","properties":{"grid":"A12","height":244,"airport":"Kannur"},"geometry":{"type":"Polygon","coordinates":[[[75.55001511018153,12.097971724436587],[75.55001510970423,12.089293493649244],[75.55001510980044,12.083335749749015],[75.54140320688748,12.083335749770868],[75.5333484403692,12.083335749907075],[75.53334843995681,12.08929349438816],[75.53334843954806,12.097971723583871],[75.53334844006885,12.100002420384659],[75.54140320736498,12.100002419958894],[75.55001510972514,12.100002419728023],[75.55001511018153,12.097971724436587]]]}},{"type":"Feature","properties":{"grid":"A13","height":244,"airport":"Kannur"},"geometry":{"type":"Polygon","coordinates":[[[75.56668178034413,12.09797172442954],[75.5666817798956,12.08929349362758],[75.56668177966988,12.083335749867071],[75.55867926983733,12.083335749700874],[75.5500412385908,12.083335749617142],[75.55001510980044,12.083335749749015],[75.55001510970423,12.089293493649244],[75.55001511018153,12.097971724436587],[75.55001510972514,12.100002419728023],[75.55004123921644,12.100002420432045],[75.55867926969333,12.10000241989222],[75.56668177983445,12.100002419860648],[75.56668178034413,12.09797172442954]]]}},{"type":"Feature","properties":{"grid":"A14","height":244,"airport":"Kannur"},"geometry":{"type":"Polygon","coordinates":[[[75.58334844965931,12.097971723550042],[75.5833484501545,12.089293494310313],[75.58334844960079,12.083335750248368],[75.57595533207451,12.083335749666686],[75.56731730136562,12.08333575001869],[75.56668177966988,12.083335749867071],[75.5666817798956,12.08929349362758],[75.56668178034413,12.09797172442954],[75.56668177983445,12.100002419860648],[75.56731730137581,12.100002420140987],[75.57595533224385,12.100002420276223],[75.58334845001863,12.100002419865366],[75.58334844965931,12.097971723550042]]]}},{"type":"Feature","properties":{"grid":"A15","height":244,"airport":"Kannur"},"geometry":{"type":"Polygon","coordinates":[[[75.60001511959238,12.097971723589687],[75.60001512010041,12.089293493875694],[75.60001512013332,12.08333574997348],[75.59323139399383,12.083335749652242],[75.58459336270639,12.083335750450004],[75.58334844960079,12.083335750248368],[75.5833484501545,12.089293494310313],[75.58334844965931,12.097971723550042],[75.58334845001863,12.100002419865366],[75.58459336303606,12.100002420294512],[75.59323139357208,12.100002420194281],[75.60001511990131,12.100002419728963],[75.60001511959238,12.097971723589687]]]}},{"type":"Feature","properties":{"grid":"A16","height":244,"airport":"Kannur"},"geometry":{"type":"Polygon","coordinates":[[[75.61668178976501,12.097971723630483],[75.6166817902795,12.089293494116736],[75.61668178997382,12.083335749935076],[75.61050745690882,12.083335749638902],[75.60186942484353,12.083335749986608],[75.60001512013332,12.08333574997348],[75.60001512010041,12.089293493875694],[75.60001511959238,12.097971723589687],[75.60001511990131,12.100002419728963],[75.60186942459049,12.100002419971961],[75.61050745682986,12.100002419623857],[75.61668179002709,12.10000242034021],[75.61668178976501,12.097971723630483]]]}},{"type":"Feature","properties":{"grid":"A17","height":244,"airport":"Kannur"},"geometry":{"type":"Polygon","coordinates":[[[75.63334845980079,12.097971723658459],[75.63334846031314,12.089293494115218],[75.63334845966442,12.083335750117255],[75.62778351937651,12.08333574961343],[75.61914548817573,12.083335750420014],[75.61668178997382,12.083335749935076],[75.6166817902795,12.089293494116736],[75.61668178976501,12.097971723630483],[75.61668179002709,12.10000242034021],[75.6191454882741,12.100002420056597],[75.62778351874087,12.100002420364264],[75.63334846001544,12.100002419876539],[75.63334845980079,12.097971723658459]]]}},{"type":"Feature","properties":{"grid":"A18","height":244,"airport":"Kannur"},"geometry":{"type":"Polygon","coordinates":[[[75.65001513024214,12.097971723657162],[75.65001512982465,12.089293493856813],[75.65001512974499,12.083335749599293],[75.64505958087271,12.08333574956037],[75.63642155033703,12.083335749930301],[75.63334845966442,12.083335750117255],[75.63334846031314,12.089293494115218],[75.63334845980079,12.097971723658459],[75.63334846001544,12.100002419876539],[75.63642154988548,12.100002419636802],[75.64505958061295,12.100002419683092],[75.65001513041307,12.100002420130036],[75.65001513024214,12.097971723657162]]]}},{"type":"Feature","properties":{"grid":"A19","height":244,"airport":"Kannur"},"geometry":{"type":"Polygon","coordinates":[[[75.66668179979368,12.097971723614],[75.66668180027727,12.089293494226798],[75.66668179984309,12.08333575017499],[75.66233564271316,12.083335750363826],[75.65369761172633,12.083335750308336],[75.65001512974499,12.083335749599293],[75.65001512982465,12.089293493856813],[75.65001513024214,12.097971723657162],[75.65001513041307,12.100002420130036],[75.65369761165971,12.100002419594988],[75.66233564284765,12.10000242027496],[75.66668179992253,12.100002420183863],[75.66668179979368,12.097971723614]]]}},{"type":"Feature","properties":{"grid":"A20","height":244,"airport":"Kannur"},"geometry":{"type":"Polygon","coordinates":[[[75.68334846991904,12.09797172441382],[75.68334847037325,12.089293494307906],[75.68334846957748,12.083335750020721],[75.6796117062069,12.083335750194268],[75.67097367365275,12.08333574972505],[75.66668179984309,12.08333575017499],[75.66668180027727,12.089293494226798],[75.66668179979368,12.097971723614],[75.66668179992253,12.100002420183863],[75.67097367399198,12.100002419912663],[75.67961170583575,12.100002420312572],[75.68334847000513,12.10000242001858],[75.68334846991904,12.09797172441382]]]}},{"type":"Feature","properties":{"grid":"A21","height":244,"airport":"Kannur"},"geometry":{"type":"Polygon","coordinates":[[[75.70001514023713,12.097971724232474],[75.70001513973583,12.089293494084739],[75.7000151404112,12.083335750020739],[75.69688776807537,12.083335749945716],[75.6882497374342,12.083335749967738],[75.68334846957748,12.083335750020721],[75.68334847037325,12.089293494307906],[75.68334846991904,12.09797172441382],[75.68334847000513,12.10000242001858],[75.68824973727516,12.100002419666527],[75.69688776813446,12.100002419781246],[75.7000151402844,12.100002419618574],[75.70001514023713,12.097971724232474]]]}},{"type":"Feature","properties":{"grid":"A22","height":244,"airport":"Kannur"},"geometry":{"type":"Polygon","coordinates":[[[75.71668181037364,12.09797172395837],[75.71668180982834,12.089293494441087],[75.71668181012976,12.083335750163721],[75.71416382963194,12.083335749596475],[75.70552579886886,12.083335750124014],[75.7000151404112,12.083335750020739],[75.70001513973583,12.089293494084739],[75.70001514023713,12.097971724232474],[75.7000151402844,12.100002419618574],[75.7055257991499,12.100002419748265],[75.71416383014113,12.100002419565689],[75.7166818103862,12.100002419872228],[75.71668181037364,12.09797172395837]]]}},{"type":"Feature","properties":{"grid":"A23","height":244,"airport":"Kannur"},"geometry":{"type":"Polygon","coordinates":[[[75.73334847995206,12.09797172357527],[75.73334848026921,12.089293493552086],[75.73334848019392,12.083335750428827],[75.73143989219245,12.083335750028317],[75.72280186110781,12.083335750167283],[75.71668181012976,12.083335750163721],[75.71668180982834,12.089293494441087],[75.71668181037364,12.09797172395837],[75.7166818103862,12.100002419872228],[75.72280186093023,12.10000242013581],[75.73143989225088,12.100002419645786],[75.7333484799317,12.100002419859067],[75.73334847995206,12.09797172357527]]]}},{"type":"Feature","properties":{"grid":"B1","height":244,"airport":"Kannur"},"geometry":{"type":"Polygon","coordinates":[[[75.36668174008565,12.080615262952763],[75.36668173997545,12.0719370326132],[75.3666817396358,12.066669080249131],[75.36000455366089,12.06666908029684],[75.35136652196422,12.066669079879357],[75.35001507008998,12.06666907989094],[75.35001507011614,12.071937032921774],[75.35001507016882,12.080615263296083],[75.35001506988283,12.083335749900852],[75.35136652170779,12.083335750391868],[75.36000455367538,12.083335750044172],[75.3666817399658,12.083335750436927],[75.36668174008565,12.080615262952763]]]}},{"type":"Feature","properties":{"grid":"B2","height":244,"airport":"Kannur"},"geometry":{"type":"Polygon","coordinates":[[[75.3833484099879,12.080615263220409],[75.38334840981503,12.071937032685934],[75.38334841007593,12.066669079588296],[75.37728061637077,12.066669080273819],[75.36864258518987,12.066669080428658],[75.3666817396358,12.066669080249131],[75.36668173997545,12.0719370326132],[75.36668174008565,12.080615262952763],[75.3666817399658,12.083335750436927],[75.36864258455954,12.083335749968299],[75.3772806160177,12.08333575016087],[75.38334841003294,12.083335749563858],[75.3833484099879,12.080615263220409]]]}},{"type":"Feature","properties":{"grid":"B3","height":244,"airport":"Kannur"},"geometry":{"type":"Polygon","coordinates":[[[75.40001508041654,12.080615263184814],[75.40001508017698,12.071937033130052],[75.40001508011706,12.06666907970967],[75.39455667788671,12.066669080003358],[75.38591864702315,12.066669079831385],[75.38334841007593,12.066669079588296],[75.38334840981503,12.071937032685934],[75.3833484099879,12.080615263220409],[75.38334841003294,12.083335749563858],[75.38591864694939,12.083335749717799],[75.39455667809573,12.083335750445388],[75.4000150797114,12.083335749986054],[75.40001508041654,12.080615263184814]]]}},{"type":"Feature","properties":{"grid":"B4","height":244,"airport":"Kannur"},"geometry":{"type":"Polygon","coordinates":[[[75.41668175007601,12.080615262838352],[75.4166817497643,12.071937033033597],[75.41668175029979,12.066669079698691],[75.41183274044215,12.066669080376236],[75.4031947087798,12.066669079884353],[75.40001508011706,12.06666907970967],[75.40001508017698,12.071937033130052],[75.40001508041654,12.080615263184814],[75.4000150797114,12.083335749986054],[75.40319470927236,12.083335749629654],[75.41183274030297,12.083335749982414],[75.41668174954091,12.083335749884572],[75.41668175007601,12.080615262838352]]]}},{"type":"Feature","properties":{"grid":"B5","height":244,"airport":"Kannur"},"geometry":{"type":"Polygon","coordinates":[[[75.43334842042879,12.080615263073227],[75.43334842003905,12.07193703328881],[75.43334842024855,12.066669080450303],[75.4291088025911,12.066669079574943],[75.4204707717718,12.066669079670579],[75.41668175029979,12.066669079698691],[75.4166817497643,12.071937033033597],[75.41668175007601,12.080615262838352],[75.41668174954091,12.083335749884572],[75.42047077192336,12.083335749692596],[75.42910880303567,12.08333574966471],[75.43334842006516,12.083335750152976],[75.43334842042879,12.080615263073227]]]}},{"type":"Feature","properties":{"grid":"B6","height":244,"airport":"Kannur"},"geometry":{"type":"Polygon","coordinates":[[[75.4500150901779,12.080615262976794],[75.4500150897042,12.071937032983048],[75.45001508958346,12.066669080146239],[75.44638486473227,12.066669080300517],[75.43774683363854,12.06666908008676],[75.43334842024855,12.066669080450303],[75.43334842003905,12.07193703328881],[75.43334842042879,12.080615263073227],[75.43334842006516,12.083335750152976],[75.43774683437847,12.08333574989624],[75.44638486485253,12.08333575038744],[75.45001508998713,12.083335749878586],[75.4500150901779,12.080615262976794]]]}},{"type":"Feature","properties":{"grid":"B7","height":244,"airport":"Kannur"},"geometry":{"type":"Polygon","coordinates":[[[75.46668175986704,12.080615263441809],[75.46668176022187,12.071937033007552],[75.46668175976647,12.066669079677746],[75.46366092725565,12.066669079827527],[75.45502289569184,12.066669080215021],[75.45001508958346,12.066669080146239],[75.4500150897042,12.071937032983048],[75.4500150901779,12.080615262976794],[75.45001508998713,12.083335749878586],[75.45502289611376,12.083335750229862],[75.4636609270644,12.08333575032808],[75.46668175985063,12.083335749954156],[75.46668175986704,12.080615263441809]]]}},{"type":"Feature","properties":{"grid":"B8","height":244,"airport":"Kannur"},"geometry":{"type":"Polygon","coordinates":[[[75.48334843003525,12.080615262647632],[75.48334843029642,12.07193703335327],[75.4833484304222,12.066669079938487],[75.480936988721,12.066669079954703],[75.47229895832602,12.066669080042598],[75.46668175976647,12.066669079677746],[75.46668176022187,12.071937033007552],[75.46668175986704,12.080615263441809],[75.46668175985063,12.083335749954156],[75.4722989584414,12.083335749774998],[75.48093698914872,12.083335750379494],[75.48334843019789,12.083335750367624],[75.48334843003525,12.080615262647632]]]}},{"type":"Feature","properties":{"grid":"B9","height":244,"airport":"Kannur"},"geometry":{"type":"Polygon","coordinates":[[[75.50001510031058,12.080615263296176],[75.50001509954933,12.071937033105135],[75.50001510025318,12.066669080014881],[75.49821305227759,12.06666907975953],[75.48957502101659,12.066669079557768],[75.4833484304222,12.066669079938487],[75.48334843029642,12.07193703335327],[75.48334843003525,12.080615262647632],[75.48334843019789,12.083335750367624],[75.48957502084052,12.083335750328496],[75.49821305241754,12.083335749622245],[75.5000150997318,12.083335750205373],[75.50001510031058,12.080615263296176]]]}},{"type":"Feature","properties":{"grid":"B10","height":244,"airport":"Kannur"},"geometry":{"type":"Polygon","coordinates":[[[75.51668177031137,12.080615262663294],[75.51668177036176,12.071937033151242],[75.51668176980117,12.066669079894124],[75.51548911372733,12.06666908014047],[75.50685108324073,12.066669079652769],[75.50001510025318,12.066669080014881],[75.50001509954933,12.071937033105135],[75.50001510031058,12.080615263296176],[75.5000150997318,12.083335750205373],[75.50685108278388,12.083335750069676],[75.51548911359359,12.083335749857554],[75.51668176991502,12.083335750357216],[75.51668177031137,12.080615262663294]]]}},{"type":"Feature","properties":{"grid":"B11","height":244,"airport":"Kannur"},"geometry":{"type":"Polygon","coordinates":[[[75.53334843966601,12.080615263450278],[75.53334843959853,12.071937032580653],[75.53334843960783,12.06666907956292],[75.53276517621933,12.06666908017385],[75.52412714539288,12.066669080313492],[75.51668176980117,12.066669079894124],[75.51668177036176,12.071937033151242],[75.51668177031137,12.080615262663294],[75.51668176991502,12.083335750357216],[75.52412714466793,12.083335749888708],[75.53276517582663,12.083335750161723],[75.5333484403692,12.083335749907075],[75.53334843966601,12.080615263450278]]]}},{"type":"Feature","properties":{"grid":"B12","height":244,"airport":"Kannur"},"geometry":{"type":"Polygon","coordinates":[[[75.55001510983017,12.080615262928733],[75.55001510964273,12.071937033184819],[75.55001511021672,12.066669079911648],[75.54140320694505,12.066669079718405],[75.53334843960783,12.06666907956292],[75.53334843959853,12.071937032580653],[75.53334843966601,12.080615263450278],[75.5333484403692,12.083335749907075],[75.54140320688748,12.083335749770868],[75.55001510980044,12.083335749749015],[75.55001510983017,12.080615262928733]]]}},{"type":"Feature","properties":{"grid":"B13","height":244,"airport":"Kannur"},"geometry":{"type":"Polygon","coordinates":[[[75.56668178043064,12.0806152628947],[75.56668178011378,12.071937033142568],[75.56668178033013,12.066669080025406],[75.55867927013263,12.066669079657359],[75.55004123922902,12.066669079846365],[75.55001511021672,12.066669079911648],[75.55001510964273,12.071937033184819],[75.55001510983017,12.080615262928733],[75.55001510980044,12.083335749749015],[75.5500412385908,12.083335749617142],[75.55867926983733,12.083335749700874],[75.56668177966988,12.083335749867071],[75.56668178043064,12.0806152628947]]]}},{"type":"Feature","properties":{"grid":"B14","height":244,"airport":"Kannur"},"geometry":{"type":"Polygon","coordinates":[[[75.58334845017187,12.080615263337245],[75.58334844971773,12.071937033347323],[75.58334844957089,12.06666907989147],[75.57595533167479,12.066669080121924],[75.56731730131492,12.066669080050522],[75.56668178033013,12.066669080025406],[75.56668178011378,12.071937033142568],[75.56668178043064,12.0806152628947],[75.56668177966988,12.083335749867071],[75.56731730136562,12.08333575001869],[75.57595533207451,12.083335749666686],[75.58334844960079,12.083335750248368],[75.58334845017187,12.080615263337245]]]}},{"type":"Feature","properties":{"grid":"B15","height":244,"airport":"Kannur"},"geometry":{"type":"Polygon","coordinates":[[[75.60001511959396,12.08061526333708],[75.60001511991321,12.071937032877791],[75.60001512032024,12.066669080395247],[75.59323139380152,12.066669080188058],[75.58459336286941,12.066669079866251],[75.58334844957089,12.06666907989147],[75.58334844971773,12.071937033347323],[75.58334845017187,12.080615263337245],[75.58334844960079,12.083335750248368],[75.58459336270639,12.083335750450004],[75.59323139399383,12.083335749652242],[75.60001512013332,12.08333574997348],[75.60001511959396,12.08061526333708]]]}},{"type":"Feature","properties":{"grid":"B16","height":244,"airport":"Kannur"},"geometry":{"type":"Polygon","coordinates":[[[75.61668179015768,12.08061526287666],[75.61668179032513,12.071937032624664],[75.6166817903594,12.066669079718405],[75.61050745690694,12.066669079838967],[75.60186942520751,12.066669080179533],[75.60001512032024,12.066669080395247],[75.60001511991321,12.071937032877791],[75.60001511959396,12.08061526333708],[75.60001512013332,12.08333574997348],[75.60186942484353,12.083335749986608],[75.61050745690882,12.083335749638902],[75.61668178997382,12.083335749935076],[75.61668179015768,12.08061526287666]]]}},{"type":"Feature","properties":{"grid":"B17","height":244,"airport":"Kannur"},"geometry":{"type":"Polygon","coordinates":[[[75.63334845965059,12.080615262850323],[75.63334845965768,12.071937032576042],[75.63334846023402,12.066669079653646],[75.62778351863095,12.0666690799678],[75.61914548780264,12.066669080071037],[75.6166817903594,12.066669079718405],[75.61668179032513,12.071937032624664],[75.61668179015768,12.08061526287666],[75.61668178997382,12.083335749935076],[75.61914548817573,12.083335750420014],[75.62778351937651,12.08333574961343],[75.63334845966442,12.083335750117255],[75.63334845965059,12.080615262850323]]]}},{"type":"Feature","properties":{"grid":"B18","height":244,"airport":"Kannur"},"geometry":{"type":"Polygon","coordinates":[[[75.65001513045239,12.080615263237505],[75.65001513029026,12.071937032711396],[75.65001512956701,12.066669080186692],[75.64505958120321,12.066669079648626],[75.6364215501323,12.06666908042974],[75.63334846023402,12.066669079653646],[75.63334845965768,12.071937032576042],[75.63334845965059,12.080615262850323],[75.63334845966442,12.083335750117255],[75.63642155033703,12.083335749930301],[75.64505958087271,12.08333574956037],[75.65001512974499,12.083335749599293],[75.65001513045239,12.080615263237505]]]}},{"type":"Feature","properties":{"grid":"B19","height":244,"airport":"Kannur"},"geometry":{"type":"Polygon","coordinates":[[[75.66668180034637,12.080615263123391],[75.6666818000082,12.07193703302021],[75.66668179981666,12.066669080394298],[75.66233564318244,12.066669079771783],[75.65369761166973,12.066669080335618],[75.65001512956701,12.066669080186692],[75.65001513029026,12.071937032711396],[75.65001513045239,12.080615263237505],[75.65001512974499,12.083335749599293],[75.65369761172633,12.083335750308336],[75.66233564271316,12.083335750363826],[75.66668179984309,12.08333575017499],[75.66668180034637,12.080615263123391]]]}},{"type":"Feature","properties":{"grid":"B20","height":244,"airport":"Kannur"},"geometry":{"type":"Polygon","coordinates":[[[75.68334846987666,12.080615263395108],[75.68334847026975,12.071937032578791],[75.68334846968685,12.0666690802635],[75.6796117058817,12.066669080316515],[75.67097367372779,12.066669079768237],[75.66668179981666,12.066669080394298],[75.6666818000082,12.07193703302021],[75.66668180034637,12.080615263123391],[75.66668179984309,12.08333575017499],[75.67097367365275,12.08333574972505],[75.6796117062069,12.083335750194268],[75.68334846957748,12.083335750020721],[75.68334846987666,12.080615263395108]]]}},{"type":"Feature","properties":{"grid":"B21","height":244,"airport":"Kannur"},"geometry":{"type":"Polygon","coordinates":[[[75.7000151395829,12.080615263130678],[75.70001513978352,12.071937033182452],[75.70001513971906,12.066669079776602],[75.69688776785526,12.06666908036385],[75.68824973670286,12.066669079612884],[75.68334846968685,12.0666690802635],[75.68334847026975,12.071937032578791],[75.68334846987666,12.080615263395108],[75.68334846957748,12.083335750020721],[75.6882497374342,12.083335749967738],[75.69688776807537,12.083335749945716],[75.7000151404112,12.083335750020739],[75.7000151395829,12.080615263130678]]]}},{"type":"Feature","properties":{"grid":"B22","height":244,"airport":"Kannur"},"geometry":{"type":"Polygon","coordinates":[[[75.71668181000929,12.080615263216133],[75.71668181000535,12.071937033002238],[75.71668181045713,12.066669079819668],[75.71416383041587,12.066669079891987],[75.70552579915152,12.06666907985468],[75.70001513971906,12.066669079776602],[75.70001513978352,12.071937033182452],[75.7000151395829,12.080615263130678],[75.7000151404112,12.083335750020739],[75.70552579886886,12.083335750124014],[75.71416382963194,12.083335749596475],[75.71668181012976,12.083335750163721],[75.71668181000929,12.080615263216133]]]}},{"type":"Feature","properties":{"grid":"B23","height":244,"airport":"Kannur"},"geometry":{"type":"Polygon","coordinates":[[[75.73334847985765,12.080615262733266],[75.73334847964165,12.07193703292848],[75.73334847968634,12.066669080381205],[75.7314398921224,12.066669079789754],[75.72280186054671,12.066669079571941],[75.71668181045713,12.066669079819668],[75.71668181000535,12.071937033002238],[75.71668181000929,12.080615263216133],[75.71668181012976,12.083335750163721],[75.72280186110781,12.083335750167283],[75.73143989219245,12.083335750028317],[75.73334848019392,12.083335750428827],[75.73334847985765,12.080615262733266]]]}},{"type":"Feature","properties":{"grid":"C1","height":244,"airport":"Kannur"},"geometry":{"type":"Polygon","coordinates":[[[75.36668173996262,12.063258803225555],[75.36668174004375,12.054580572080466],[75.3666817398404,12.05000241012691],[75.36000455361788,12.05000240970859],[75.35136652238639,12.050002410330613],[75.35001507034798,12.050002409940012],[75.35001507007753,12.054580572313906],[75.35001506977936,12.063258802593536],[75.35001507008998,12.06666907989094],[75.35136652196422,12.066669079879357],[75.36000455366089,12.06666908029684],[75.3666817396358,12.066669080249131],[75.36668173996262,12.063258803225555]]]}},{"type":"Feature","properties":{"grid":"C2","height":244,"airport":"Kannur"},"geometry":{"type":"Polygon","coordinates":[[[75.38334841011988,12.063258803104876],[75.38334840998003,12.054580571769185],[75.38334841021843,12.050002409686451],[75.37728061631142,12.050002409554079],[75.36864258468093,12.05000241005336],[75.3666817398404,12.05000241012691],[75.36668174004375,12.054580572080466],[75.36668173996262,12.063258803225555],[75.3666817396358,12.066669080249131],[75.36864258518987,12.066669080428658],[75.37728061637077,12.066669080273819],[75.38334841007593,12.066669079588296],[75.38334841011988,12.063258803104876]]]}},{"type":"Feature","properties":{"grid":"C3","height":244,"airport":"Kannur"},"geometry":{"type":"Polygon","coordinates":[[[75.40001507987532,12.063258803127264],[75.40001508042926,12.054580572274475],[75.40001508018851,12.050002410419852],[75.39455667780166,12.050002409640284],[75.38591864741268,12.0500024100196],[75.38334841021843,12.050002409686451],[75.38334840998003,12.054580571769185],[75.38334841011988,12.063258803104876],[75.38334841007593,12.066669079588296],[75.38591864702315,12.066669079831385],[75.39455667788671,12.066669080003358],[75.40001508011706,12.06666907970967],[75.40001507987532,12.063258803127264]]]}},{"type":"Feature","properties":{"grid":"C4","height":244,"airport":"Kannur"},"geometry":{"type":"Polygon","coordinates":[[[75.4166817497707,12.063258803282489],[75.41668175009274,12.054580571780056],[75.41668175028805,12.050002409603959],[75.41183274032012,12.050002409953672],[75.4031947091381,12.050002410221119],[75.40001508018851,12.050002410419852],[75.40001508042926,12.054580572274475],[75.40001507987532,12.063258803127264],[75.40001508011706,12.06666907970967],[75.4031947087798,12.066669079884353],[75.41183274044215,12.066669080376236],[75.41668175029979,12.066669079698691],[75.4166817497707,12.063258803282489]]]}},{"type":"Feature","properties":{"grid":"C5","height":244,"airport":"Kannur"},"geometry":{"type":"Polygon","coordinates":[[[75.43334842034632,12.06325880265546],[75.43334842043345,12.054580572082529],[75.43334842014372,12.050002409942348],[75.42910880334057,12.050002409579685],[75.42047077208736,12.050002409739784],[75.41668175028805,12.050002409603959],[75.41668175009274,12.054580571780056],[75.4166817497707,12.063258803282489],[75.41668175029979,12.066669079698691],[75.4204707717718,12.066669079670579],[75.4291088025911,12.066669079574943],[75.43334842024855,12.066669080450303],[75.43334842034632,12.06325880265546]]]}},{"type":"Feature","properties":{"grid":"C6","height":244,"airport":"Kannur"},"geometry":{"type":"Polygon","coordinates":[[[75.45001509030917,12.063258803046434],[75.45001509015398,12.054580572269249],[75.45001509029409,12.050002409615267],[75.44638486542227,12.050002410317811],[75.43774683390082,12.050002410376594],[75.43334842014372,12.050002409942348],[75.43334842043345,12.054580572082529],[75.43334842034632,12.06325880265546],[75.43334842024855,12.066669080450303],[75.43774683363854,12.06666908008676],[75.44638486473227,12.066669080300517],[75.45001508958346,12.066669080146239],[75.45001509030917,12.063258803046434]]]}},{"type":"Feature","properties":{"grid":"C7","height":244,"airport":"Kannur"},"geometry":{"type":"Polygon","coordinates":[[[75.46668176019799,12.063258802635298],[75.46668175979578,12.054580572328687],[75.46668176036472,12.050002410421211],[75.46366092695625,12.050002410347107],[75.4550228958884,12.050002410309377],[75.45001509029409,12.050002409615267],[75.45001509015398,12.054580572269249],[75.45001509030917,12.063258803046434],[75.45001508958346,12.066669080146239],[75.45502289569184,12.066669080215021],[75.46366092725565,12.066669079827527],[75.46668175976647,12.066669079677746],[75.46668176019799,12.063258802635298]]]}},{"type":"Feature","properties":{"grid":"C8","height":244,"airport":"Kannur"},"geometry":{"type":"Polygon","coordinates":[[[75.48334842963877,12.0632588032202],[75.48334842990025,12.054580572248804],[75.48334842997357,12.050002409636821],[75.48093698925501,12.050002409653136],[75.47229895844539,12.0500024104297],[75.46668176036472,12.050002410421211],[75.46668175979578,12.054580572328687],[75.46668176019799,12.063258802635298],[75.46668175976647,12.066669079677746],[75.47229895832602,12.066669080042598],[75.480936988721,12.066669079954703],[75.4833484304222,12.066669079938487],[75.48334842963877,12.0632588032202]]]}},{"type":"Feature","properties":{"grid":"C9","height":244,"airport":"Kannur"},"geometry":{"type":"Polygon","coordinates":[[[75.50001510008883,12.063258802978448],[75.50001510009007,12.054580572018692],[75.50001509966667,12.050002409962586],[75.4982130517969,12.05000241003254],[75.48957502104535,12.050002409821555],[75.48334842997357,12.050002409636821],[75.48334842990025,12.054580572248804],[75.48334842963877,12.0632588032202],[75.4833484304222,12.066669079938487],[75.48957502101659,12.066669079557768],[75.49821305227759,12.06666907975953],[75.50001510025318,12.066669080014881],[75.50001510008883,12.063258802978448]]]}},{"type":"Feature","properties":{"grid":"C10","height":244,"airport":"Kannur"},"geometry":{"type":"Polygon","coordinates":[[[75.51668177025378,12.063258802804635],[75.51668176998783,12.054580571627099],[75.51668176998206,12.050002409576956],[75.51548911405372,12.050002409664424],[75.50685108316665,12.0500024102815],[75.50001509966667,12.050002409962586],[75.50001510009007,12.054580572018692],[75.50001510008883,12.063258802978448],[75.50001510025318,12.066669080014881],[75.50685108324073,12.066669079652769],[75.51548911372733,12.06666908014047],[75.51668176980117,12.066669079894124],[75.51668177025378,12.063258802804635]]]}},{"type":"Feature","properties":{"grid":"C11","height":244,"airport":"Kannur"},"geometry":{"type":"Polygon","coordinates":[[[75.5333484397565,12.063258802687212],[75.53334844013669,12.054580571964998],[75.53334843962696,12.05000241027859],[75.53276517642274,12.050002410343012],[75.5241271451998,12.050002409986849],[75.51668176998206,12.050002409576956],[75.51668176998783,12.054580571627099],[75.51668177025378,12.063258802804635],[75.51668176980117,12.066669079894124],[75.52412714539288,12.066669080313492],[75.53276517621933,12.06666908017385],[75.53334843960783,12.06666907956292],[75.5333484397565,12.063258802687212]]]}},{"type":"Feature","properties":{"grid":"C12","height":244,"airport":"Kannur"},"geometry":{"type":"Polygon","coordinates":[[[75.5500151100574,12.06325880261067],[75.55001511015762,12.054580572116054],[75.55001511005791,12.050002410243401],[75.54140320662157,12.050002409828979],[75.53334843962696,12.05000241027859],[75.53334844013669,12.054580571964998],[75.5333484397565,12.063258802687212],[75.53334843960783,12.06666907956292],[75.54140320694505,12.066669079718405],[75.55001511021672,12.066669079911648],[75.5500151100574,12.06325880261067]]]}},{"type":"Feature","properties":{"grid":"C13","height":244,"airport":"Kannur"},"geometry":{"type":"Polygon","coordinates":[[[75.56668177986052,12.063258802564354],[75.56668177967312,12.054580572067948],[75.5666817799804,12.050002410365009],[75.55867926966326,12.050002409789156],[75.55004123929436,12.050002410244725],[75.55001511005791,12.050002410243401],[75.55001511015762,12.054580572116054],[75.5500151100574,12.06325880261067],[75.55001511021672,12.066669079911648],[75.55004123922902,12.066669079846365],[75.55867927013263,12.066669079657359],[75.56668178033013,12.066669080025406],[75.56668177986052,12.063258802564354]]]}},{"type":"Feature","properties":{"grid":"C14","height":244,"airport":"Kannur"},"geometry":{"type":"Polygon","coordinates":[[[75.58334844970939,12.063258803437934],[75.5833484501433,12.054580571804127],[75.58334844993375,12.050002409724593],[75.57595533196249,12.050002409857104],[75.56731730122655,12.05000241026209],[75.5666817799804,12.050002410365009],[75.56668177967312,12.054580572067948],[75.56668177986052,12.063258802564354],[75.56668178033013,12.066669080025406],[75.56731730131492,12.066669080050522],[75.57595533167479,12.066669080121924],[75.58334844957089,12.06666907989147],[75.58334844970939,12.063258803437934]]]}},{"type":"Feature","properties":{"grid":"C15","height":244,"airport":"Kannur"},"geometry":{"type":"Polygon","coordinates":[[[75.60001512014173,12.063258803407708],[75.60001512027395,12.054580572217574],[75.60001511954431,12.050002410117557],[75.593231393913,12.0500024100168],[75.58459336261316,12.050002410379372],[75.58334844993375,12.050002409724593],[75.5833484501433,12.054580571804127],[75.58334844970939,12.063258803437934],[75.58334844957089,12.06666907989147],[75.58459336286941,12.066669079866251],[75.59323139380152,12.066669080188058],[75.60001512032024,12.066669080395247],[75.60001512014173,12.063258803407708]]]}},{"type":"Feature","properties":{"grid":"C16","height":244,"airport":"Kannur"},"geometry":{"type":"Polygon","coordinates":[[[75.61668178986345,12.063258803366377],[75.61668178968569,12.054580572390552],[75.61668179026805,12.050002409717811],[75.6105074568273,12.050002410249645],[75.6018694247647,12.050002409673999],[75.60001511954431,12.050002410117557],[75.60001512027395,12.054580572217574],[75.60001512014173,12.063258803407708],[75.60001512032024,12.066669080395247],[75.60186942520751,12.066669080179533],[75.61050745690694,12.066669079838967],[75.6166817903594,12.066669079718405],[75.61668178986345,12.063258803366377]]]}},{"type":"Feature","properties":{"grid":"C17","height":244,"airport":"Kannur"},"geometry":{"type":"Polygon","coordinates":[[[75.63334846033482,12.063258803295986],[75.6333484598385,12.054580572305097],[75.63334845989404,12.050002410324021],[75.62778351925957,12.050002409638173],[75.61914548807884,12.050002409937495],[75.61668179026805,12.050002409717811],[75.61668178968569,12.054580572390552],[75.61668178986345,12.063258803366377],[75.6166817903594,12.066669079718405],[75.61914548780264,12.066669080071037],[75.62778351863095,12.0666690799678],[75.63334846023402,12.066669079653646],[75.63334846033482,12.063258803295986]]]}},{"type":"Feature","properties":{"grid":"C18","height":244,"airport":"Kannur"},"geometry":{"type":"Polygon","coordinates":[[[75.65001513025977,12.063258803184253],[75.65001513035486,12.054580571946813],[75.65001512987799,12.050002410109242],[75.64505958068894,12.050002409975527],[75.63642155019117,12.050002410254267],[75.63334845989404,12.050002410324021],[75.6333484598385,12.054580572305097],[75.63334846033482,12.063258803295986],[75.63334846023402,12.066669079653646],[75.6364215501323,12.06666908042974],[75.64505958120321,12.066669079648626],[75.65001512956701,12.066669080186692],[75.65001513025977,12.063258803184253]]]}},{"type":"Feature","properties":{"grid":"C19","height":244,"airport":"Kannur"},"geometry":{"type":"Polygon","coordinates":[[[75.66668180017984,12.063258803014373],[75.66668179994073,12.054580572207424],[75.66668179984437,12.050002409963046],[75.66233564334448,12.05000241033512],[75.65369761241193,12.050002409700227],[75.65001512987799,12.050002410109242],[75.65001513035486,12.054580571946813],[75.65001513025977,12.063258803184253],[75.65001512956701,12.066669080186692],[75.65369761166973,12.066669080335618],[75.66233564318244,12.066669079771783],[75.66668179981666,12.066669080394298],[75.66668180017984,12.063258803014373]]]}},{"type":"Feature","properties":{"grid":"C20","height":244,"airport":"Kannur"},"geometry":{"type":"Polygon","coordinates":[[[75.68334846971767,12.063258802771339],[75.68334847005389,12.05458057216329],[75.68334847033428,12.05000240986813],[75.67961170578013,12.050002409798303],[75.6709736742204,12.050002410067727],[75.66668179984437,12.050002409963046],[75.66668179994073,12.054580572207424],[75.66668180017984,12.063258803014373],[75.66668179981666,12.066669080394298],[75.67097367372779,12.066669079768237],[75.6796117058817,12.066669080316515],[75.68334846968685,12.0666690802635],[75.68334846971767,12.063258802771339]]]}},{"type":"Feature","properties":{"grid":"C21","height":244,"airport":"Kannur"},"geometry":{"type":"Polygon","coordinates":[[[75.70001514033578,12.063258803339401],[75.70001514031674,12.054580571798878],[75.7000151400514,12.050002409811299],[75.696887768394,12.050002410154582],[75.68824973692678,12.050002410431473],[75.68334847033428,12.05000240986813],[75.68334847005389,12.05458057216329],[75.68334846971767,12.063258802771339],[75.68334846968685,12.0666690802635],[75.68824973670286,12.066669079612884],[75.69688776785526,12.06666908036385],[75.70001513971906,12.066669079776602],[75.70001514033578,12.063258803339401]]]}},{"type":"Feature","properties":{"grid":"C22","height":244,"airport":"Kannur"},"geometry":{"type":"Polygon","coordinates":[[[75.71668180981467,12.063258802898755],[75.71668181035407,12.054580572002632],[75.71668181045551,12.050002409772164],[75.71416382973769,12.050002409580479],[75.7055257990849,12.050002409872313],[75.7000151400514,12.050002409811299],[75.70001514031674,12.054580571798878],[75.70001514033578,12.063258803339401],[75.70001513971906,12.066669079776602],[75.70552579915152,12.06666907985468],[75.71416383041587,12.066669079891987],[75.71668181045713,12.066669079819668],[75.71668180981467,12.063258802898755]]]}},{"type":"Feature","properties":{"grid":"C23","height":244,"airport":"Kannur"},"geometry":{"type":"Polygon","coordinates":[[[75.73334847961922,12.063258803237074],[75.73334847978599,12.054580571854135],[75.7333484802502,12.050002409736816],[75.73143989204685,12.050002409859854],[75.72280186109299,12.050002410179037],[75.71668181045551,12.050002409772164],[75.71668181035407,12.054580572002632],[75.71668180981467,12.063258802898755],[75.71668181045713,12.066669079819668],[75.72280186054671,12.066669079571941],[75.7314398921224,12.066669079789754],[75.73334847968634,12.066669080381205],[75.73334847961922,12.063258803237074]]]}},{"type":"Feature","properties":{"grid":"D1","height":244,"airport":"Kannur"},"geometry":{"type":"Polygon","coordinates":[[[75.36668174022275,12.045902341894573],[75.36668173957993,12.037224111768381],[75.36668173966264,12.033335740097293],[75.36000455355058,12.033335740113843],[75.35136652205495,12.033335739963928],[75.35001506973983,12.033335740075055],[75.35001506982331,12.037224111918414],[75.3500150700921,12.045902342087635],[75.35001507034798,12.050002409940012],[75.35136652238639,12.050002410330613],[75.36000455361788,12.05000240970859],[75.3666817398404,12.05000241012691],[75.36668174022275,12.045902341894573]]]}},{"type":"Feature","properties":{"grid":"D2","height":244,"airport":"Kannur"},"geometry":{"type":"Polygon","coordinates":[[[75.38334841031967,12.045902342298504],[75.38334841021646,12.03722411198478],[75.38334840954366,12.033335739885366],[75.3772806158442,12.033335739836051],[75.36864258487343,12.033335739770108],[75.36668173966264,12.033335740097293],[75.36668173957993,12.037224111768381],[75.36668174022275,12.045902341894573],[75.3666817398404,12.05000241012691],[75.36864258468093,12.05000241005336],[75.37728061631142,12.050002409554079],[75.38334841021843,12.050002409686451],[75.38334841031967,12.045902342298504]]]}},{"type":"Feature","properties":{"grid":"D3","height":244,"airport":"Kannur"},"geometry":{"type":"Polygon","coordinates":[[[75.40001508000417,12.045902342386567],[75.40001508043522,12.037224111655933],[75.40001507992514,12.033335740333726],[75.39455667784385,12.033335740286248],[75.38591864720118,12.033335740309466],[75.38334840954366,12.033335739885366],[75.38334841021646,12.03722411198478],[75.38334841031967,12.045902342298504],[75.38334841021843,12.050002409686451],[75.38591864741268,12.0500024100196],[75.39455667780166,12.050002409640284],[75.40001508018851,12.050002410419852],[75.40001508000417,12.045902342386567]]]}},{"type":"Feature","properties":{"grid":"D4","height":244,"airport":"Kannur"},"geometry":{"type":"Polygon","coordinates":[[[75.41668174981749,12.04590234214855],[75.41668174985983,12.037224111677284],[75.41668175042662,12.03333573962473],[75.41183273994038,12.03333573964483],[75.40319470942912,12.03333573976274],[75.40001507992514,12.033335740333726],[75.40001508043522,12.037224111655933],[75.40001508000417,12.045902342386567],[75.40001508018851,12.050002410419852],[75.4031947091381,12.050002410221119],[75.41183274032012,12.050002409953672],[75.41668175028805,12.050002409603959],[75.41668174981749,12.04590234214855]]]}},{"type":"Feature","properties":{"grid":"D5","height":244,"airport":"Kannur"},"geometry":{"type":"Polygon","coordinates":[[[75.43334842030079,12.045902341573672],[75.43334841995012,12.03722411203683],[75.43334841975432,12.033335739559124],[75.4291088034486,12.03333573970753],[75.42047077195332,12.033335739927333],[75.41668175042662,12.03333573962473],[75.41668174985983,12.037224111677284],[75.41668174981749,12.04590234214855],[75.41668175028805,12.050002409603959],[75.42047077208736,12.050002409739784],[75.42910880334057,12.050002409579685],[75.43334842014372,12.050002409942348],[75.43334842030079,12.045902341573672]]]}},{"type":"Feature","properties":{"grid":"D6","height":244,"airport":"Kannur"},"geometry":{"type":"Polygon","coordinates":[[[75.4500150901593,12.045902341557932],[75.45001509032693,12.037224111820422],[75.45001509028667,12.033335740122967],[75.44638486508578,12.033335739563665],[75.43774683424718,12.033335739888601],[75.43334841975432,12.033335739559124],[75.43334841995012,12.03722411203683],[75.43334842030079,12.045902341573672],[75.43334842014372,12.050002409942348],[75.43774683390082,12.050002410376594],[75.44638486542227,12.050002410317811],[75.45001509029409,12.050002409615267],[75.4500150901593,12.045902341557932]]]}},{"type":"Feature","properties":{"grid":"D7","height":244,"airport":"Kannur"},"geometry":{"type":"Polygon","coordinates":[[[75.46668175993435,12.045902342089803],[75.46668175969528,12.037224111923832],[75.46668175980702,12.03333574040474],[75.46366092708423,12.033335740102405],[75.45502289578539,12.033335739635856],[75.45001509028667,12.033335740122967],[75.45001509032693,12.037224111820422],[75.4500150901593,12.045902341557932],[75.45001509029409,12.050002409615267],[75.4550228958884,12.050002410309377],[75.46366092695625,12.050002410347107],[75.46668176036472,12.050002410421211],[75.46668175993435,12.045902342089803]]]}},{"type":"Feature","properties":{"grid":"D8","height":244,"airport":"Kannur"},"geometry":{"type":"Polygon","coordinates":[[[75.48334843016563,12.045902342252969],[75.48334843043364,12.037224112331966],[75.48334842977488,12.033335740391012],[75.48093698891722,12.03333574040797],[75.4722989578816,12.033335740059275],[75.46668175980702,12.03333574040474],[75.46668175969528,12.037224111923832],[75.46668175993435,12.045902342089803],[75.46668176036472,12.050002410421211],[75.47229895844539,12.0500024104297],[75.48093698925501,12.050002409653136],[75.48334842997357,12.050002409636821],[75.48334843016563,12.045902342252969]]]}},{"type":"Feature","properties":{"grid":"D9","height":244,"airport":"Kannur"},"geometry":{"type":"Polygon","coordinates":[[[75.5000150995568,12.045902342038136],[75.50001510032521,12.037224112132769],[75.50001509981234,12.033335740070862],[75.49821305189506,12.03333573956103],[75.48957502092769,12.033335740241263],[75.48334842977488,12.033335740391012],[75.48334843043364,12.037224112331966],[75.48334843016563,12.045902342252969],[75.48334842997357,12.050002409636821],[75.48957502104535,12.050002409821555],[75.4982130517969,12.05000241003254],[75.50001509966667,12.050002409962586],[75.5000150995568,12.045902342038136]]]}},{"type":"Feature","properties":{"grid":"D10","height":244,"airport":"Kannur"},"geometry":{"type":"Polygon","coordinates":[[[75.51668176956949,12.04590234233513],[75.51668176991261,12.037224112217784],[75.51668176954328,12.033335740337382],[75.51548911366004,12.033335740265427],[75.5068510825609,12.03333574017296],[75.50001509981234,12.033335740070862],[75.50001510032521,12.037224112132769],[75.5000150995568,12.045902342038136],[75.50001509966667,12.050002409962586],[75.50685108316665,12.0500024102815],[75.51548911405372,12.050002409664424],[75.51668176998206,12.050002409576956],[75.51668176956949,12.04590234233513]]]}},{"type":"Feature","properties":{"grid":"D11","height":244,"airport":"Kannur"},"geometry":{"type":"Polygon","coordinates":[[[75.53334843982435,12.045902342227961],[75.53334843973501,12.037224111669376],[75.53334844042551,12.03333574027121],[75.53276517643782,12.03333573979056],[75.52412714501193,12.033335739837005],[75.51668176954328,12.033335740337382],[75.51668176991261,12.037224112217784],[75.51668176956949,12.04590234233513],[75.51668176998206,12.050002409576956],[75.5241271451998,12.050002409986849],[75.53276517642274,12.050002410343012],[75.53334843962696,12.05000241027859],[75.53334843982435,12.045902342227961]]]}},{"type":"Feature","properties":{"grid":"D12","height":244,"airport":"Kannur"},"geometry":{"type":"Polygon","coordinates":[[[75.55001510994379,12.045902341704583],[75.55001511033687,12.037224112282368],[75.55001511024372,12.033335739863789],[75.54140320683851,12.033335740126434],[75.53334844042551,12.03333574027121],[75.53334843973501,12.037224111669376],[75.53334843982435,12.045902342227961],[75.53334843962696,12.05000241027859],[75.54140320662157,12.050002409828979],[75.55001511005791,12.050002410243401],[75.55001510994379,12.045902341704583]]]}},{"type":"Feature","properties":{"grid":"D13","height":244,"airport":"Kannur"},"geometry":{"type":"Polygon","coordinates":[[[75.566681779552,12.045902341656971],[75.56668178041816,12.03722411223748],[75.56668178045922,12.033335740003523],[75.55867927026956,12.033335740118229],[75.5500412387878,12.03333573993354],[75.55001511024372,12.033335739863789],[75.55001511033687,12.037224112282368],[75.55001510994379,12.045902341704583],[75.55001511005791,12.050002410243401],[75.55004123929436,12.050002410244725],[75.55867926966326,12.050002409789156],[75.5666817799804,12.050002410365009],[75.566681779552,12.045902341656971]]]}},{"type":"Feature","properties":{"grid":"D14","height":244,"airport":"Kannur"},"geometry":{"type":"Polygon","coordinates":[[[75.58334845010893,12.045902342068599],[75.58334844960284,12.037224112426397],[75.58334844977355,12.033335739775243],[75.5759553320236,12.033335739804011],[75.5673173011015,12.033335739774731],[75.56668178045922,12.033335740003523],[75.56668178041816,12.03722411223748],[75.566681779552,12.045902341656971],[75.5666817799804,12.050002410365009],[75.56731730122655,12.05000241026209],[75.57595533196249,12.050002409857104],[75.58334844993375,12.050002409724593],[75.58334845010893,12.045902342068599]]]}},{"type":"Feature","properties":{"grid":"D15","height":244,"airport":"Kannur"},"geometry":{"type":"Polygon","coordinates":[[[75.6000151203163,12.04590234202388],[75.60001512026723,12.037224111925932],[75.6000151196481,12.033335740066322],[75.59323139433317,12.033335740068347],[75.58459336285543,12.03333574020449],[75.58334844977355,12.033335739775243],[75.58334844960284,12.037224112426397],[75.58334845010893,12.045902342068599],[75.58334844993375,12.050002409724593],[75.58459336261316,12.050002410379372],[75.593231393913,12.0500024100168],[75.60001511954431,12.050002410117557],[75.6000151203163,12.04590234202388]]]}},{"type":"Feature","properties":{"grid":"D16","height":244,"airport":"Kannur"},"geometry":{"type":"Polygon","coordinates":[[[75.61668178979845,12.04590234241363],[75.61668179019802,12.037224111630678],[75.616681789703,12.03333573995889],[75.61050745667094,12.03333573999223],[75.60186942535964,12.033335740300231],[75.6000151196481,12.033335740066322],[75.60001512026723,12.037224111925932],[75.6000151203163,12.04590234202388],[75.60001511954431,12.050002410117557],[75.6018694247647,12.050002409673999],[75.6105074568273,12.050002410249645],[75.61668179026805,12.050002409717811],[75.61668178979845,12.04590234241363]]]}},{"type":"Feature","properties":{"grid":"D17","height":244,"airport":"Kannur"},"geometry":{"type":"Polygon","coordinates":[[[75.6333484600131,12.045902342315655],[75.63334845993819,12.037224112429065],[75.63334845956226,12.033335740343304],[75.62778351943008,12.033335739558533],[75.61914548808862,12.033335740046995],[75.616681789703,12.03333573995889],[75.61668179019802,12.037224111630678],[75.61668178979845,12.04590234241363],[75.61668179026805,12.050002409717811],[75.61914548807884,12.050002409937495],[75.62778351925957,12.050002409638173],[75.63334845989404,12.050002410324021],[75.6333484600131,12.045902342315655]]]}},{"type":"Feature","properties":{"grid":"D18","height":244,"airport":"Kannur"},"geometry":{"type":"Polygon","coordinates":[[[75.65001512966376,12.045902341717678],[75.6500151300222,12.0372241115919],[75.65001512976454,12.033335740298917],[75.6450595811685,12.03333573965809],[75.6364215496003,12.033335740335845],[75.63334845956226,12.033335740343304],[75.63334845993819,12.037224112429065],[75.6333484600131,12.045902342315655],[75.63334845989404,12.050002410324021],[75.63642155019117,12.050002410254267],[75.64505958068894,12.050002409975527],[75.65001512987799,12.050002410109242],[75.65001512966376,12.045902341717678]]]}},{"type":"Feature","properties":{"grid":"D19","height":244,"airport":"Kannur"},"geometry":{"type":"Polygon","coordinates":[[[75.66668180021453,12.045902342409319],[75.66668180007858,12.037224111817295],[75.66668179993177,12.033335739811047],[75.66233564319819,12.033335740270802],[75.65369761212318,12.033335740240545],[75.65001512976454,12.033335740298917],[75.6500151300222,12.0372241115919],[75.65001512966376,12.045902341717678],[75.65001512987799,12.050002410109242],[75.65369761241193,12.050002409700227],[75.66233564334448,12.05000241033512],[75.66668179984437,12.050002409963046],[75.66668180021453,12.045902342409319]]]}},{"type":"Feature","properties":{"grid":"D20","height":244,"airport":"Kannur"},"geometry":{"type":"Polygon","coordinates":[[[75.68334847036238,12.04590234166479],[75.68334846972726,12.037224112185944],[75.6833484696881,12.033335739768939],[75.67961170590786,12.033335739569461],[75.67097367421296,12.033335739747022],[75.66668179993177,12.033335739811047],[75.66668180007858,12.037224111817295],[75.66668180021453,12.045902342409319],[75.66668179984437,12.050002409963046],[75.6709736742204,12.050002410067727],[75.67961170578013,12.050002409798303],[75.68334847033428,12.05000240986813],[75.68334847036238,12.04590234166479]]]}},{"type":"Feature","properties":{"grid":"D21","height":244,"airport":"Kannur"},"geometry":{"type":"Polygon","coordinates":[[[75.70001513973631,12.045902342181568],[75.70001514042539,12.037224111773655],[75.70001513957428,12.03333574015495],[75.69688776786005,12.033335740252275],[75.68824973718372,12.033335739738485],[75.6833484696881,12.033335739768939],[75.68334846972726,12.037224112185944],[75.68334847036238,12.04590234166479],[75.68334847033428,12.05000240986813],[75.68824973692678,12.050002410431473],[75.696887768394,12.050002410154582],[75.7000151400514,12.050002409811299],[75.70001513973631,12.045902342181568]]]}},{"type":"Feature","properties":{"grid":"D22","height":244,"airport":"Kannur"},"geometry":{"type":"Polygon","coordinates":[[[75.71668180979142,12.04590234213074],[75.71668180996227,12.03722411237769],[75.71668181012856,12.033335740046667],[75.71416383035964,12.033335739584654],[75.70552579867265,12.03333574020242],[75.70001513957428,12.03333574015495],[75.70001514042539,12.037224111773655],[75.70001513973631,12.045902342181568],[75.7000151400514,12.050002409811299],[75.7055257990849,12.050002409872313],[75.71416382973769,12.050002409580479],[75.71668181045551,12.050002409772164],[75.71668180979142,12.04590234213074]]]}},{"type":"Feature","properties":{"grid":"D23","height":244,"airport":"Kannur"},"geometry":{"type":"Polygon","coordinates":[[[75.73334848015229,12.045902342400273],[75.73334847979254,12.03722411216872],[75.7333484800566,12.033335740334461],[75.73143989196947,12.03333574026404],[75.72280186090791,12.033335740210275],[75.71668181012856,12.033335740046667],[75.71668180996227,12.03722411237769],[75.71668180979142,12.04590234213074],[75.71668181045551,12.050002409772164],[75.72280186109299,12.050002410179037],[75.73143989204685,12.050002409859854],[75.7333484802502,12.050002409736816],[75.73334848015229,12.045902342400273]]]}},{"type":"Feature","properties":{"grid":"E1","height":244,"airport":"Kannur"},"geometry":{"type":"Polygon","coordinates":[[[75.36668173995304,12.028545881703106],[75.36668174042234,12.019867650799307],[75.36668174002308,12.016669070184852],[75.36000455437706,12.01666906972858],[75.35136652189162,12.016669069708275],[75.35001507010477,12.016669070319539],[75.35001507027303,12.019867650858963],[75.35001507019018,12.028545881808697],[75.35001506973983,12.033335740075055],[75.35136652205495,12.033335739963928],[75.36000455355058,12.033335740113843],[75.36668173966264,12.033335740097293],[75.36668173995304,12.028545881703106]]]}},{"type":"Feature","properties":{"grid":"E2","height":244,"airport":"Kannur"},"geometry":{"type":"Polygon","coordinates":[[[75.383348409672,12.02854588173598],[75.38334840960398,12.019867650650173],[75.38334840989097,12.016669070208307],[75.37728061588845,12.016669070239974],[75.36864258485042,12.016669069605873],[75.36668174002308,12.016669070184852],[75.36668174042234,12.019867650799307],[75.36668173995304,12.028545881703106],[75.36668173966264,12.033335740097293],[75.36864258487343,12.033335739770108],[75.3772806158442,12.033335739836051],[75.38334840954366,12.033335739885366],[75.383348409672,12.02854588173598]]]}},{"type":"Feature","properties":{"grid":"E3","height":244,"airport":"Kannur"},"geometry":{"type":"Polygon","coordinates":[[[75.4000150798879,12.028545881897456],[75.4000150801972,12.019867651303533],[75.40001508024898,12.016669070380063],[75.39455667801259,12.01666907015839],[75.38591864730805,12.016669069821194],[75.38334840989097,12.016669070208307],[75.38334840960398,12.019867650650173],[75.383348409672,12.02854588173598],[75.38334840954366,12.033335739885366],[75.38591864720118,12.033335740309466],[75.39455667784385,12.033335740286248],[75.40001507992514,12.033335740333726],[75.4000150798879,12.028545881897456]]]}},{"type":"Feature","properties":{"grid":"E4","height":244,"airport":"Kannur"},"geometry":{"type":"Polygon","coordinates":[[[75.41668175022285,12.02854588217854],[75.41668174998394,12.01986765094437],[75.41668174979894,12.016669069788183],[75.41183274022508,12.016669070378397],[75.40319470873891,12.016669070344934],[75.40001508024898,12.016669070380063],[75.4000150801972,12.019867651303533],[75.4000150798879,12.028545881897456],[75.40001507992514,12.033335740333726],[75.40319470942912,12.03333573976274],[75.41183273994038,12.03333573964483],[75.41668175042662,12.03333573962473],[75.41668175022285,12.02854588217854]]]}},{"type":"Feature","properties":{"grid":"E5","height":244,"airport":"Kannur"},"geometry":{"type":"Polygon","coordinates":[[[75.43334842029755,12.028545881665579],[75.43334842042611,12.019867651369289],[75.4333484200027,12.01666907022929],[75.42910880291748,12.016669069984204],[75.42047077229054,12.016669070257606],[75.41668174979894,12.016669069788183],[75.41668174998394,12.01986765094437],[75.41668175022285,12.02854588217854],[75.41668175042662,12.03333573962473],[75.42047077195332,12.033335739927333],[75.4291088034486,12.03333573970753],[75.43334841975432,12.033335739559124],[75.43334842029755,12.028545881665579]]]}},{"type":"Feature","properties":{"grid":"E6","height":244,"airport":"Kannur"},"geometry":{"type":"Polygon","coordinates":[[[75.45001508973697,12.02854588215756],[75.45001509022411,12.019867650761359],[75.45001508956062,12.016669069886467],[75.44638486464682,12.016669069870991],[75.43774683376259,12.016669069554283],[75.4333484200027,12.01666907022929],[75.43334842042611,12.019867651369289],[75.43334842029755,12.028545881665579],[75.43334841975432,12.033335739559124],[75.43774683424718,12.033335739888601],[75.44638486508578,12.033335739563665],[75.45001509028667,12.033335740122967],[75.45001508973697,12.02854588215756]]]}},{"type":"Feature","properties":{"grid":"E7","height":244,"airport":"Kannur"},"geometry":{"type":"Polygon","coordinates":[[[75.4666817599976,12.02854588183285],[75.46668175992139,12.019867650917735],[75.46668175993322,12.016669069651],[75.46366092672476,12.016669070024982],[75.45502289630682,12.016669070027294],[75.45001508956062,12.016669069886467],[75.45001509022411,12.019867650761359],[75.45001508973697,12.02854588215756],[75.45001509028667,12.033335740122967],[75.45502289578539,12.033335739635856],[75.46366092708423,12.033335740102405],[75.46668175980702,12.03333574040474],[75.4666817599976,12.02854588183285]]]}},{"type":"Feature","properties":{"grid":"E8","height":244,"airport":"Kannur"},"geometry":{"type":"Polygon","coordinates":[[[75.4833484297843,12.028545881586766],[75.48334843005698,12.01986765092207],[75.48334842982524,12.016669070418207],[75.48093698862557,12.016669070434741],[75.47229895755731,12.016669069859793],[75.46668175993322,12.016669069651],[75.46668175992139,12.019867650917735],[75.4666817599976,12.02854588183285],[75.46668175980702,12.03333574040474],[75.4722989578816,12.033335740059275],[75.48093698891722,12.03333574040797],[75.48334842977488,12.033335740391012],[75.4833484297843,12.028545881586766]]]}},{"type":"Feature","properties":{"grid":"E9","height":244,"airport":"Kannur"},"geometry":{"type":"Polygon","coordinates":[[[75.50001509963948,12.028545882311212],[75.5000151002527,12.019867650763501],[75.50001509977398,12.016669070367097],[75.4982130516592,12.016669070180946],[75.4895750206644,12.016669069938297],[75.48334842982524,12.016669070418207],[75.48334843005698,12.01986765092207],[75.4833484297843,12.028545881586766],[75.48334842977488,12.033335740391012],[75.48957502092769,12.033335740241263],[75.49821305189506,12.03333573956103],[75.50001509981234,12.033335740070862],[75.50001509963948,12.028545882311212]]]}},{"type":"Feature","properties":{"grid":"E10","height":244,"airport":"Kannur"},"geometry":{"type":"Polygon","coordinates":[[[75.51668177010059,12.028545882184662],[75.51668177013207,12.019867651335117],[75.51668177032137,12.016669070389074],[75.51548911438286,12.016669070157162],[75.50685108326509,12.016669070253807],[75.50001509977398,12.016669070367097],[75.5000151002527,12.019867650763501],[75.50001509963948,12.028545882311212],[75.50001509981234,12.033335740070862],[75.5068510825609,12.03333574017296],[75.51548911366004,12.033335740265427],[75.51668176954328,12.033335740337382],[75.51668177010059,12.028545882184662]]]}},{"type":"Feature","properties":{"grid":"E11","height":244,"airport":"Kannur"},"geometry":{"type":"Polygon","coordinates":[[[75.53334843987261,12.028545882101499],[75.53334844023215,12.01986765081501],[75.53334844016878,12.016669069569927],[75.53276517627079,12.016669070350792],[75.52412714483194,12.016669069889675],[75.51668177032137,12.016669070389074],[75.51668177013207,12.019867651335117],[75.51668177010059,12.028545882184662],[75.51668176954328,12.033335740337382],[75.52412714501193,12.033335739837005],[75.53276517643782,12.03333573979056],[75.53334844042551,12.03333574027121],[75.53334843987261,12.028545882101499]]]}},{"type":"Feature","properties":{"grid":"E12","height":244,"airport":"Kannur"},"geometry":{"type":"Polygon","coordinates":[[[75.55001511041489,12.028545882046236],[75.55001511017821,12.01986765099981],[75.55001510986007,12.016669069704589],[75.54140320667807,12.01666906973396],[75.53334844016878,12.016669069569927],[75.53334844023215,12.01986765081501],[75.53334843987261,12.028545882101499],[75.53334844042551,12.03333574027121],[75.54140320683851,12.033335740126434],[75.55001511024372,12.033335739863789],[75.55001511041489,12.028545882046236]]]}},{"type":"Feature","properties":{"grid":"E13","height":244,"airport":"Kannur"},"geometry":{"type":"Polygon","coordinates":[[[75.56668178043074,12.028545882008254],[75.56668177959027,12.019867650972891],[75.5666817799339,12.016669069874593],[75.55867927011502,12.016669069769618],[75.5500412386327,12.016669069840974],[75.55001510986007,12.016669069704589],[75.55001511017821,12.01986765099981],[75.55001511041489,12.028545882046236],[75.55001511024372,12.033335739863789],[75.5500412387878,12.03333573993354],[75.55867927026956,12.033335740118229],[75.56668178045922,12.033335740003523],[75.56668178043074,12.028545882008254]]]}},{"type":"Feature","properties":{"grid":"E14","height":244,"airport":"Kannur"},"geometry":{"type":"Polygon","coordinates":[[[75.58334844954219,12.028545881974916],[75.58334844992734,12.019867650717787],[75.58334845001194,12.016669070067165],[75.57595533186108,12.016669069988291],[75.56731730094639,12.016669070422699],[75.5666817799339,12.016669069874593],[75.56668177959027,12.019867650972891],[75.56668178043074,12.028545882008254],[75.56668178045922,12.033335740003523],[75.5673173011015,12.033335739774731],[75.5759553320236,12.033335739804011],[75.58334844977355,12.033335739775243],[75.58334844954219,12.028545881974916]]]}},{"type":"Feature","properties":{"grid":"E15","height":244,"airport":"Kannur"},"geometry":{"type":"Polygon","coordinates":[[[75.60001512012714,12.028545881927366],[75.60001511989451,12.01986765112751],[75.60001511971588,12.01666907026917],[75.59323139414637,12.016669070370309],[75.58459336268237,12.016669070273442],[75.58334845001194,12.016669070067165],[75.58334844992734,12.019867650717787],[75.58334844954219,12.028545881974916],[75.58334844977355,12.033335739775243],[75.58459336285543,12.03333574020449],[75.59323139433317,12.033335740068347],[75.6000151196481,12.033335740066322],[75.60001512012714,12.028545881927366]]]}},{"type":"Feature","properties":{"grid":"E16","height":244,"airport":"Kannur"},"geometry":{"type":"Polygon","coordinates":[[[75.61668178997026,12.028545881855903],[75.61668179003021,12.019867651282294],[75.61668178958395,12.01666906956092],[75.6105074573616,12.016669069994633],[75.6018694251539,12.016669070279237],[75.60001511971588,12.01666907026917],[75.60001511989451,12.01986765112751],[75.60001512012714,12.028545881927366],[75.6000151196481,12.033335740066322],[75.60186942535964,12.033335740300231],[75.61050745667094,12.03333573999223],[75.616681789703,12.03333573995889],[75.61668178997026,12.028545881855903]]]}},{"type":"Feature","properties":{"grid":"E17","height":244,"airport":"Kannur"},"geometry":{"type":"Polygon","coordinates":[[[75.63334845961212,12.028545881744677],[75.63334845995612,12.019867651168274],[75.63334846016049,12.016669069734988],[75.62778351914564,12.016669069754494],[75.61914548783514,12.01666907042514],[75.61668178958395,12.01666906956092],[75.61668179003021,12.019867651282294],[75.61668178997026,12.028545881855903],[75.616681789703,12.03333573995889],[75.61914548808862,12.033335740046995],[75.62778351943008,12.033335739558533],[75.63334845956226,12.033335740343304],[75.63334845961212,12.028545881744677]]]}},{"type":"Feature","properties":{"grid":"E18","height":244,"airport":"Kannur"},"geometry":{"type":"Polygon","coordinates":[[[75.65001512959326,12.028545881577354],[75.65001513021251,12.019867650769115],[75.6500151301465,12.016669069874862],[75.64505958080986,12.016669069630435],[75.63642155019811,12.01666906979158],[75.63334846016049,12.016669069734988],[75.63334845995612,12.019867651168274],[75.63334845961212,12.028545881744677],[75.63334845956226,12.033335740343304],[75.6364215496003,12.033335740335845],[75.6450595811685,12.03333573965809],[75.65001512976454,12.033335740298917],[75.65001512959326,12.028545881577354]]]}},{"type":"Feature","properties":{"grid":"E19","height":244,"airport":"Kannur"},"geometry":{"type":"Polygon","coordinates":[[[75.66668180045643,12.02854588224131],[75.66668180042326,12.019867650974367],[75.6666818000822,12.016669069963845],[75.66233564274695,12.016669069604385],[75.65369761172111,12.01666907017147],[75.6500151301465,12.016669069874862],[75.65001513021251,12.019867650769115],[75.65001512959326,12.028545881577354],[75.65001512976454,12.033335740298917],[75.65369761212318,12.033335740240545],[75.66233564319819,12.033335740270802],[75.66668179993177,12.033335739811047],[75.66668180045643,12.02854588224131]]]}},{"type":"Feature","properties":{"grid":"E20","height":244,"airport":"Kannur"},"geometry":{"type":"Polygon","coordinates":[[[75.68334846998184,12.028545881917333],[75.68334847020785,12.01986765086479],[75.68334846958916,12.01666906998693],[75.67961170626823,12.016669069655507],[75.67097367371117,12.016669069735899],[75.6666818000822,12.016669069963845],[75.66668180042326,12.019867650974367],[75.66668180045643,12.02854588224131],[75.66668179993177,12.033335739811047],[75.67097367421296,12.033335739747022],[75.67961170590786,12.033335739569461],[75.6833484696881,12.033335739768939],[75.68334846998184,12.028545881917333]]]}},{"type":"Feature","properties":{"grid":"E21","height":244,"airport":"Kannur"},"geometry":{"type":"Polygon","coordinates":[[[75.70001513963307,12.028545882394178],[75.7000151401088,12.019867651327024],[75.70001514012617,12.016669069924205],[75.69688776809193,12.016669069773602],[75.6882497365654,12.016669070274512],[75.68334846958916,12.01666906998693],[75.68334847020785,12.01986765086479],[75.68334846998184,12.028545881917333],[75.6833484696881,12.033335739768939],[75.68824973718372,12.033335739738485],[75.69688776786005,12.033335740252275],[75.70001513957428,12.03333574015495],[75.70001513963307,12.028545882394178]]]}},{"type":"Feature","properties":{"grid":"E22","height":244,"airport":"Kannur"},"geometry":{"type":"Polygon","coordinates":[[[75.71668180994598,12.028545881845158],[75.71668180974552,12.01986765144101],[75.71668181039615,12.016669069762075],[75.71416383044787,12.016669069934728],[75.70552579883466,12.016669069963934],[75.70001514012617,12.016669069924205],[75.7000151401088,12.019867651327024],[75.70001513963307,12.028545882394178],[75.70001513957428,12.03333574015495],[75.70552579867265,12.03333574020242],[75.71416383035964,12.033335739584654],[75.71668181012856,12.033335740046667],[75.71668180994598,12.028545881845158]]]}},{"type":"Feature","properties":{"grid":"E23","height":244,"airport":"Kannur"},"geometry":{"type":"Polygon","coordinates":[[[75.73334847962848,12.028545882064936],[75.73334847965812,12.01986765118825],[75.73334848002305,12.01666907038871],[75.73143989189148,12.016669070123566],[75.7228018609138,12.016669069688733],[75.71668181039615,12.016669069762075],[75.71668180974552,12.01986765144101],[75.71668180994598,12.028545881845158],[75.71668181012856,12.033335740046667],[75.72280186090791,12.033335740210275],[75.73143989196947,12.03333574026404],[75.7333484800566,12.033335740334461],[75.73334847962848,12.028545882064936]]]}},{"type":"Feature","properties":{"grid":"F1","height":244,"airport":"Kannur"},"geometry":{"type":"Polygon","coordinates":[[[75.36668174007188,12.011189420870462],[75.36668173981938,12.002511191014674],[75.36668174000486,12.000002400416598],[75.36000455426412,12.000002400389613],[75.35136652189816,12.000002399589487],[75.350015069606,12.00000239979729],[75.35001506959362,12.002511190975664],[75.35001507007448,12.011189420881513],[75.35001507010477,12.016669070319539],[75.35136652189162,12.016669069708275],[75.36000455437706,12.01666906972858],[75.36668174002308,12.016669070184852],[75.36668174007188,12.011189420870462]]]}},{"type":"Feature","properties":{"grid":"F2","height":244,"airport":"Kannur"},"geometry":{"type":"Polygon","coordinates":[[[75.38334841001647,12.011189421443923],[75.38334840998726,12.002511191409194],[75.38334841034224,12.000002399778007],[75.3772806164447,12.000002399887334],[75.36864258461381,12.00000239958648],[75.36668174000486,12.000002400416598],[75.36668173981938,12.002511191014674],[75.36668174007188,12.011189420870462],[75.36668174002308,12.016669070184852],[75.36864258485042,12.016669069605873],[75.37728061588845,12.016669070239974],[75.38334840989097,12.016669070208307],[75.38334841001647,12.011189421443923]]]}},{"type":"Feature","properties":{"grid":"F3","height":244,"airport":"Kannur"},"geometry":{"type":"Polygon","coordinates":[[[75.40001508044607,12.011189420783433],[75.40001507971749,12.002511191246406],[75.40001508024203,12.000002399681632],[75.39455667831115,12.000002400186842],[75.38591864681916,12.000002400390489],[75.38334841034224,12.000002399778007],[75.38334840998726,12.002511191409194],[75.38334841001647,12.011189421443923],[75.38334840989097,12.016669070208307],[75.38591864730805,12.016669069821194],[75.39455667801259,12.01666907015839],[75.40001508024898,12.016669070380063],[75.40001508044607,12.011189420783433]]]}},{"type":"Feature","properties":{"grid":"F4","height":244,"airport":"Kannur"},"geometry":{"type":"Polygon","coordinates":[[[75.41668175006626,12.011189420689997],[75.4166817495515,12.002511191420407],[75.4166817502444,12.000002400117307],[75.41183274025478,12.000002400372914],[75.40319470890415,12.00000240018221],[75.40001508024203,12.000002399681632],[75.40001507971749,12.002511191246406],[75.40001508044607,12.011189420783433],[75.40001508024898,12.016669070380063],[75.40319470873891,12.016669070344934],[75.41183274022508,12.016669070378397],[75.41668174979894,12.016669069788183],[75.41668175006626,12.011189420689997]]]}},{"type":"Feature","properties":{"grid":"F5","height":244,"airport":"Kannur"},"geometry":{"type":"Polygon","coordinates":[[[75.43334842033615,12.011189421151615],[75.43334842002795,12.002511191016188],[75.4333484199694,12.000002400171404],[75.42910880266804,12.000002400434065],[75.42047077218108,12.000002399853438],[75.4166817502444,12.000002400117307],[75.4166817495515,12.002511191420407],[75.41668175006626,12.011189420689997],[75.41668174979894,12.016669069788183],[75.42047077229054,12.016669070257606],[75.42910880291748,12.016669069984204],[75.4333484200027,12.01666907022929],[75.43334842033615,12.011189421151615]]]}},{"type":"Feature","properties":{"grid":"F6","height":244,"airport":"Kannur"},"geometry":{"type":"Polygon","coordinates":[[[75.45001508995735,12.01118942125567],[75.45001508985116,12.00251119092973],[75.450015089957,12.000002399832853],[75.44638486502475,12.000002400359735],[75.43774683428806,12.000002400300847],[75.4333484199694,12.000002400171404],[75.43334842002795,12.002511191016188],[75.43334842033615,12.011189421151615],[75.4333484200027,12.01666907022929],[75.43774683376259,12.016669069554283],[75.44638486464682,12.016669069870991],[75.45001508956062,12.016669069886467],[75.45001508995735,12.01118942125567]]]}},{"type":"Feature","properties":{"grid":"F7","height":244,"airport":"Kannur"},"geometry":{"type":"Polygon","coordinates":[[[75.46668176038875,12.011189420989183],[75.46668175956123,12.002511191149605],[75.46668175983008,12.000002399995841],[75.46366092679878,12.000002400139056],[75.45502289561466,12.000002399703845],[75.450015089957,12.000002399832853],[75.45001508985116,12.00251119092973],[75.45001508995735,12.01118942125567],[75.45001508956062,12.016669069886467],[75.45502289630682,12.016669070027294],[75.46366092672476,12.016669070024982],[75.46668175993322,12.016669069651],[75.46668176038875,12.011189420989183]]]}},{"type":"Feature","properties":{"grid":"F8","height":244,"airport":"Kannur"},"geometry":{"type":"Polygon","coordinates":[[[75.4833484303349,12.011189421247453],[75.48334842969662,12.002511190759495],[75.48334843012708,12.000002399744089],[75.48093698930109,12.000002399757587],[75.47229895839347,12.000002399855438],[75.46668175983008,12.000002399995841],[75.46668175956123,12.002511191149605],[75.46668176038875,12.011189420989183],[75.46668175993322,12.016669069651],[75.47229895755731,12.016669069859793],[75.48093698862557,12.016669070434741],[75.48334842982524,12.016669070418207],[75.4833484303349,12.011189421247453]]]}},{"type":"Feature","properties":{"grid":"F9","height":244,"airport":"Kannur"},"geometry":{"type":"Polygon","coordinates":[[[75.50001510033452,12.01118942111381],[75.50001509988036,12.00251119065283],[75.5000150995524,12.000002399972663],[75.49821305200712,12.000002400107759],[75.48957502117821,12.000002399841073],[75.48334843012708,12.000002399744089],[75.48334842969662,12.002511190759495],[75.4833484303349,12.011189421247453],[75.48334842982524,12.016669070418207],[75.4895750206644,12.016669069938297],[75.4982130516592,12.016669070180946],[75.50001509977398,12.016669070367097],[75.50001510033452,12.01118942111381]]]}},{"type":"Feature","properties":{"grid":"F10","height":244,"airport":"Kannur"},"geometry":{"type":"Polygon","coordinates":[[[75.51668177000916,12.011189420577052],[75.51668176973392,12.00251119081841],[75.51668176956294,12.000002399762856],[75.5154891143891,12.000002400273015],[75.5068510834427,12.000002399648778],[75.5000150995524,12.000002399972663],[75.50001509988036,12.00251119065283],[75.50001510033452,12.01118942111381],[75.50001509977398,12.016669070367097],[75.50685108326509,12.016669070253807],[75.51548911438286,12.016669070157162],[75.51668177032137,12.016669070389074],[75.51668177000916,12.011189420577052]]]}},{"type":"Feature","properties":{"grid":"F11","height":244,"airport":"Kannur"},"geometry":{"type":"Polygon","coordinates":[[[75.53334843990251,12.01118942143251],[75.53334843979736,12.00251119124298],[75.53334843978175,12.000002400007288],[75.53276517592082,12.00000240024078],[75.52412714466239,12.000002400170526],[75.51668176956294,12.000002399762856],[75.51668176973392,12.00251119081841],[75.51668177000916,12.011189420577052],[75.51668177032137,12.016669070389074],[75.52412714483194,12.016669069889675],[75.53276517627079,12.016669070350792],[75.53334844016878,12.016669069569927],[75.53334843990251,12.01118942143251]]]}},{"type":"Feature","properties":{"grid":"F12","height":244,"airport":"Kannur"},"geometry":{"type":"Polygon","coordinates":[[[75.55001510963095,12.011189420955317],[75.55001510969028,12.002511191010258],[75.55001510982841,12.00000239978966],[75.54140320706341,12.00000239957971],[75.53334843978175,12.000002400007288],[75.53334843979736,12.00251119124298],[75.53334843990251,12.01118942143251],[75.53334844016878,12.016669069569927],[75.54140320667807,12.01666906973396],[75.55001510986007,12.016669069704589],[75.55001510963095,12.011189420955317]]]}},{"type":"Feature","properties":{"grid":"F13","height":244,"airport":"Kannur"},"geometry":{"type":"Polygon","coordinates":[[[75.5666817797382,12.01118942093988],[75.5666817799544,12.002511191010404],[75.56668178024462,12.000002400000149],[75.55867927012298,12.000002399671434],[75.55004123883172,12.000002399992688],[75.55001510982841,12.00000239978966],[75.55001510969028,12.002511191010258],[75.55001510963095,12.011189420955317],[75.55001510986007,12.016669069704589],[75.5500412386327,12.016669069840974],[75.55867927011502,12.016669069769618],[75.5666817799339,12.016669069874593],[75.5666817797382,12.01118942093988]]]}},{"type":"Feature","properties":{"grid":"F14","height":244,"airport":"Kannur"},"geometry":{"type":"Polygon","coordinates":[[[75.58334844984593,12.011189421373416],[75.58334845021113,12.002511191230607],[75.58334844973123,12.000002399723593],[75.57595533239643,12.000002400433722],[75.56731730076028,12.00000240042305],[75.56668178024462,12.000002400000149],[75.5666817799544,12.002511191010404],[75.5666817797382,12.01118942093988],[75.5666817799339,12.016669069874593],[75.56731730094639,12.016669070422699],[75.57595533186108,12.016669069988291],[75.58334845001194,12.016669070067165],[75.58334844984593,12.011189421373416]]]}},{"type":"Feature","properties":{"grid":"F15","height":244,"airport":"Kannur"},"geometry":{"type":"Polygon","coordinates":[[[75.60001511957374,12.01118942133854],[75.60001512007985,12.002511190753527],[75.60001511974859,12.000002399847421],[75.59323139427222,12.00000240004205],[75.5845933630136,12.00000239970565],[75.58334844973123,12.000002399723593],[75.58334845021113,12.002511191230607],[75.58334844984593,12.011189421373416],[75.58334845001194,12.016669070067165],[75.58459336268237,12.016669070273442],[75.59323139414637,12.016669070370309],[75.60001511971588,12.01666907026917],[75.60001511957374,12.01118942133854]]]}},{"type":"Feature","properties":{"grid":"F16","height":244,"airport":"Kannur"},"geometry":{"type":"Polygon","coordinates":[[[75.61668179038031,12.011189420817795],[75.61668179010447,12.0025111913723],[75.61668178991808,12.000002400358074],[75.61050745706507,12.000002400286466],[75.60186942506921,12.000002399634647],[75.60001511974859,12.000002399847421],[75.60001512007985,12.002511190753527],[75.60001511957374,12.01118942133854],[75.60001511971588,12.01666907026917],[75.6018694251539,12.016669070279237],[75.6105074573616,12.016669069994633],[75.61668178958395,12.01666906956092],[75.61668179038031,12.011189420817795]]]}},{"type":"Feature","properties":{"grid":"F17","height":244,"airport":"Kannur"},"geometry":{"type":"Polygon","coordinates":[[[75.63334846005198,12.011189420705577],[75.63334845990227,12.002511191264476],[75.63334845985885,12.00000240033739],[75.6277835193281,12.000002400249569],[75.61914548823803,12.000002400191217],[75.61668178991808,12.000002400358074],[75.61668179010447,12.0025111913723],[75.61668179038031,12.011189420817795],[75.61668178958395,12.01666906956092],[75.61914548783514,12.01666907042514],[75.62778351914564,12.016669069754494],[75.63334846016049,12.016669069734988],[75.63334846005198,12.011189420705577]]]}},{"type":"Feature","properties":{"grid":"F18","height":244,"airport":"Kannur"},"geometry":{"type":"Polygon","coordinates":[[[75.65001513004749,12.0111894209836],[75.65001513001515,12.002511191318023],[75.65001513011065,12.00000239976906],[75.64505958145352,12.000002399913868],[75.63642155015255,12.000002399555523],[75.63334845985885,12.00000240033739],[75.63334845990227,12.002511191264476],[75.63334846005198,12.011189420705577],[75.63334846016049,12.016669069734988],[75.63642155019811,12.01666906979158],[75.64505958080986,12.016669069630435],[75.6500151301465,12.016669069874862],[75.65001513004749,12.0111894209836]]]}},{"type":"Feature","properties":{"grid":"F19","height":244,"airport":"Kannur"},"geometry":{"type":"Polygon","coordinates":[[[75.66668179998622,12.011189420732885],[75.66668180006218,12.002511190613992],[75.666681800299,12.000002400446993],[75.66233564291714,12.000002400167803],[75.6536976121298,12.000002400420676],[75.65001513011065,12.00000239976906],[75.65001513001515,12.002511191318023],[75.65001513004749,12.0111894209836],[75.6500151301465,12.016669069874862],[75.65369761172111,12.01666907017147],[75.66233564274695,12.016669069604385],[75.6666818000822,12.016669069963845],[75.66668179998622,12.011189420732885]]]}},{"type":"Feature","properties":{"grid":"F20","height":244,"airport":"Kannur"},"geometry":{"type":"Polygon","coordinates":[[[75.68334847041038,12.01118942084048],[75.68334846966906,12.002511190945967],[75.68334847003852,12.000002399643355],[75.67961170594607,12.000002400084211],[75.67097367363706,12.000002400057733],[75.666681800299,12.000002400446993],[75.66668180006218,12.002511190613992],[75.66668179998622,12.011189420732885],[75.6666818000822,12.016669069963845],[75.67097367371117,12.016669069735899],[75.67961170626823,12.016669069655507],[75.68334846958916,12.01666906998693],[75.68334847041038,12.01118942084048]]]}},{"type":"Feature","properties":{"grid":"F21","height":244,"airport":"Kannur"},"geometry":{"type":"Polygon","coordinates":[[[75.70001514002287,12.011189421293217],[75.70001514029198,12.002511191389791],[75.70001513987566,12.000002400053416],[75.69688776817677,12.000002399650612],[75.6882497369079,12.000002400252017],[75.68334847003852,12.000002399643355],[75.68334846966906,12.002511190945967],[75.68334847041038,12.01118942084048],[75.68334846958916,12.01666906998693],[75.6882497365654,12.016669070274512],[75.69688776809193,12.016669069773602],[75.70001514012617,12.016669069924205],[75.70001514002287,12.011189421293217]]]}},{"type":"Feature","properties":{"grid":"F22","height":244,"airport":"Kannur"},"geometry":{"type":"Polygon","coordinates":[[[75.71668181027998,12.0111894211665],[75.71668180971268,12.002511191029944],[75.71668181034559,12.000002399850478],[75.71416383000368,12.000002399751894],[75.70552579865809,12.000002400088915],[75.70001513987566,12.000002400053416],[75.70001514029198,12.002511191389791],[75.70001514002287,12.011189421293217],[75.70001514012617,12.016669069924205],[75.70552579883466,12.016669069963934],[75.71416383044787,12.016669069934728],[75.71668181039615,12.016669069762075],[75.71668181027998,12.0111894211665]]]}},{"type":"Feature","properties":{"grid":"F23","height":244,"airport":"Kannur"},"geometry":{"type":"Polygon","coordinates":[[[75.73334847988687,12.011189421350773],[75.73334848031035,12.00251119074759],[75.73334848015321,12.000002399925016],[75.73143989181902,12.00000240036813],[75.72280186111912,12.00000240044845],[75.71668181034559,12.000002399850478],[75.71668180971268,12.002511191029944],[75.71668181027998,12.0111894211665],[75.71668181039615,12.016669069762075],[75.7228018609138,12.016669069688733],[75.73143989189148,12.016669070123566],[75.73334848002305,12.01666907038871],[75.73334847988687,12.011189421350773]]]}},{"type":"Feature","properties":{"grid":"G1","height":244,"airport":"Kannur"},"geometry":{"type":"Polygon","coordinates":[[[75.3666817396651,11.993832961235606],[75.36668173960685,11.985154729728245],[75.36668173960867,11.983335729914018],[75.36000455412992,11.983335730312932],[75.35136652207628,11.98333572963335],[75.35001507008488,11.983335730340453],[75.35001506962091,11.985154729582394],[75.35001506974932,11.993832961143905],[75.350015069606,12.00000239979729],[75.35136652189816,12.000002399589487],[75.36000455426412,12.000002400389613],[75.36668174000486,12.000002400416598],[75.3666817396651,11.993832961235606]]]}},{"type":"Feature","properties":{"grid":"G2","height":244,"airport":"Kannur"},"geometry":{"type":"Polygon","coordinates":[[[75.38334841043522,11.993832960548376],[75.38334841044333,11.985154729770693],[75.38334840998336,11.983335730430142],[75.3772806156789,11.983335729710713],[75.36864258508402,11.983335729736538],[75.36668173960867,11.983335729914018],[75.36668173960685,11.985154729728245],[75.3666817396651,11.993832961235606],[75.36668174000486,12.000002400416598],[75.36864258461381,12.00000239958648],[75.3772806164447,12.000002399887334],[75.38334841034224,12.000002399778007],[75.38334841043522,11.993832960548376]]]}},{"type":"Feature","properties":{"grid":"G3","height":244,"airport":"Kannur"},"geometry":{"type":"Polygon","coordinates":[[[75.40001507984636,11.99383296088484],[75.40001507991431,11.9851547297037],[75.40001507990901,11.983335730072877],[75.39455667782295,11.98333573039867],[75.38591864665251,11.983335730233218],[75.38334840998336,11.983335730430142],[75.38334841044333,11.985154729770693],[75.38334841043522,11.993832960548376],[75.38334841034224,12.000002399778007],[75.38591864681916,12.000002400390489],[75.39455667831115,12.000002400186842],[75.40001508024203,12.000002399681632],[75.40001507984636,11.99383296088484]]]}},{"type":"Feature","properties":{"grid":"G4","height":244,"airport":"Kannur"},"geometry":{"type":"Polygon","coordinates":[[[75.41668175027435,11.993832961327902],[75.4166817503979,11.985154730418836],[75.41668174992643,11.983335729736341],[75.41183274003164,11.98333572965412],[75.40319470900954,11.983335730206],[75.40001507990901,11.983335730072877],[75.40001507991431,11.9851547297037],[75.40001507984636,11.99383296088484],[75.40001508024203,12.000002399681632],[75.40319470890415,12.00000240018221],[75.41183274025478,12.000002400372914],[75.4166817502444,12.000002400117307],[75.41668175027435,11.993832961327902]]]}},{"type":"Feature","properties":{"grid":"G5","height":244,"airport":"Kannur"},"geometry":{"type":"Polygon","coordinates":[[[75.43334842042047,11.993832960965214],[75.43334841967537,11.98515473010086],[75.43334841965812,11.983335730315565],[75.42910880270097,11.983335730178577],[75.42047077162849,11.983335729644915],[75.41668174992643,11.983335729736341],[75.4166817503979,11.985154730418836],[75.41668175027435,11.993832961327902],[75.4166817502444,12.000002400117307],[75.42047077218108,12.000002399853438],[75.42910880266804,12.000002400434065],[75.4333484199694,12.000002400171404],[75.43334842042047,11.993832960965214]]]}},{"type":"Feature","properties":{"grid":"G6","height":244,"airport":"Kannur"},"geometry":{"type":"Polygon","coordinates":[[[75.45001508990732,11.993832960691483],[75.45001509012468,11.985154729640225],[75.45001508964077,11.98333572999083],[75.44638486530167,11.983335730152847],[75.43774683398559,11.983335730348283],[75.43334841965812,11.983335730315565],[75.43334841967537,11.98515473010086],[75.43334842042047,11.993832960965214],[75.4333484199694,12.000002400171404],[75.43774683428806,12.000002400300847],[75.44638486502475,12.000002400359735],[75.450015089957,12.000002399832853],[75.45001508990732,11.993832960691483]]]}},{"type":"Feature","properties":{"grid":"G7","height":244,"airport":"Kannur"},"geometry":{"type":"Polygon","coordinates":[[[75.46668176019493,11.99383296139802],[75.4666817604499,11.98515472993253],[75.46668176041538,11.98333572965488],[75.46366092730705,11.983335729566043],[75.45502289555,11.98333572959256],[75.45001508964077,11.98333572999083],[75.45001509012468,11.985154729640225],[75.45001508990732,11.993832960691483],[75.450015089957,12.000002399832853],[75.45502289561466,12.000002399703845],[75.46366092679878,12.000002400139056],[75.46668175983008,12.000002399995841],[75.46668176019493,11.99383296139802]]]}},{"type":"Feature","properties":{"grid":"G8","height":244,"airport":"Kannur"},"geometry":{"type":"Polygon","coordinates":[[[75.4833484299829,11.993832961267263],[75.48334843027061,11.985154730063075],[75.48334842976743,11.983335730204619],[75.48093698911214,11.98333573021401],[75.47229895763662,11.983335730076595],[75.46668176041538,11.98333572965488],[75.4666817604499,11.98515472993253],[75.46668176019493,11.99383296139802],[75.46668175983008,12.000002399995841],[75.47229895839347,12.000002399855438],[75.48093698930109,12.000002399757587],[75.48334843012708,12.000002399744089],[75.4833484299829,11.993832961267263]]]}},{"type":"Feature","properties":{"grid":"G9","height":244,"airport":"Kannur"},"geometry":{"type":"Polygon","coordinates":[[[75.50001509981253,11.993832961191153],[75.50001510012632,11.98515473001952],[75.50001510007036,11.98333572981597],[75.49821305202431,11.983335730273122],[75.48957502063436,11.98333572997852],[75.48334842976743,11.983335730204619],[75.48334843027061,11.985154730063075],[75.4833484299829,11.993832961267263],[75.48334843012708,12.000002399744089],[75.48957502117821,12.000002399841073],[75.49821305200712,12.000002400107759],[75.5000150995524,12.000002399972663],[75.50001509981253,11.993832961191153]]]}},{"type":"Feature","properties":{"grid":"G10","height":244,"airport":"Kannur"},"geometry":{"type":"Polygon","coordinates":[[[75.51668177022363,11.993832961156812],[75.51668176963804,11.985154729790693],[75.51668177002989,11.983335730287921],[75.51548911367978,11.98333572973438],[75.50685108309966,11.98333573019218],[75.50001510007036,11.98333572981597],[75.50001510012632,11.98515473001952],[75.50001509981253,11.993832961191153],[75.5000150995524,12.000002399972663],[75.5068510834427,12.000002399648778],[75.5154891143891,12.000002400273015],[75.51668176956294,12.000002399762856],[75.51668177022363,11.993832961156812]]]}},{"type":"Feature","properties":{"grid":"G11","height":184,"airport":"Kannur"},"geometry":{"type":"Polygon","coordinates":[[[75.53334843991885,11.99383296115433],[75.53334844026556,11.985154730265906],[75.5333484401821,11.983335729798608],[75.5327651763109,11.983335730388744],[75.52412714542274,11.983335729799245],[75.51668177002989,11.983335730287921],[75.51668176963804,11.985154729790693],[75.51668177022363,11.993832961156812],[75.51668176956294,12.000002399762856],[75.52412714466239,12.000002400170526],[75.53276517592082,12.00000240024078],[75.53334843978175,12.000002400007288],[75.53334843991885,11.99383296115433]]]}},{"type":"Feature","properties":{"grid":"G12","height":184,"airport":"Kannur"},"geometry":{"type":"Polygon","coordinates":[[[75.55001511035651,11.993832961168286],[75.55001510978929,11.985154729628036],[75.5500151101514,11.983335730144677],[75.5414032070786,11.983335729691165],[75.5333484401821,11.983335729798608],[75.53334844026556,11.985154730265906],[75.53334843991885,11.99383296115433],[75.53334843978175,12.000002400007288],[75.54140320706341,12.00000239957971],[75.55001510982841,12.00000239978966],[75.55001511035651,11.993832961168286]]]}},{"type":"Feature","properties":{"grid":"G13","height":184,"airport":"Kannur"},"geometry":{"type":"Polygon","coordinates":[[[75.56668178023922,11.993832961188101],[75.56668177967079,11.985154729669848],[75.56668177955702,11.983335730409571],[75.55867927029624,11.983335729849344],[75.55004123938761,11.983335730414382],[75.5500151101514,11.983335730144677],[75.55001510978929,11.985154729628036],[75.55001511035651,11.993832961168286],[75.55001510982841,12.00000239978966],[75.55004123883172,12.000002399992688],[75.55867927012298,12.000002399671434],[75.56668178024462,12.000002400000149],[75.56668178023922,11.993832961188101]]]}},{"type":"Feature","properties":{"grid":"G14","height":184,"airport":"Kannur"},"geometry":{"type":"Polygon","coordinates":[[[75.58334845010668,11.993832961199233],[75.58334845044969,11.985154730376676],[75.58334844985492,11.983335729672556],[75.57595533179344,11.983335730265402],[75.56731730054604,11.983335729801418],[75.56668177955702,11.983335730409571],[75.56668177967079,11.985154729669848],[75.56668178023922,11.993832961188101],[75.56668178024462,12.000002400000149],[75.56731730076028,12.00000240042305],[75.57595533239643,12.000002400433722],[75.58334844973123,12.000002399723593],[75.58334845010668,11.993832961199233]]]}},{"type":"Feature","properties":{"grid":"G15","height":184,"airport":"Kannur"},"geometry":{"type":"Polygon","coordinates":[[[75.60001511958008,11.99383296118862],[75.600015119906,11.985154729930619],[75.6000151197513,11.983335729730968],[75.59323139379714,11.983335730015426],[75.58459336293737,11.983335730337263],[75.58334844985492,11.983335729672556],[75.58334845044969,11.985154730376676],[75.58334845010668,11.993832961199233],[75.58334844973123,12.000002399723593],[75.5845933630136,12.00000239970565],[75.59323139427222,12.00000240004205],[75.60001511974859,12.000002399847421],[75.60001511958008,11.99383296118862]]]}},{"type":"Feature","properties":{"grid":"G16","height":244,"airport":"Kannur"},"geometry":{"type":"Polygon","coordinates":[[[75.61668179011758,11.993832961138828],[75.6166817904201,11.985154730121016],[75.61668178978367,11.983335729665137],[75.61050745670101,11.983335729987047],[75.60186942511257,11.983335730200665],[75.6000151197513,11.983335729730968],[75.600015119906,11.985154729930619],[75.60001511958008,11.99383296118862],[75.60001511974859,12.000002399847421],[75.60186942506921,12.000002399634647],[75.61050745706507,12.000002400286466],[75.61668178991808,12.000002400358074],[75.61668179011758,11.993832961138828]]]}},{"type":"Feature","properties":{"grid":"G17","height":244,"airport":"Kannur"},"geometry":{"type":"Polygon","coordinates":[[[75.63334846042177,11.993832961037926],[75.63334845977387,11.985154730033694],[75.63334845957493,11.983335730365459],[75.6277835190599,11.983335730167116],[75.61914548838386,11.983335730277163],[75.61668178978367,11.983335729665137],[75.6166817904201,11.985154730121016],[75.61668179011758,11.993832961138828],[75.61668178991808,12.000002400358074],[75.61914548823803,12.000002400191217],[75.6277835193281,12.000002400249569],[75.63334845985885,12.00000240033739],[75.63334846042177,11.993832961037926]]]}},{"type":"Feature","properties":{"grid":"G18","height":214,"airport":"Kannur"},"geometry":{"type":"Polygon","coordinates":[[[75.6500151301137,11.993832960871698],[75.65001513034368,11.98515472964826],[75.65001512966028,11.983335730007088],[75.6450595812634,11.983335729633959],[75.63642155038544,11.983335729651177],[75.63334845957493,11.983335730365459],[75.63334845977387,11.985154730033694],[75.63334846042177,11.993832961037926],[75.63334845985885,12.00000240033739],[75.63642155015255,12.000002399555523],[75.64505958145352,12.000002399913868],[75.65001513011065,12.00000239976906],[75.6500151301137,11.993832960871698]]]}},{"type":"Feature","properties":{"grid":"G19","height":214,"airport":"Kannur"},"geometry":{"type":"Polygon","coordinates":[[[75.66668179973301,11.99383296062349],[75.66668179991551,11.985154729858555],[75.66668179966476,11.983335730383946],[75.66233564278902,11.983335730180242],[75.6536976124317,11.983335730111603],[75.65001512966028,11.983335730007088],[75.65001513034368,11.98515472964826],[75.6500151301137,11.993832960871698],[75.65001513011065,12.00000239976906],[75.6536976121298,12.000002400420676],[75.66233564291714,12.000002400167803],[75.666681800299,12.000002400446993],[75.66668179973301,11.99383296062349]]]}},{"type":"Feature","properties":{"grid":"G20","height":214,"airport":"Kannur"},"geometry":{"type":"Polygon","coordinates":[[[75.68334846982152,11.993832961180383],[75.68334846994512,11.985154729741014],[75.68334847012328,11.983335729670307],[75.67961170586113,11.983335729974593],[75.67097367399164,11.983335729833776],[75.66668179966476,11.983335730383946],[75.66668179991551,11.985154729858555],[75.66668179973301,11.99383296062349],[75.666681800299,12.000002400446993],[75.67097367363706,12.000002400057733],[75.67961170594607,12.000002400084211],[75.68334847003852,12.000002399643355],[75.68334846982152,11.993832961180383]]]}},{"type":"Feature","properties":{"grid":"G21","height":244,"airport":"Kannur"},"geometry":{"type":"Polygon","coordinates":[[[75.70001513999574,11.993832960718366],[75.70001514005557,11.985154730184513],[75.70001513974259,11.983335729661547],[75.69688776811809,11.98333572990884],[75.68824973729608,11.983335729698794],[75.68334847012328,11.983335729670307],[75.68334846994512,11.985154729741014],[75.68334846982152,11.993832961180383],[75.68334847003852,12.000002399643355],[75.6882497369079,12.000002400252017],[75.69688776817677,12.000002399650612],[75.70001513987566,12.000002400053416],[75.70001513999574,11.993832960718366]]]}},{"type":"Feature","properties":{"grid":"G22","height":244,"airport":"Kannur"},"geometry":{"type":"Polygon","coordinates":[[[75.71668180988131,11.993832961030215],[75.71668180986536,11.985154730269015],[75.71668180998054,11.983335730337409],[75.7141638299516,11.98333572996361],[75.70552579906273,11.983335729696313],[75.70001513974259,11.983335729661547],[75.70001514005557,11.985154730184513],[75.70001513999574,11.993832960718366],[75.70001513987566,12.000002400053416],[75.70552579865809,12.000002400088915],[75.71416383000368,12.000002399751894],[75.71668181034559,12.000002399850478],[75.71668180988131,11.993832961030215]]]}},{"type":"Feature","properties":{"grid":"G23","height":244,"airport":"Kannur"},"geometry":{"type":"Polygon","coordinates":[[[75.7333484800154,11.993832961193215],[75.73334847991379,11.985154729976069],[75.73334848045317,11.983335729873133],[75.7314398917533,11.983335730118993],[75.72280186060173,11.983335729804514],[75.71668180998054,11.983335730337409],[75.71668180986536,11.985154730269015],[75.71668180988131,11.993832961030215],[75.71668181034559,12.000002399850478],[75.72280186111912,12.00000240044845],[75.73143989181902,12.00000240036813],[75.73334848015321,12.000002399925016],[75.7333484800154,11.993832961193215]]]}},{"type":"Feature","properties":{"grid":"H1","height":244,"airport":"Kannur"},"geometry":{"type":"Polygon","coordinates":[[[75.36668173964976,11.976476500113531],[75.36668173979041,11.96779826968213],[75.3666817397561,11.966669059606025],[75.36000455397743,11.966669060428677],[75.35136652242768,11.966669059865705],[75.35001506970364,11.966669060168488],[75.35001507036137,11.967798270325611],[75.35001507013178,11.976476499910909],[75.35001507008488,11.983335730340453],[75.35136652207628,11.98333572963335],[75.36000455412992,11.983335730312932],[75.36668173960867,11.983335729914018],[75.36668173964976,11.976476500113531]]]}},{"type":"Feature","properties":{"grid":"H2","height":244,"airport":"Kannur"},"geometry":{"type":"Polygon","coordinates":[[[75.38334841001316,11.976476499984084],[75.38334841006224,11.967798270286641],[75.38334840973233,11.966669060380658],[75.37728061634867,11.96666905973222],[75.36864258534428,11.966669060083046],[75.3666817397561,11.966669059606025],[75.36668173979041,11.96779826968213],[75.36668173964976,11.976476500113531],[75.36668173960867,11.983335729914018],[75.36864258508402,11.983335729736538],[75.3772806156789,11.983335729710713],[75.38334840998336,11.983335730430142],[75.38334841001316,11.976476499984084]]]}},{"type":"Feature","properties":{"grid":"H3","height":244,"airport":"Kannur"},"geometry":{"type":"Polygon","coordinates":[[[75.40001507992562,11.976476500419581],[75.4000150798766,11.967798270323154],[75.40001508016779,11.966669059769636],[75.39455667838573,11.966669059912773],[75.38591864681125,11.966669060279518],[75.38334840973233,11.966669060380658],[75.38334841006224,11.967798270286641],[75.38334841001316,11.976476499984084],[75.38334840998336,11.983335730430142],[75.38591864665251,11.983335730233218],[75.39455667782295,11.98333573039867],[75.40001507990901,11.983335730072877],[75.40001507992562,11.976476500419581]]]}},{"type":"Feature","properties":{"grid":"H4","height":244,"airport":"Kannur"},"geometry":{"type":"Polygon","coordinates":[[[75.41668174992391,11.976476499601176],[75.41668174977258,11.967798269781515],[75.41668174976712,11.966669059573979],[75.41183273956047,11.966669060056468],[75.4031947090571,11.966669060442074],[75.40001508016779,11.966669059769636],[75.4000150798766,11.967798270323154],[75.40001507992562,11.976476500419581],[75.40001507990901,11.983335730072877],[75.40319470900954,11.983335730206],[75.41183274003164,11.98333572965412],[75.41668174992643,11.983335729736341],[75.41668174992391,11.976476499601176]]]}},{"type":"Feature","properties":{"grid":"H5","height":244,"airport":"Kannur"},"geometry":{"type":"Polygon","coordinates":[[[75.43334841963298,11.97647650023256],[75.43334842029068,11.967798269555331],[75.43334841998806,11.966669059781776],[75.42910880301979,11.96666906014783],[75.42047077155344,11.96666905965642],[75.41668174976712,11.966669059573979],[75.41668174977258,11.967798269781515],[75.41668174992391,11.976476499601176],[75.41668174992643,11.983335729736341],[75.42047077162849,11.983335729644915],[75.42910880270097,11.983335730178577],[75.43334841965812,11.983335730315565],[75.43334841963298,11.97647650023256]]]}},{"type":"Feature","properties":{"grid":"H6","height":244,"airport":"Kannur"},"geometry":{"type":"Polygon","coordinates":[[[75.45001508958799,11.97647649958973],[75.4500150901331,11.967798269636349],[75.45001509045129,11.966669060383238],[75.44638486456279,11.966669060181822],[75.43774683377602,11.966669059720934],[75.43334841998806,11.966669059781776],[75.43334842029068,11.967798269555331],[75.43334841963298,11.97647650023256],[75.43334841965812,11.983335730315565],[75.43774683398559,11.983335730348283],[75.44638486530167,11.983335730152847],[75.45001508964077,11.98333572999083],[75.45001508958799,11.97647649958973]]]}},{"type":"Feature","properties":{"grid":"H7","height":244,"airport":"Kannur"},"geometry":{"type":"Polygon","coordinates":[[[75.46668176033272,11.976476500373998],[75.46668175983909,11.967798270013116],[75.46668175985593,11.966669059561227],[75.46366092733638,11.966669060141866],[75.45502289611497,11.966669059719182],[75.45001509045129,11.966669060383238],[75.4500150901331,11.967798269636349],[75.45001508958799,11.97647649958973],[75.45001508964077,11.98333572999083],[75.45502289555,11.98333572959256],[75.46366092730705,11.983335729566043],[75.46668176041538,11.98333572965488],[75.46668176033272,11.976476500373998]]]}},{"type":"Feature","properties":{"grid":"H8","height":244,"airport":"Kannur"},"geometry":{"type":"Polygon","coordinates":[[[75.48334842964643,11.976476499865067],[75.48334842994615,11.96779826976938],[75.48334842966409,11.966669060015303],[75.48093698897654,11.966669060019555],[75.47229895804327,11.966669059640054],[75.46668175985593,11.966669059561227],[75.46668175983909,11.967798270013116],[75.46668176033272,11.976476500373998],[75.46668176041538,11.98333572965488],[75.47229895763662,11.983335730076595],[75.48093698911214,11.98333573021401],[75.48334842976743,11.983335730204619],[75.48334842964643,11.976476499865067]]]}},{"type":"Feature","properties":{"grid":"H9","height":184,"airport":"Kannur"},"geometry":{"type":"Polygon","coordinates":[[[75.50001509990857,11.976476499856112],[75.50001510007647,11.967798269798603],[75.50001510041174,11.966669059924362],[75.49821305171167,11.966669059798452],[75.48957502087245,11.966669060373167],[75.48334842966409,11.966669060015303],[75.48334842994615,11.96779826976938],[75.48334842964643,11.976476499865067],[75.48334842976743,11.983335730204619],[75.48957502063436,11.98333572997852],[75.49821305202431,11.983335730273122],[75.50001510007036,11.98333572981597],[75.50001509990857,11.976476499856112]]]}},{"type":"Feature","properties":{"grid":"H10","height":184,"airport":"Kannur"},"geometry":{"type":"Polygon","coordinates":[[[75.51668176982152,11.976476500337492],[75.5166817698507,11.96779827008962],[75.51668176988417,11.966669060184753],[75.51548911409795,11.96666906037219],[75.50685108315378,11.966669060099472],[75.50001510041174,11.966669059924362],[75.50001510007647,11.967798269798603],[75.50001509990857,11.976476499856112],[75.50001510007036,11.98333572981597],[75.50685108309966,11.98333573019218],[75.51548911367978,11.98333572973438],[75.51668177002989,11.983335730287921],[75.51668176982152,11.976476500337492]]]}},{"type":"Feature","properties":{"grid":"H11","height":184,"airport":"Kannur"},"geometry":{"type":"Polygon","coordinates":[[[75.53334843992289,11.976476500391659],[75.5333484398062,11.967798269724895],[75.53334844045561,11.966669059875644],[75.53276517560487,11.966669059919601],[75.5241271452802,11.966669059709249],[75.51668176988417,11.966669060184753],[75.5166817698507,11.96779827008962],[75.51668176982152,11.976476500337492],[75.51668177002989,11.983335730287921],[75.52412714542274,11.983335729799245],[75.5327651763109,11.983335730388744],[75.5333484401821,11.983335729798608],[75.53334843992289,11.976476500391659]]]}},{"type":"Feature","properties":{"grid":"H12","height":154,"airport":"Kannur"},"geometry":{"type":"Polygon","coordinates":[[[75.5500151098334,11.976476500006692],[75.55001510956525,11.96779826959681],[75.55001510991144,11.966669059892842],[75.54140320672643,11.966669060094022],[75.53334844045561,11.966669059875644],[75.5333484398062,11.967798269724895],[75.53334843992289,11.976476500391659],[75.5333484401821,11.983335729798608],[75.5414032070786,11.983335729691165],[75.5500151101514,11.983335730144677],[75.5500151098334,11.976476500006692]]]}},{"type":"Feature","properties":{"grid":"H13","height":154,"airport":"Kannur"},"geometry":{"type":"Polygon","coordinates":[[[75.56668178009411,11.976476500072746],[75.56668177966691,11.967798269691224],[75.56668177970914,11.966669060220509],[75.55867926971908,11.966669060330851],[75.55004123938268,11.966669060229204],[75.55001510991144,11.966669059892842],[75.55001510956525,11.96779826959681],[75.5500151098334,11.976476500006692],[75.5500151101514,11.983335730144677],[75.55004123938761,11.983335730414382],[75.55867927029624,11.983335729849344],[75.56668177955702,11.983335730409571],[75.56668178009411,11.976476500072746]]]}},{"type":"Feature","properties":{"grid":"H14","height":154,"airport":"Kannur"},"geometry":{"type":"Polygon","coordinates":[[[75.58334845032391,11.97647649967276],[75.58334844973177,11.967798269995415],[75.58334845038584,11.966669059939704],[75.57595533189404,11.966669060409515],[75.56731730122873,11.966669060390235],[75.56668177970914,11.966669060220509],[75.56668177966691,11.967798269691224],[75.56668178009411,11.976476500072746],[75.56668177955702,11.983335730409571],[75.56731730054604,11.983335729801418],[75.57595533179344,11.983335730265402],[75.58334844985492,11.983335729672556],[75.58334845032391,11.97647649967276]]]}},{"type":"Feature","properties":{"grid":"H15","height":184,"airport":"Kannur"},"geometry":{"type":"Polygon","coordinates":[[[75.60001512014546,11.97647649969801],[75.60001512029689,11.967798269590075],[75.60001511972699,11.966669059945476],[75.59323139364263,11.96666906031416],[75.58459336337121,11.966669060383422],[75.58334845038584,11.966669059939704],[75.58334844973177,11.967798269995415],[75.58334845032391,11.97647649967276],[75.58334844985492,11.983335729672556],[75.58459336293737,11.983335730337263],[75.59323139379714,11.983335730015426],[75.6000151197513,11.983335729730968],[75.60001512014546,11.97647649969801]]]}},{"type":"Feature","properties":{"grid":"H16","height":184,"airport":"Kannur"},"geometry":{"type":"Polygon","coordinates":[[[75.61668179009803,11.976476500133069],[75.61668179006827,11.967798270272283],[75.6166817901085,11.966669060218555],[75.61050745719304,11.966669060024268],[75.60186942528296,11.966669060194363],[75.60001511972699,11.966669059945476],[75.60001512029689,11.967798269590075],[75.60001512014546,11.97647649969801],[75.6000151197513,11.983335729730968],[75.60186942511257,11.983335730200665],[75.61050745670101,11.983335729987047],[75.61668178978367,11.983335729665137],[75.61668179009803,11.976476500133069]]]}},{"type":"Feature","properties":{"grid":"H17","height":184,"airport":"Kannur"},"geometry":{"type":"Polygon","coordinates":[[[75.63334845980027,11.976476500059821],[75.63334845958083,11.967798270217717],[75.63334846023035,11.966669059842715],[75.62778351926478,11.966669060435006],[75.61914548827372,11.966669059804278],[75.6166817901085,11.966669060218555],[75.61668179006827,11.967798270272283],[75.61668179009803,11.976476500133069],[75.61668178978367,11.983335729665137],[75.61914548838386,11.983335730277163],[75.6277835190599,11.983335730167116],[75.63334845957493,11.983335730365459],[75.63334845980027,11.976476500059821]]]}},{"type":"Feature","properties":{"grid":"H18","height":154,"airport":"Kannur"},"geometry":{"type":"Polygon","coordinates":[[[75.65001512979346,11.976476500366264],[75.65001513029404,11.967798270312244],[75.65001512971502,11.96666905970811],[75.64505958116344,11.966669059718422],[75.63642154998143,11.966669060106222],[75.63334846023035,11.966669059842715],[75.63334845958083,11.967798270217717],[75.63334845980027,11.976476500059821],[75.63334845957493,11.983335730365459],[75.63642155038544,11.983335729651177],[75.6450595812634,11.983335729633959],[75.65001512966028,11.983335730007088],[75.65001512979346,11.976476500366264]]]}},{"type":"Feature","properties":{"grid":"H19","height":154,"airport":"Kannur"},"geometry":{"type":"Polygon","coordinates":[[[75.66668179969608,11.976476500133483],[75.6666817999892,11.967798269641202],[75.66668180001986,11.966669059795924],[75.6623356432844,11.9666690596651],[75.65369761171381,11.96666906017625],[75.65001512971502,11.96666905970811],[75.65001513029404,11.967798270312244],[75.65001512979346,11.976476500366264],[75.65001512966028,11.983335730007088],[75.6536976124317,11.983335730111603],[75.66233564278902,11.983335730180242],[75.66668179966476,11.983335730383946],[75.66668179969608,11.976476500133483]]]}},{"type":"Feature","properties":{"grid":"H20","height":214,"airport":"Kannur"},"geometry":{"type":"Polygon","coordinates":[[[75.68334847004944,11.976476500248578],[75.68334847012812,11.967798269993864],[75.6833484698469,11.966669060093292],[75.67961170601903,11.966669060256514],[75.670973673862,11.96666905999609],[75.66668180001986,11.966669059795924],[75.6666817999892,11.967798269641202],[75.66668179969608,11.976476500133483],[75.66668179966476,11.983335730383946],[75.67097367399164,11.983335729833776],[75.67961170586113,11.983335729974593],[75.68334847012328,11.983335729670307],[75.68334847004944,11.976476500248578]]]}},{"type":"Feature","properties":{"grid":"H21","height":214,"airport":"Kannur"},"geometry":{"type":"Polygon","coordinates":[[[75.7000151395534,11.97647649979415],[75.70001514032903,11.967798270450562],[75.7000151397327,11.966669059678404],[75.6968877679171,11.966669059669549],[75.68824973681944,11.966669060451188],[75.6833484698469,11.966669060093292],[75.68334847012812,11.967798269993864],[75.68334847004944,11.976476500248578],[75.68334847012328,11.983335729670307],[75.68824973729608,11.983335729698794],[75.69688776811809,11.98333572990884],[75.70001513974259,11.983335729661547],[75.7000151395534,11.97647649979415]]]}},{"type":"Feature","properties":{"grid":"H22","height":244,"airport":"Kannur"},"geometry":{"type":"Polygon","coordinates":[[[75.71668180966783,11.976476499654199],[75.71668181020999,11.967798270091304],[75.71668181022068,11.966669060341722],[75.71416383029276,11.966669059691094],[75.70552579913587,11.966669059718233],[75.7000151397327,11.966669059678404],[75.70001514032903,11.967798270450562],[75.7000151395534,11.97647649979415],[75.70001513974259,11.983335729661547],[75.70552579906273,11.983335729696313],[75.7141638299516,11.98333572996361],[75.71668180998054,11.983335730337409],[75.71668180966783,11.976476499654199]]]}},{"type":"Feature","properties":{"grid":"H23","height":244,"airport":"Kannur"},"geometry":{"type":"Polygon","coordinates":[[[75.73334848001332,11.976476499812522],[75.73334848031209,11.967798269801927],[75.7333484800081,11.966669060260946],[75.73143989170039,11.966669060305874],[75.72280186120703,11.966669059586186],[75.71668181022068,11.966669060341722],[75.71668181020999,11.967798270091304],[75.71668180966783,11.976476499654199],[75.71668180998054,11.983335730337409],[75.72280186060173,11.983335729804514],[75.7314398917533,11.983335730118993],[75.73334848045317,11.983335729873133],[75.73334848001332,11.976476499812522]]]}},{"type":"Feature","properties":{"grid":"I1","height":244,"airport":"Kannur"},"geometry":{"type":"Polygon","coordinates":[[[75.36668174003027,11.959120039342029],[75.3666817403696,11.950441809096855],[75.36668174045012,11.9500023904228],[75.3600045538073,11.95000238985833],[75.35136652203569,11.950002390313548],[75.35001507030225,11.95000239020929],[75.35001506997415,11.950441808715144],[75.35001507030756,11.959120039021487],[75.35001506970364,11.966669060168488],[75.35136652242768,11.966669059865705],[75.36000455397743,11.966669060428677],[75.3666817397561,11.966669059606025],[75.36668174003027,11.959120039342029]]]}},{"type":"Feature","properties":{"grid":"I2","height":244,"airport":"Kannur"},"geometry":{"type":"Polygon","coordinates":[[[75.38334840966976,11.959120038874602],[75.3833484097596,11.950441809367653],[75.38334840959106,11.950002389655346],[75.37728061570033,11.950002389981371],[75.36864258539522,11.950002389747528],[75.36668174045012,11.9500023904228],[75.3666817403696,11.950441809096855],[75.36668174003027,11.959120039342029],[75.3666817397561,11.966669059606025],[75.36864258534428,11.966669060083046],[75.37728061634867,11.96666905973222],[75.38334840973233,11.966669060380658],[75.38334840966976,11.959120038874602]]]}},{"type":"Feature","properties":{"grid":"I3","height":244,"airport":"Kannur"},"geometry":{"type":"Polygon","coordinates":[[[75.40001507976753,11.959120039418066],[75.40001507960002,11.950441808612304],[75.40001508010316,11.950002389703338],[75.39455667816576,11.950002389661837],[75.38591864729595,11.950002389650896],[75.38334840959106,11.950002389655346],[75.3833484097596,11.950441809367653],[75.38334840966976,11.959120038874602],[75.38334840973233,11.966669060380658],[75.38591864681125,11.966669060279518],[75.39455667838573,11.966669059912773],[75.40001508016779,11.966669059769636],[75.40001507976753,11.959120039418066]]]}},{"type":"Feature","properties":{"grid":"I4","height":244,"airport":"Kannur"},"geometry":{"type":"Polygon","coordinates":[[[75.41668174994143,11.959120039154847],[75.41668175043208,11.950441808629128],[75.41668174976854,11.950002389656047],[75.41183273975905,11.950002389795737],[75.40319470904748,11.950002390011925],[75.40001508010316,11.950002389703338],[75.40001507960002,11.950441808612304],[75.40001507976753,11.959120039418066],[75.40001508016779,11.966669059769636],[75.4031947090571,11.966669060442074],[75.41183273956047,11.966669060056468],[75.41668174976712,11.966669059573979],[75.41668174994143,11.959120039154847]]]}},{"type":"Feature","properties":{"grid":"I5","height":244,"airport":"Kannur"},"geometry":{"type":"Polygon","coordinates":[[[75.43334841981323,11.959120038979945],[75.43334842003932,11.950441809411538],[75.43334842004577,11.950002390405878],[75.42910880270816,11.950002390369002],[75.42047077195792,11.95000238991378],[75.41668174976854,11.950002389656047],[75.41668175043208,11.950441808629128],[75.41668174994143,11.959120039154847],[75.41668174976712,11.966669059573979],[75.42047077155344,11.96666905965642],[75.42910880301979,11.96666906014783],[75.43334841998806,11.966669059781776],[75.43334841981323,11.959120038979945]]]}},{"type":"Feature","properties":{"grid":"I6","height":244,"airport":"Kannur"},"geometry":{"type":"Polygon","coordinates":[[[75.45001508992188,11.959120038882356],[75.45001508987606,11.950441809138555],[75.45001508963382,11.950002390135932],[75.44638486464592,11.950002389565231],[75.4377468336644,11.950002390253221],[75.43334842004577,11.950002390405878],[75.43334842003932,11.950441809411538],[75.43334841981323,11.959120038979945],[75.43334841998806,11.966669059781776],[75.43774683377602,11.966669059720934],[75.44638486456279,11.966669060181822],[75.45001509045129,11.966669060383238],[75.45001508992188,11.959120038882356]]]}},{"type":"Feature","properties":{"grid":"I7","height":244,"airport":"Kannur"},"geometry":{"type":"Polygon","coordinates":[[[75.4666817598878,11.959120038851994],[75.46668175956385,11.950441808704431],[75.46668175999112,11.95000238973758],[75.4636609268861,11.950002390083647],[75.45502289639332,11.950002390111],[75.45001508963382,11.950002390135932],[75.45001508987606,11.950441809138555],[75.45001508992188,11.959120038882356],[75.45001509045129,11.966669060383238],[75.45502289611497,11.966669059719182],[75.46366092733638,11.966669060141866],[75.46668175985593,11.966669059561227],[75.4666817598878,11.959120038851994]]]}},{"type":"Feature","properties":{"grid":"I8","height":184,"airport":"Kannur"},"geometry":{"type":"Polygon","coordinates":[[[75.48334843024993,11.959120038876947],[75.48334842964293,11.950441809001576],[75.48334842982104,11.950002390106206],[75.48093698889832,11.950002390104272],[75.47229895778187,11.95000239038328],[75.46668175999112,11.95000238973758],[75.46668175956385,11.950441808704431],[75.4666817598878,11.959120038851994],[75.46668175985593,11.966669059561227],[75.47229895804327,11.966669059640054],[75.48093698897654,11.966669060019555],[75.48334842966409,11.966669060015303],[75.48334843024993,11.959120038876947]]]}},{"type":"Feature","properties":{"grid":"I9","height":184,"airport":"Kannur"},"geometry":{"type":"Polygon","coordinates":[[[75.50001509971023,11.959120038947953],[75.500015099732,11.950441809114805],[75.50001509966067,11.95000239032519],[75.49821305199185,11.950002389612159],[75.48957502097471,11.950002390148045],[75.48334842982104,11.950002390106206],[75.48334842964293,11.950441809001576],[75.48334843024993,11.959120038876947],[75.48334842966409,11.966669060015303],[75.48957502087245,11.966669060373167],[75.49821305171167,11.966669059798452],[75.50001510041174,11.966669059924362],[75.50001509971023,11.959120038947953]]]}},{"type":"Feature","properties":{"grid":"I10","height":154,"airport":"Kannur"},"geometry":{"type":"Polygon","coordinates":[[[75.51668176972599,11.959120039050697],[75.5166817703696,11.950441809031293],[75.51668177004863,11.950002390381703],[75.5154891138057,11.950002390406942],[75.50685108269073,11.95000239030233],[75.50001509966067,11.95000239032519],[75.500015099732,11.950441809114805],[75.50001509971023,11.959120038947953],[75.50001510041174,11.966669059924362],[75.50685108315378,11.966669060099472],[75.51548911409795,11.96666906037219],[75.51668176988417,11.966669060184753],[75.51668176972599,11.959120039050697]]]}},{"type":"Feature","properties":{"grid":"I11","height":134,"airport":"Kannur"},"geometry":{"type":"Polygon","coordinates":[[[75.53334843991762,11.959120039173532],[75.53334844025751,11.950441808741191],[75.53334843968662,11.950002390265857],[75.53276517564414,11.950002389759833],[75.52412714515599,11.950002389924563],[75.51668177004863,11.950002390381703],[75.5166817703696,11.950441809031293],[75.51668176972599,11.959120039050697],[75.51668176988417,11.966669060184753],[75.5241271452802,11.966669059709249],[75.53276517560487,11.966669059919601],[75.53334844045561,11.966669059875644],[75.53334843991762,11.959120039173532]]]}},{"type":"Feature","properties":{"grid":"I12","height":134,"airport":"Kannur"},"geometry":{"type":"Polygon","coordinates":[[[75.55001510990549,11.959120039304503],[75.55001510993608,11.950441809135206],[75.55001511003161,11.950002389962302],[75.54140320692628,11.95000238990787],[75.53334843968662,11.950002390265857],[75.53334844025751,11.950441808741191],[75.53334843991762,11.959120039173532],[75.53334844045561,11.966669059875644],[75.54140320672643,11.966669060094022],[75.55001510991144,11.966669059892842],[75.55001510990549,11.959120039304503]]]}},{"type":"Feature","properties":{"grid":"I13","height":134,"airport":"Kannur"},"geometry":{"type":"Polygon","coordinates":[[[75.56668178022842,11.959120039429523],[75.56668177994212,11.950441809294942],[75.56668177978716,11.95000239036477],[75.55867927022936,11.950002390233658],[75.55004123882168,11.95000239036715],[75.55001511003161,11.950002389962302],[75.55001510993608,11.950441809135206],[75.55001510990549,11.959120039304503],[75.55001510991144,11.966669059892842],[75.55004123938268,11.966669060229204],[75.55867926971908,11.966669060330851],[75.56668177970914,11.966669060220509],[75.56668178022842,11.959120039429523]]]}},{"type":"Feature","properties":{"grid":"I14","height":134,"airport":"Kannur"},"geometry":{"type":"Polygon","coordinates":[[[75.58334844958634,11.959120038633476],[75.58334844989572,11.95044180920772],[75.58334845040649,11.950002389648333],[75.57595533178065,11.95000238998934],[75.56731730097044,11.950002390410278],[75.56668177978716,11.95000239036477],[75.56668177994212,11.950441809294942],[75.56668178022842,11.959120039429523],[75.56668177970914,11.966669060220509],[75.56731730122873,11.966669060390235],[75.57595533189404,11.966669060409515],[75.58334845038584,11.966669059939704],[75.58334844958634,11.959120038633476]]]}},{"type":"Feature","properties":{"grid":"I15","height":144,"airport":"Kannur"},"geometry":{"type":"Polygon","coordinates":[[[75.60001512035872,11.959120038706176],[75.60001512033539,11.95044180885851],[75.60001511967667,11.950002389612282],[75.59323139380963,11.950002390059579],[75.58459336339955,11.9500023898717],[75.58334845040649,11.950002389648333],[75.58334844989572,11.95044180920772],[75.58334844958634,11.959120038633476],[75.58334845038584,11.966669059939704],[75.58459336337121,11.966669060383422],[75.59323139364263,11.96666906031416],[75.60001511972699,11.966669059945476],[75.60001512035872,11.959120038706176]]]}},{"type":"Feature","properties":{"grid":"I16","height":154,"airport":"Kannur"},"geometry":{"type":"Polygon","coordinates":[[[75.6166817903271,11.959120038733719],[75.61668178996479,11.950441809140141],[75.61668178997311,11.950002390237387],[75.61050745670721,11.950002390427793],[75.60186942466498,11.95000238964331],[75.60001511967667,11.950002389612282],[75.60001512033539,11.95044180885851],[75.60001512035872,11.959120038706176],[75.60001511972699,11.966669059945476],[75.60186942528296,11.966669060194363],[75.61050745719304,11.966669060024268],[75.6166817901085,11.966669060218555],[75.6166817903271,11.959120038733719]]]}},{"type":"Feature","properties":{"grid":"I17","height":154,"airport":"Kannur"},"geometry":{"type":"Polygon","coordinates":[[[75.63334846003023,11.959120038700338],[75.63334846023885,11.950441809130512],[75.63334845999343,11.950002389703196],[75.62778351902534,11.950002390176598],[75.61914548791275,11.950002389702476],[75.61668178997311,11.950002390237387],[75.61668178996479,11.950441809140141],[75.6166817903271,11.959120038733719],[75.6166817901085,11.966669060218555],[75.61914548827372,11.966669059804278],[75.62778351926478,11.966669060435006],[75.63334846023035,11.966669059842715],[75.63334846003023,11.959120038700338]]]}},{"type":"Feature","properties":{"grid":"I18","height":154,"airport":"Kannur"},"geometry":{"type":"Polygon","coordinates":[[[75.65001513000675,11.959120038589791],[75.65001512985918,11.95044180881749],[75.65001513028017,11.950002389802007],[75.64505958115683,11.95000239019287],[75.63642154986013,11.95000239003989],[75.63334845999343,11.950002389703196],[75.63334846023885,11.950441809130512],[75.63334846003023,11.959120038700338],[75.63334846023035,11.966669059842715],[75.63642154998143,11.966669060106222],[75.64505958116344,11.966669059718422],[75.65001512971502,11.96666905970811],[75.65001513000675,11.959120038589791]]]}},{"type":"Feature","properties":{"grid":"I19","height":154,"airport":"Kannur"},"geometry":{"type":"Polygon","coordinates":[[[75.66668179987916,11.959120039291724],[75.66668180028478,11.950441809086534],[75.66668180045129,11.950002389614948],[75.66233564257192,11.950002389556568],[75.65369761181417,11.950002389731623],[75.65001513028017,11.950002389802007],[75.65001512985918,11.95044180881749],[75.65001513000675,11.959120038589791],[75.65001512971502,11.96666905970811],[75.65369761171381,11.96666906017625],[75.6623356432844,11.9666690596651],[75.66668180001986,11.966669059795924],[75.66668179987916,11.959120039291724]]]}},{"type":"Feature","properties":{"grid":"I20","height":154,"airport":"Kannur"},"geometry":{"type":"Polygon","coordinates":[[[75.68334847018168,11.959120038980458],[75.68334847021512,11.950441809020518],[75.683348470129,11.95000239003137],[75.67961170642084,11.950002390051225],[75.67097367416771,11.950002389663736],[75.66668180045129,11.950002389614948],[75.66668180028478,11.950441809086534],[75.66668179987916,11.959120039291724],[75.66668180001986,11.966669059795924],[75.670973673862,11.96666905999609],[75.67961170601903,11.966669060256514],[75.6833484698469,11.966669060093292],[75.68334847018168,11.959120038980458]]]}},{"type":"Feature","properties":{"grid":"I21","height":214,"airport":"Kannur"},"geometry":{"type":"Polygon","coordinates":[[[75.7000151396206,11.959120039451404],[75.70001514018855,11.950441808601967],[75.70001513984951,11.950002390129516],[75.6968877675796,11.950002389862547],[75.68824973731151,11.950002389817413],[75.683348470129,11.95000239003137],[75.68334847021512,11.950441809020518],[75.68334847018168,11.959120038980458],[75.6833484698469,11.966669060093292],[75.68824973681944,11.966669060451188],[75.6968877679171,11.966669059669549],[75.7000151397327,11.966669059678404],[75.7000151396206,11.959120039451404]]]}},{"type":"Feature","properties":{"grid":"I22","height":244,"airport":"Kannur"},"geometry":{"type":"Polygon","coordinates":[[[75.71668180964834,11.959120038875803],[75.71668180982738,11.950441808719425],[75.71668181015112,11.950002389891317],[75.71416383011464,11.950002389866482],[75.70552579888114,11.950002390180217],[75.70001513984951,11.950002390129516],[75.70001514018855,11.950441808601967],[75.7000151396206,11.959120039451404],[75.7000151397327,11.966669059678404],[75.70552579913587,11.966669059718233],[75.71416383029276,11.966669059691094],[75.71668181022068,11.966669060341722],[75.71668180964834,11.959120038875803]]]}},{"type":"Feature","properties":{"grid":"I23","height":244,"airport":"Kannur"},"geometry":{"type":"Polygon","coordinates":[[[75.73334847988973,11.959120039046002],[75.73334847967006,11.950441809354494],[75.73334847973777,11.950002390207267],[75.73143989166152,11.95000239005004],[75.72280186110169,11.95000238982374],[75.71668181015112,11.950002389891317],[75.71668180982738,11.950441808719425],[75.71668180964834,11.959120038875803],[75.71668181022068,11.966669060341722],[75.72280186120703,11.966669059586186],[75.73143989170039,11.966669060305874],[75.7333484800081,11.966669060260946],[75.73334847988973,11.959120039046002]]]}},{"type":"Feature","properties":{"grid":"J1","height":244,"airport":"Kannur"},"geometry":{"type":"Polygon","coordinates":[[[75.36668173989024,11.941763578951473],[75.36668173985203,11.933335719679588],[75.36000455362367,11.933335720436409],[75.35136652181939,11.93333572009721],[75.35001507004431,11.933335719586632],[75.35001507027981,11.941763579409134],[75.35001507030225,11.95000239020929],[75.35136652203569,11.950002390313548],[75.3600045538073,11.95000238985833],[75.36668174045012,11.9500023904228],[75.36668173989024,11.941763578951473]]]}},{"type":"Feature","properties":{"grid":"J2","height":244,"airport":"Kannur"},"geometry":{"type":"Polygon","coordinates":[[[75.38334841032817,11.941763579056467],[75.38334840956398,11.933335720088666],[75.3772806155715,11.933335719577203],[75.36864258523995,11.933335719660098],[75.36668173985203,11.933335719679588],[75.36668173989024,11.941763578951473],[75.36668174045012,11.9500023904228],[75.36864258539522,11.950002389747528],[75.37728061570033,11.950002389981371],[75.38334840959106,11.950002389655346],[75.38334841032817,11.941763579056467]]]}},{"type":"Feature","properties":{"grid":"J3","height":244,"airport":"Kannur"},"geometry":{"type":"Polygon","coordinates":[[[75.4000150802941,11.94176357881248],[75.40001507971716,11.933335719899771],[75.39455667808352,11.933335719670414],[75.3859186471927,11.93333572018304],[75.38334840956398,11.933335720088666],[75.38334841032817,11.941763579056467],[75.38334840959106,11.950002389655346],[75.38591864729595,11.950002389650896],[75.39455667816576,11.950002389661837],[75.40001508010316,11.950002389703338],[75.4000150802941,11.94176357881248]]]}},{"type":"Feature","properties":{"grid":"J4","height":244,"airport":"Kannur"},"geometry":{"type":"Polygon","coordinates":[[[75.41668175032777,11.941763579113697],[75.41668174993274,11.933335720008309],[75.41183273971234,11.933335719803425],[75.40319470898407,11.933335719845674],[75.40001507971716,11.933335719899771],[75.4000150802941,11.94176357881248],[75.40001508010316,11.950002389703338],[75.40319470904748,11.950002390011925],[75.41183273975905,11.950002389795737],[75.41668174976854,11.950002389656047],[75.41668175032777,11.941763579113697]]]}},{"type":"Feature","properties":{"grid":"J5","height":244,"airport":"Kannur"},"geometry":{"type":"Polygon","coordinates":[[[75.43334842004793,11.941763579046539],[75.43334841983057,11.933335720405026],[75.42910880268526,11.93333571996217],[75.42047077192562,11.933335720444147],[75.41668174993274,11.933335720008309],[75.41668175032777,11.941763579113697],[75.41668174976854,11.950002389656047],[75.42047077195792,11.95000238991378],[75.42910880270816,11.950002390369002],[75.43334842004577,11.950002390405878],[75.43334842004793,11.941763579046539]]]}},{"type":"Feature","properties":{"grid":"J6","height":244,"airport":"Kannur"},"geometry":{"type":"Polygon","coordinates":[[[75.45001508999299,11.941763578599941],[75.4500150899475,11.93333572017457],[75.44638486463768,11.933335720138901],[75.43774683365001,11.93333572016226],[75.43334841983057,11.933335720405026],[75.43334842004793,11.941763579046539],[75.43334842004577,11.950002390405878],[75.4377468336644,11.950002390253221],[75.44638486464592,11.950002389565231],[75.45001508963382,11.950002390135932],[75.45001508999299,11.941763578599941]]]}},{"type":"Feature","properties":{"grid":"J7","height":184,"airport":"Kannur"},"geometry":{"type":"Polygon","coordinates":[[[75.46668175978442,11.941763578668228],[75.46668175990476,11.933335720211232],[75.4636609268785,11.93333572031994],[75.45502289638586,11.933335719889453],[75.4500150899475,11.93333572017457],[75.45001508999299,11.941763578599941],[75.45001508963382,11.950002390135932],[75.45502289639332,11.950002390111],[75.4636609268861,11.950002390083647],[75.46668175999112,11.95000238973758],[75.46668175978442,11.941763578668228]]]}},{"type":"Feature","properties":{"grid":"J8","height":184,"airport":"Kannur"},"geometry":{"type":"Polygon","coordinates":[[[75.48334842996074,11.941763579239433],[75.483348430239,11.933335719598782],[75.48093698887824,11.933335719589603],[75.47229895776853,11.933335719617535],[75.46668175990476,11.933335720211232],[75.46668175978442,11.941763578668228],[75.46668175999112,11.95000238973758],[75.47229895778187,11.95000239038328],[75.48093698889832,11.950002390104272],[75.48334842982104,11.950002390106206],[75.48334842996074,11.941763579239433]]]}},{"type":"Feature","properties":{"grid":"J9","height":134,"airport":"Kannur"},"geometry":{"type":"Polygon","coordinates":[[[75.50001510014042,11.94176357939844],[75.50001509965489,11.933335720136643],[75.49821305194884,11.933335719741601],[75.48957502094525,11.933335720233204],[75.483348430239,11.933335719598782],[75.48334842996074,11.941763579239433],[75.48334842982104,11.950002390106206],[75.48957502097471,11.950002390148045],[75.49821305199185,11.950002389612159],[75.50001509966067,11.95000239032519],[75.50001510014042,11.94176357939844]]]}},{"type":"Feature","properties":{"grid":"J10","height":134,"airport":"Kannur"},"geometry":{"type":"Polygon","coordinates":[[[75.51668176994333,11.94176357913411],[75.5166817696057,11.933335720001851],[75.51548911372414,11.933335719862642],[75.50685108262982,11.933335719920523],[75.50001509965489,11.933335720136643],[75.50001510014042,11.94176357939844],[75.50001509966067,11.95000239032519],[75.50685108269073,11.95000239030233],[75.5154891138057,11.950002390406942],[75.51668177004863,11.950002390381703],[75.51668176994333,11.94176357913411]]]}},{"type":"Feature","properties":{"grid":"J11","height":134,"airport":"Kannur"},"geometry":{"type":"Polygon","coordinates":[[[75.53334843990959,11.941763579337547],[75.53334843971288,11.933335720087129],[75.53276517643127,11.933335719935185],[75.52412714505097,11.93333571956658],[75.5166817696057,11.933335720001851],[75.51668176994333,11.94176357913411],[75.51668177004863,11.950002390381703],[75.52412714515599,11.950002389924563],[75.53276517564414,11.950002389759833],[75.53334843968662,11.950002390265857],[75.53334843990959,11.941763579337547]]]}},{"type":"Feature","properties":{"grid":"J12","height":134,"airport":"Kannur"},"geometry":{"type":"Polygon","coordinates":[[[75.5500151096574,11.941763579092537],[75.55001510959623,11.933335720380565],[75.54140320676416,11.933335720064514],[75.53334843971288,11.933335720087129],[75.53334843990959,11.941763579337547],[75.53334843968662,11.950002390265857],[75.54140320692628,11.95000238990787],[75.55001511003161,11.950002389962302],[75.5500151096574,11.941763579092537]]]}},{"type":"Feature","properties":{"grid":"J13","height":134,"airport":"Kannur"},"geometry":{"type":"Polygon","coordinates":[[[75.56668177972688,11.941763579289283],[75.56668177979202,11.933335719963768],[75.55867926999301,11.93333571958714],[75.55004123862393,11.933335719947815],[75.55001510959623,11.933335720380565],[75.5500151096574,11.941763579092537],[75.55001511003161,11.950002389962302],[75.55004123882168,11.95000239036715],[75.55867927022936,11.950002390233658],[75.56668177978716,11.95000239036477],[75.56668177972688,11.941763579289283]]]}},{"type":"Feature","properties":{"grid":"J14","height":124,"airport":"Kannur"},"geometry":{"type":"Polygon","coordinates":[[[75.5833484497361,11.941763579010798],[75.5833484499218,11.933335719728353],[75.57595533237644,11.93333571993292],[75.5673173006925,11.933335719885346],[75.56668177979202,11.933335719963768],[75.56668177972688,11.941763579289283],[75.56668177978716,11.95000239036477],[75.56731730097044,11.950002390410278],[75.57595533178065,11.95000238998934],[75.58334845040649,11.950002389648333],[75.5833484497361,11.941763579010798]]]}},{"type":"Feature","properties":{"grid":"J15","height":134,"airport":"Kannur"},"geometry":{"type":"Polygon","coordinates":[[[75.6000151202253,11.941763579146397],[75.6000151196053,11.933335719661299],[75.59323139430302,11.933335720181661],[75.58459336302734,11.933335719732028],[75.5833484499218,11.933335719728353],[75.5833484497361,11.941763579010798],[75.58334845040649,11.950002389648333],[75.58459336339955,11.9500023898717],[75.59323139380963,11.950002390059579],[75.60001511967667,11.950002389612282],[75.6000151202253,11.941763579146397]]]}},{"type":"Feature","properties":{"grid":"J16","height":134,"airport":"Kannur"},"geometry":{"type":"Polygon","coordinates":[[[75.616681789894,11.941763578780293],[75.61668179029895,11.933335719745273],[75.6105074570814,11.933335720314938],[75.60186942510242,11.933335720377816],[75.6000151196053,11.933335719661299],[75.6000151202253,11.941763579146397],[75.60001511967667,11.950002389612282],[75.60186942466498,11.95000238964331],[75.61050745670721,11.950002390427793],[75.61668178997311,11.950002390237387],[75.616681789894,11.941763578780293]]]}},{"type":"Feature","properties":{"grid":"J17","height":154,"airport":"Kannur"},"geometry":{"type":"Polygon","coordinates":[[[75.63334846020085,11.941763578799012],[75.63334845978582,11.933335719970447],[75.6277835192652,11.933335720319729],[75.61914548822246,11.933335719995368],[75.61668179029895,11.933335719745273],[75.616681789894,11.941763578780293],[75.61668178997311,11.950002390237387],[75.61914548791275,11.950002389702476],[75.62778351902534,11.950002390176598],[75.63334845999343,11.950002389703196],[75.63334846020085,11.941763578799012]]]}},{"type":"Feature","properties":{"grid":"J18","height":154,"airport":"Kannur"},"geometry":{"type":"Polygon","coordinates":[[[75.65001512984743,11.9417635791904],[75.65001513044056,11.9333357203165],[75.64505958124467,11.933335720178642],[75.63642155002675,11.933335720382079],[75.63334845978582,11.933335719970447],[75.63334846020085,11.941763578799012],[75.63334845999343,11.950002389703196],[75.63642154986013,11.95000239003989],[75.64505958115683,11.95000239019287],[75.65001513028017,11.950002389802007],[75.65001512984743,11.9417635791904]]]}},{"type":"Feature","properties":{"grid":"J19","height":154,"airport":"Kannur"},"geometry":{"type":"Polygon","coordinates":[[[75.66668180028816,11.941763579031372],[75.66668180004399,11.933335719868758],[75.66233564341006,11.93333571987373],[75.65369761181975,11.933335719709762],[75.65001513044056,11.9333357203165],[75.65001512984743,11.9417635791904],[75.65001513028017,11.950002389802007],[75.65369761181417,11.950002389731623],[75.66233564257192,11.950002389556568],[75.66668180045129,11.950002389614948],[75.66668180028816,11.941763579031372]]]}},{"type":"Feature","properties":{"grid":"J20","height":154,"airport":"Kannur"},"geometry":{"type":"Polygon","coordinates":[[[75.68334847022666,11.941763579213395],[75.68334847005681,11.933335720416629],[75.67961170615385,11.933335720290817],[75.67097367399596,11.933335719768774],[75.66668180004399,11.933335719868758],[75.66668180028816,11.941763579031372],[75.66668180045129,11.950002389614948],[75.67097367416771,11.950002389663736],[75.67961170642084,11.950002390051225],[75.683348470129,11.95000239003137],[75.68334847022666,11.941763579213395]]]}},{"type":"Feature","properties":{"grid":"J21","height":214,"airport":"Kannur"},"geometry":{"type":"Polygon","coordinates":[[[75.70001514019887,11.941763578814694],[75.70001514009415,11.933335720136157],[75.69688776802509,11.933335719606829],[75.68824973694345,11.93333571963606],[75.68334847005681,11.933335720416629],[75.68334847022666,11.941763579213395],[75.683348470129,11.95000239003137],[75.68824973731151,11.950002389817413],[75.6968877675796,11.950002389862547],[75.70001513984951,11.950002390129516],[75.70001514019887,11.941763578814694]]]}},{"type":"Feature","properties":{"grid":"J22","height":244,"airport":"Kannur"},"geometry":{"type":"Polygon","coordinates":[[[75.71668180982682,11.94176357872384],[75.71668180977785,11.933335719915947],[75.71416383033684,11.933335719608696],[75.70552579921807,11.933335720201187],[75.70001514009415,11.933335720136157],[75.70001514019887,11.941763578814694],[75.70001513984951,11.950002390129516],[75.70552579888114,11.950002390180217],[75.71416383011464,11.950002389866482],[75.71668181015112,11.950002389891317],[75.71668180982682,11.94176357872384]]]}},{"type":"Feature","properties":{"grid":"J23","height":244,"airport":"Kannur"},"geometry":{"type":"Polygon","coordinates":[[[75.73334847964871,11.941763578922458],[75.73334847964578,11.933335719737633],[75.73143989164276,11.933335720281228],[75.72280186120533,11.933335719636027],[75.71668180977785,11.933335719915947],[75.71668180982682,11.94176357872384],[75.71668181015112,11.950002389891317],[75.72280186110169,11.95000238982374],[75.73143989166152,11.95000239005004],[75.73334847973777,11.950002390207267],[75.73334847964871,11.941763578922458]]]}},{"type":"Feature","properties":{"grid":"K1","height":244,"airport":"Kannur"},"geometry":{"type":"Polygon","coordinates":[[[75.36668174042924,11.933085348907111],[75.36668174014892,11.924407118065512],[75.36668173980419,11.916669050112777],[75.36000455434427,11.91666905037891],[75.35136652178166,11.916669050146877],[75.35001506985239,11.916669050133894],[75.35001507004705,11.924407118390064],[75.35001507030401,11.933085349299557],[75.35001507004431,11.933335719586632],[75.35136652181939,11.93333572009721],[75.36000455362367,11.933335720436409],[75.36668173985203,11.933335719679588],[75.36668174042924,11.933085348907111]]]}},{"type":"Feature","properties":{"grid":"K2","height":244,"airport":"Kannur"},"geometry":{"type":"Polygon","coordinates":[[[75.38334841045855,11.933085348850275],[75.38334841014981,11.924407117848387],[75.38334840965042,11.9166690498978],[75.37728061596643,11.916669050354187],[75.36864258488035,11.916669049846613],[75.36668173980419,11.916669050112777],[75.36668174014892,11.924407118065512],[75.36668174042924,11.933085348907111],[75.36668173985203,11.933335719679588],[75.36864258523995,11.933335719660098],[75.3772806155715,11.933335719577203],[75.38334840956398,11.933335720088666],[75.38334841045855,11.933085348850275]]]}},{"type":"Feature","properties":{"grid":"K3","height":244,"airport":"Kannur"},"geometry":{"type":"Polygon","coordinates":[[[75.40001508001187,11.933085349120581],[75.40001507966942,11.924407117730254],[75.40001507993018,11.916669050383481],[75.3945566781409,11.916669049964312],[75.38591864741925,11.916669050091885],[75.38334840965042,11.9166690498978],[75.38334841014981,11.924407117848387],[75.38334841045855,11.933085348850275],[75.38334840956398,11.933335720088666],[75.3859186471927,11.93333572018304],[75.39455667808352,11.933335719670414],[75.40001507971716,11.933335719899771],[75.40001508001187,11.933085349120581]]]}},{"type":"Feature","properties":{"grid":"K4","height":244,"airport":"Kannur"},"geometry":{"type":"Polygon","coordinates":[[[75.41668174962611,11.933085348803559],[75.41668175016412,11.924407117699625],[75.41668175026031,11.916669049752285],[75.41183274034071,11.916669050103966],[75.40319470886888,11.916669049969135],[75.40001507993018,11.916669050383481],[75.40001507966942,11.924407117730254],[75.40001508001187,11.933085349120581],[75.40001507971716,11.933335719899771],[75.40319470898407,11.933335719845674],[75.41183273971234,11.933335719803425],[75.41668174993274,11.933335720008309],[75.41668174962611,11.933085348803559]]]}},{"type":"Feature","properties":{"grid":"K5","height":244,"airport":"Kannur"},"geometry":{"type":"Polygon","coordinates":[[[75.43334841984084,11.933085348792869],[75.43334842033524,11.924407117748489],[75.43334842026296,11.916669049803602],[75.42910880295462,11.916669049857443],[75.42047077237558,11.916669050367638],[75.41668175026031,11.916669049752285],[75.41668175016412,11.924407117699625],[75.41668174962611,11.933085348803559],[75.41668174993274,11.933335720008309],[75.42047077192562,11.933335720444147],[75.42910880268526,11.93333571996217],[75.43334841983057,11.933335720405026],[75.43334841984084,11.933085348792869]]]}},{"type":"Feature","properties":{"grid":"K6","height":244,"airport":"Kannur"},"geometry":{"type":"Polygon","coordinates":[[[75.45001509027594,11.933085349078818],[75.45001508980242,11.924407117867302],[75.45001508955623,11.916669049623584],[75.44638486545571,11.916669050118568],[75.43774683373645,11.916669050378175],[75.43334842026296,11.916669049803602],[75.43334842033524,11.924407117748489],[75.43334841984084,11.933085348792869],[75.43334841983057,11.933335720405026],[75.43774683365001,11.93333572016226],[75.44638486463768,11.933335720138901],[75.4500150899475,11.93333572017457],[75.45001509027594,11.933085349078818]]]}},{"type":"Feature","properties":{"grid":"K7","height":184,"airport":"Kannur"},"geometry":{"type":"Polygon","coordinates":[[[75.46668175963143,11.93308534874853],[75.46668176002201,11.924407118043161],[75.46668175959768,11.916669050103634],[75.4636609273143,11.916669049972187],[75.45502289609641,11.916669049984609],[75.45001508955623,11.916669049623584],[75.45001508980242,11.924407117867302],[75.45001509027594,11.933085349078818],[75.4500150899475,11.93333572017457],[75.45502289638586,11.933335719889453],[75.4636609268785,11.93333572031994],[75.46668175990476,11.933335720211232],[75.46668175963143,11.93308534874853]]]}},{"type":"Feature","properties":{"grid":"K8","height":184,"airport":"Kannur"},"geometry":{"type":"Polygon","coordinates":[[[75.48334843028366,11.933085348691465],[75.48334842969528,11.92440711826714],[75.48334843000528,11.916669050328956],[75.48093698892187,11.916669050309922],[75.4722989580103,11.91666905008155],[75.46668175959768,11.916669050103634],[75.46668176002201,11.924407118043161],[75.46668175963143,11.93308534874853],[75.46668175990476,11.933335720211232],[75.47229895776853,11.933335719617535],[75.48093698887824,11.933335719589603],[75.483348430239,11.933335719598782],[75.48334843028366,11.933085348691465]]]}},{"type":"Feature","properties":{"grid":"K9","height":134,"airport":"Kannur"},"geometry":{"type":"Polygon","coordinates":[[[75.5000151000158,11.933085348899867],[75.50001510027687,11.924407117621033],[75.5000151003984,11.91666905028874],[75.49821305158518,11.916669050212523],[75.4895750207849,11.916669049750084],[75.48334843000528,11.916669050328956],[75.48334842969528,11.92440711826714],[75.48334843028366,11.933085348691465],[75.483348430239,11.933335719598782],[75.48957502094525,11.933335720233204],[75.49821305194884,11.933335719741601],[75.50001509965489,11.933335720136643],[75.5000151000158,11.933085348899867]]]}},{"type":"Feature","properties":{"grid":"K10","height":134,"airport":"Kannur"},"geometry":{"type":"Polygon","coordinates":[[[75.51668177028439,11.93308534935939],[75.51668176955296,11.924407117905545],[75.51668177039639,11.916669049971881],[75.51548911385747,11.916669049669363],[75.50685108297519,11.916669049884096],[75.5000151003984,11.91666905028874],[75.50001510027687,11.924407117621033],[75.5000151000158,11.933085348899867],[75.50001509965489,11.933335720136643],[75.50685108262982,11.933335719920523],[75.51548911372414,11.933335719862642],[75.5166817696057,11.933335720001851],[75.51668177028439,11.93308534935939]]]}},{"type":"Feature","properties":{"grid":"K11","height":0,"airport":"Kannur"},"geometry":{"type":"Polygon","coordinates":[[[75.53334843978914,11.933085349155892],[75.53334843989649,11.924407118199863],[75.53334843962038,11.916669050271256],[75.53276517613038,11.916669049570517],[75.52412714496947,11.91666904956531],[75.51668177039639,11.916669049971881],[75.51668176955296,11.924407117905545],[75.51668177028439,11.93308534935939],[75.5166817696057,11.933335720001851],[75.52412714505097,11.93333571956658],[75.53276517643127,11.933335719935185],[75.53334843971288,11.933335720087129],[75.53334843978914,11.933085349155892]]]}},{"type":"Feature","properties":{"grid":"K12","height":0,"airport":"Kannur"},"geometry":{"type":"Polygon","coordinates":[[[75.55001510998822,11.933085349178336],[75.55001511000692,11.924407117589414],[75.55001511044291,11.916669050265444],[75.54140320715938,11.91666904968356],[75.53334843962038,11.916669050271256],[75.53334843989649,11.924407118199863],[75.53334843978914,11.933085349155892],[75.53334843971288,11.933335720087129],[75.54140320676416,11.933335720064514],[75.55001510959623,11.933335720380565],[75.55001510998822,11.933085349178336]]]}},{"type":"Feature","properties":{"grid":"K13","height":0,"airport":"Kannur"},"geometry":{"type":"Polygon","coordinates":[[[75.56668177958308,11.933085349416164],[75.56668178042568,11.924407117868755],[75.56668177972846,11.916669049947467],[75.55867926993493,11.916669050223744],[75.55004123879394,11.916669049901197],[75.55001511044291,11.916669050265444],[75.55001511000692,11.924407117589414],[75.55001510998822,11.933085349178336],[75.55001510959623,11.933335720380565],[75.55004123862393,11.933335719947815],[75.55867926999301,11.93333571958714],[75.56668177979202,11.933335719963768],[75.56668177958308,11.933085349416164]]]}},{"type":"Feature","properties":{"grid":"K14","height":0,"airport":"Kannur"},"geometry":{"type":"Polygon","coordinates":[[[75.58334845002824,11.933085348948755],[75.58334844985221,11.924407118122776],[75.58334844985305,11.916669050203552],[75.57595533184758,11.916669050269705],[75.56731730131793,11.916669049743607],[75.56668177972846,11.916669049947467],[75.56668178042568,11.924407117868755],[75.56668177958308,11.933085349416164],[75.56668177979202,11.933335719963768],[75.5673173006925,11.933335719885346],[75.57595533237644,11.93333571993292],[75.5833484499218,11.933335719728353],[75.58334845002824,11.933085348948755]]]}},{"type":"Feature","properties":{"grid":"K15","height":134,"airport":"Kannur"},"geometry":{"type":"Polygon","coordinates":[[[75.60001512002691,11.933085348669177],[75.60001511974265,11.924407118334749],[75.60001512043418,11.916669050116266],[75.5932313942054,11.916669049803676],[75.58459336317581,11.916669049988199],[75.58334844985305,11.916669050203552],[75.58334844985221,11.924407118122776],[75.58334845002824,11.933085348948755],[75.5833484499218,11.933335719728353],[75.58459336302734,11.933335719732028],[75.59323139430302,11.933335720181661],[75.6000151196053,11.933335719661299],[75.60001512002691,11.933085348669177]]]}},{"type":"Feature","properties":{"grid":"K16","height":134,"airport":"Kannur"},"geometry":{"type":"Polygon","coordinates":[[[75.61668179011721,11.93308534856211],[75.61668178971448,11.924407117586892],[75.61668179017282,11.916669049674134],[75.6105074574002,11.916669049713379],[75.60186942475553,11.916669049714589],[75.60001512043418,11.916669050116266],[75.60001511974265,11.924407118334749],[75.60001512002691,11.933085348669177],[75.6000151196053,11.933335719661299],[75.60186942510242,11.933335720377816],[75.6105074570814,11.933335720314938],[75.61668179029895,11.933335719745273],[75.61668179011721,11.93308534856211]]]}},{"type":"Feature","properties":{"grid":"K17","height":184,"airport":"Kannur"},"geometry":{"type":"Polygon","coordinates":[[[75.63334845991882,11.933085348613746],[75.63334846030943,11.924407117671954],[75.63334845960854,11.916669049765796],[75.627783519067,11.916669049987817],[75.61914548828545,11.916669049806318],[75.61668179017282,11.916669049674134],[75.61668178971448,11.924407117586892],[75.61668179011721,11.93308534856211],[75.61668179029895,11.933335719745273],[75.61914548822246,11.933335719995368],[75.6277835192652,11.933335720319729],[75.63334845978582,11.933335719970447],[75.63334845991882,11.933085348613746]]]}},{"type":"Feature","properties":{"grid":"K18","height":184,"airport":"Kannur"},"geometry":{"type":"Polygon","coordinates":[[[75.6500151299698,11.93308534880787],[75.65001513022672,11.924407117673507],[75.65001513019733,11.916669050372901],[75.6450595814301,11.916669049701305],[75.63642154956403,11.916669050256198],[75.63334845960854,11.916669049765796],[75.63334846030943,11.924407117671954],[75.63334845991882,11.933085348613746],[75.63334845978582,11.933335719970447],[75.63642155002675,11.933335720382079],[75.64505958124467,11.933335720178642],[75.65001513044056,11.9333357203165],[75.6500151299698,11.93308534880787]]]}},{"type":"Feature","properties":{"grid":"K19","height":184,"airport":"Kannur"},"geometry":{"type":"Polygon","coordinates":[[[75.66668179988979,11.933085349129897],[75.66668180000407,11.924407117574953],[75.66668179971752,11.916669049676507],[75.66233564304484,11.916669049744387],[75.65369761173382,11.916669050136257],[75.65001513019733,11.916669050372901],[75.65001513022672,11.924407117673507],[75.6500151299698,11.93308534880787],[75.65001513044056,11.9333357203165],[75.65369761181975,11.933335719709762],[75.66233564341006,11.93333571987373],[75.66668180004399,11.933335719868758],[75.66668179988979,11.933085349129897]]]}},{"type":"Feature","properties":{"grid":"K20","height":184,"airport":"Kannur"},"geometry":{"type":"Polygon","coordinates":[[[75.68334847021453,11.933085348658423],[75.68334847018144,11.924407118263467],[75.68334846963153,11.916669050370318],[75.67961170613758,11.916669050094345],[75.67097367426842,11.916669050334614],[75.66668179971752,11.916669049676507],[75.66668180000407,11.924407117574953],[75.66668179988979,11.933085349129897],[75.66668180004399,11.933335719868758],[75.67097367399596,11.933335719768774],[75.67961170615385,11.933335720290817],[75.68334847005681,11.933335720416629],[75.68334847021453,11.933085348658423]]]}},{"type":"Feature","properties":{"grid":"K21","height":244,"airport":"Kannur"},"geometry":{"type":"Polygon","coordinates":[[[75.70001513964975,11.933085349188932],[75.70001514037374,11.924407117915154],[75.70001513955182,11.916669049726137],[75.69688776834096,11.916669049834494],[75.68824973663709,11.916669049930471],[75.68334846963153,11.916669050370318],[75.68334847018144,11.924407118263467],[75.68334847021453,11.933085348658423],[75.68334847005681,11.933335720416629],[75.68824973694345,11.93333571963606],[75.69688776802509,11.933335719606829],[75.70001514009415,11.933335720136157],[75.70001513964975,11.933085349188932]]]}},{"type":"Feature","properties":{"grid":"K22","height":244,"airport":"Kannur"},"geometry":{"type":"Polygon","coordinates":[[[75.71668180964718,11.933085348892668],[75.7166818102049,11.924407118322884],[75.71668181002273,11.916669050438816],[75.71416383004697,11.916669049849887],[75.70552579923178,11.916669049809009],[75.70001513955182,11.916669049726137],[75.70001514037374,11.924407117915154],[75.70001513964975,11.933085349188932],[75.70001514009415,11.933335720136157],[75.70552579921807,11.933335720201187],[75.71416383033684,11.933335719608696],[75.71668180977785,11.933335719915947],[75.71668180964718,11.933085348892668]]]}},{"type":"Feature","properties":{"grid":"K23","height":244,"airport":"Kannur"},"geometry":{"type":"Polygon","coordinates":[[[75.73334847982863,11.933085348657777],[75.7333484802079,11.924407117659769],[75.7333484797382,11.916669049781804],[75.73143989164534,11.9166690501207],[75.72280186060568,11.91666904995521],[75.71668181002273,11.916669050438816],[75.7166818102049,11.924407118322884],[75.71668180964718,11.933085348892668],[75.71668180977785,11.933335719915947],[75.72280186120533,11.933335719636027],[75.73143989164276,11.933335720281228],[75.73334847964578,11.933335719737633],[75.73334847982863,11.933085348657777]]]}},{"type":"Feature","properties":{"grid":"L1","height":244,"airport":"Kannur"},"geometry":{"type":"Polygon","coordinates":[[[75.36668173997032,11.915728888237767],[75.36668173989125,11.907050657618864],[75.3666817403059,11.900002379939595],[75.36000455413422,11.900002379714032],[75.35136652192303,11.900002379584091],[75.35001506972587,11.90000238006824],[75.35001506961363,11.907050657802136],[75.35001507042867,11.915728887587505],[75.35001506985239,11.916669050133894],[75.35136652178166,11.916669050146877],[75.36000455434427,11.91666905037891],[75.36668173980419,11.916669050112777],[75.36668173997032,11.915728888237767]]]}},{"type":"Feature","properties":{"grid":"L2","height":244,"airport":"Kannur"},"geometry":{"type":"Polygon","coordinates":[[[75.38334841032311,11.91572888786186],[75.38334841005909,11.907050657991265],[75.38334840985357,11.90000238001289],[75.37728061596492,11.900002379626404],[75.36864258523653,11.900002380331722],[75.3666817403059,11.900002379939595],[75.36668173989125,11.907050657618864],[75.36668173997032,11.915728888237767],[75.36668173980419,11.916669050112777],[75.36864258488035,11.916669049846613],[75.37728061596643,11.916669050354187],[75.38334840965042,11.9166690498978],[75.38334841032311,11.91572888786186]]]}},{"type":"Feature","properties":{"grid":"L3","height":244,"airport":"Kannur"},"geometry":{"type":"Polygon","coordinates":[[[75.40001508019064,11.915728888261171],[75.40001507973521,11.907050658006588],[75.4000150798245,11.900002380277254],[75.39455667833856,11.900002379665029],[75.38591864706049,11.90000238030886],[75.38334840985357,11.90000238001289],[75.38334841005909,11.907050657991265],[75.38334841032311,11.91572888786186],[75.38334840965042,11.9166690498978],[75.38591864741925,11.916669050091885],[75.3945566781409,11.916669049964312],[75.40001507993018,11.916669050383481],[75.40001508019064,11.915728888261171]]]}},{"type":"Feature","properties":{"grid":"L4","height":244,"airport":"Kannur"},"geometry":{"type":"Polygon","coordinates":[[[75.41668175010811,11.915728887616888],[75.41668175037533,11.90705065765335],[75.4166817498365,11.900002379819425],[75.41183273980823,11.900002379821549],[75.40319470870392,11.90000238040813],[75.4000150798245,11.900002380277254],[75.40001507973521,11.907050658006588],[75.40001508019064,11.915728888261171],[75.40001507993018,11.916669050383481],[75.40319470886888,11.916669049969135],[75.41183274034071,11.916669050103966],[75.41668175026031,11.916669049752285],[75.41668175010811,11.915728887616888]]]}},{"type":"Feature","properties":{"grid":"L5","height":184,"airport":"Kannur"},"geometry":{"type":"Polygon","coordinates":[[[75.43334841969762,11.915728887728468],[75.43334841976355,11.907050657829306],[75.43334842042961,11.900002380437446],[75.42910880260004,11.900002380082018],[75.42047077239157,11.9000023797114],[75.4166817498365,11.900002379819425],[75.41668175037533,11.90705065765335],[75.41668175010811,11.915728887616888],[75.41668175026031,11.916669049752285],[75.42047077237558,11.916669050367638],[75.42910880295462,11.916669049857443],[75.43334842026296,11.916669049803602],[75.43334841969762,11.915728887728468]]]}},{"type":"Feature","properties":{"grid":"L6","height":184,"airport":"Kannur"},"geometry":{"type":"Polygon","coordinates":[[[75.45001509041388,11.915728887679066],[75.45001509027252,11.907050657616377],[75.45001509030189,11.900002380314445],[75.44638486526704,11.900002380437213],[75.43774683392442,11.90000238002245],[75.43334842042961,11.900002380437446],[75.43334841976355,11.907050657829306],[75.43334841969762,11.915728887728468],[75.43334842026296,11.916669049803602],[75.43774683373645,11.916669050378175],[75.44638486545571,11.916669050118568],[75.45001508955623,11.916669049623584],[75.45001509041388,11.915728887679066]]]}},{"type":"Feature","properties":{"grid":"L7","height":154,"airport":"Kannur"},"geometry":{"type":"Polygon","coordinates":[[[75.46668176004124,11.915728888365885],[75.46668175968641,11.907050657911734],[75.46668175999204,11.900002380343352],[75.46366092727897,11.900002379972022],[75.45502289644551,11.900002380420808],[75.45001509030189,11.900002380314445],[75.45001509027252,11.907050657616377],[75.45001509041388,11.915728887679066],[75.45001508955623,11.916669049623584],[75.45502289609641,11.916669049984609],[75.4636609273143,11.916669049972187],[75.46668175959768,11.916669050103634],[75.46668176004124,11.915728888365885]]]}},{"type":"Feature","properties":{"grid":"L8","height":144,"airport":"Kannur"},"geometry":{"type":"Polygon","coordinates":[[[75.48334843003265,11.915728887966988],[75.48334843037775,11.907050657796198],[75.4833484300358,11.900002379607992],[75.48093698902682,11.900002379578066],[75.47229895758805,11.900002379993994],[75.46668175999204,11.900002380343352],[75.46668175968641,11.907050657911734],[75.46668176004124,11.915728888365885],[75.46668175959768,11.916669050103634],[75.4722989580103,11.91666905008155],[75.48093698892187,11.916669050309922],[75.48334843000528,11.916669050328956],[75.48334843003265,11.915728887966988]]]}},{"type":"Feature","properties":{"grid":"L9","height":134,"airport":"Kannur"},"geometry":{"type":"Polygon","coordinates":[[[75.50001510001061,11.915728888280182],[75.50001510013072,11.907050658166343],[75.50001510005539,11.900002379906194],[75.49821305181997,11.900002380144745],[75.48957502141599,11.900002379627153],[75.4833484300358,11.900002379607992],[75.48334843037775,11.907050657796198],[75.48334843003265,11.915728887966988],[75.48334843000528,11.916669050328956],[75.4895750207849,11.916669049750084],[75.49821305158518,11.916669050212523],[75.5000151003984,11.91666905028874],[75.50001510001061,11.915728888280182]]]}},{"type":"Feature","properties":{"grid":"L10","height":0,"airport":"Kannur"},"geometry":{"type":"Polygon","coordinates":[[[75.51668176959294,11.915728888390037],[75.5166817703995,11.907050658103605],[75.5166817696683,11.900002380322556],[75.51548911420822,11.900002379852824],[75.50685108281104,11.900002380220442],[75.50001510005539,11.900002379906194],[75.50001510013072,11.907050658166343],[75.50001510001061,11.915728888280182],[75.5000151003984,11.91666905028874],[75.50685108297519,11.916669049884096],[75.51548911385747,11.916669049669363],[75.51668177039639,11.916669049971881],[75.51668176959294,11.915728888390037]]]}},{"type":"Feature","properties":{"grid":"L11","height":0,"airport":"Kannur"},"geometry":{"type":"Polygon","coordinates":[[[75.53334844023556,11.915728888281679],[75.53334843988488,11.907050657598102],[75.53334844032825,11.900002379937881],[75.53276517566435,11.90000237959414],[75.5241271449141,11.900002379946514],[75.5166817696683,11.900002380322556],[75.5166817703995,11.907050658103605],[75.51668176959294,11.915728888390037],[75.51668177039639,11.916669049971881],[75.52412714496947,11.91666904956531],[75.53276517613038,11.916669049570517],[75.53334843962038,11.916669050271256],[75.53334844023556,11.915728888281679]]]}},{"type":"Feature","properties":{"grid":"L12","height":0,"airport":"Kannur"},"geometry":{"type":"Polygon","coordinates":[[[75.5500151097212,11.915728887946617],[75.55001511004609,11.907050658443163],[75.55001510981946,11.900002379648017],[75.54140320719804,11.900002379696804],[75.53334844032825,11.900002379937881],[75.53334843988488,11.907050657598102],[75.53334844023556,11.915728888281679],[75.53334843962038,11.916669050271256],[75.54140320715938,11.91666904968356],[75.55001511044291,11.916669050265444],[75.5500151097212,11.915728887946617]]]}},{"type":"Feature","properties":{"grid":"L13","height":0,"airport":"Kannur"},"geometry":{"type":"Polygon","coordinates":[[[75.56668178042592,11.915728888271568],[75.56668177957864,11.90705065791535],[75.56668177959925,11.900002380341542],[75.55867927005414,11.900002380360569],[75.55004123933436,11.90000238025301],[75.55001510981946,11.900002379648017],[75.55001511004609,11.907050658443163],[75.5500151097212,11.915728887946617],[75.55001511044291,11.916669050265444],[75.55004123879394,11.916669049901197],[75.55867926993493,11.916669050223744],[75.56668177972846,11.916669049947467],[75.56668178042592,11.915728888271568]]]}},{"type":"Feature","properties":{"grid":"L14","height":134,"airport":"Kannur"},"geometry":{"type":"Polygon","coordinates":[[[75.58334845013064,11.915728888343203],[75.58334844994178,11.907050657806977],[75.58334845020114,11.900002380195307],[75.57595533203168,11.900002380117334],[75.56731730101292,11.900002380014415],[75.56668177959925,11.900002380341542],[75.56668177957864,11.90705065791535],[75.56668178042592,11.915728888271568],[75.56668177972846,11.916669049947467],[75.56731730131793,11.916669049743607],[75.57595533184758,11.916669050269705],[75.58334844985305,11.916669050203552],[75.58334845013064,11.915728888343203]]]}},{"type":"Feature","properties":{"grid":"L15","height":134,"airport":"Kannur"},"geometry":{"type":"Polygon","coordinates":[[[75.60001512029122,11.915728888144795],[75.60001511983646,11.907050658106833],[75.60001512032767,11.900002380102423],[75.59323139444007,11.900002379853664],[75.58459336292763,11.900002379763482],[75.58334845020114,11.900002380195307],[75.58334844994178,11.907050657806977],[75.58334845013064,11.915728888343203],[75.58334844985305,11.916669050203552],[75.58459336317581,11.916669049988199],[75.5932313942054,11.916669049803676],[75.60001512043418,11.916669050116266],[75.60001512029122,11.915728888144795]]]}},{"type":"Feature","properties":{"grid":"L16","height":154,"airport":"Kannur"},"geometry":{"type":"Polygon","coordinates":[[[75.61668178960862,11.91572888766487],[75.61668178979804,11.907050657895343],[75.61668178959779,11.900002380049616],[75.61050745675047,11.900002379555005],[75.60186942455168,11.900002380390193],[75.60001512032767,11.900002380102423],[75.60001511983646,11.907050658106833],[75.60001512029122,11.915728888144795],[75.60001512043418,11.916669050116266],[75.60186942475553,11.916669049714589],[75.6105074574002,11.916669049713379],[75.61668179017282,11.916669049674134],[75.61668178960862,11.91572888766487]]]}},{"type":"Feature","properties":{"grid":"L17","height":214,"airport":"Kannur"},"geometry":{"type":"Polygon","coordinates":[[[75.63334845954071,11.915728887789978],[75.63334846036584,11.907050658060937],[75.63334846038508,11.90000238001708],[75.6277835193543,11.900002380108708],[75.61914548810691,11.900002380065256],[75.61668178959779,11.900002380049616],[75.61668178979804,11.907050657895343],[75.61668178960862,11.91572888766487],[75.61668179017282,11.916669049674134],[75.61914548828545,11.916669049806318],[75.627783519067,11.916669049987817],[75.63334845960854,11.916669049765796],[75.63334845954071,11.915728887789978]]]}},{"type":"Feature","properties":{"grid":"L18","height":244,"airport":"Kannur"},"geometry":{"type":"Polygon","coordinates":[[[75.6500151297047,11.9157288876016],[75.65001513023857,11.907050657687261],[75.65001512955376,11.900002379996799],[75.64505958080028,11.90000237969288],[75.63642155031168,11.900002379683716],[75.63334846038508,11.90000238001708],[75.63334846036584,11.907050658060937],[75.63334845954071,11.915728887789978],[75.63334845960854,11.916669049765796],[75.63642154956403,11.916669050256198],[75.6450595814301,11.916669049701305],[75.65001513019733,11.916669050372901],[75.6500151297047,11.9157288876016]]]}},{"type":"Feature","properties":{"grid":"L19","height":244,"airport":"Kannur"},"geometry":{"type":"Polygon","coordinates":[[[75.66668179972199,11.915728887989447],[75.66668179995565,11.907050657661994],[75.66668180039564,11.900002379965887],[75.6623356433184,11.90000238009409],[75.65369761155746,11.900002380132408],[75.65001512955376,11.900002379996799],[75.65001513023857,11.907050657687261],[75.6500151297047,11.9157288876016],[75.65001513019733,11.916669050372901],[75.65369761173382,11.916669050136257],[75.66233564304484,11.916669049744387],[75.66668179971752,11.916669049676507],[75.66668179972199,11.915728887989447]]]}},{"type":"Feature","properties":{"grid":"L20","height":244,"airport":"Kannur"},"geometry":{"type":"Polygon","coordinates":[[[75.68334847012791,11.915728888032156],[75.68334847005438,11.907050657968085],[75.68334846977483,11.900002379915803],[75.6796117063776,11.900002380391651],[75.6709736740657,11.900002379580433],[75.66668180039564,11.900002379965887],[75.66668179995565,11.907050657661994],[75.66668179972199,11.915728887989447],[75.66668179971752,11.916669049676507],[75.67097367426842,11.916669050334614],[75.67961170613758,11.916669050094345],[75.68334846963153,11.916669050370318],[75.68334847012791,11.915728888032156]]]}},{"type":"Feature","properties":{"grid":"L21","height":244,"airport":"Kannur"},"geometry":{"type":"Polygon","coordinates":[[[75.70001513962333,11.915728887716654],[75.70001514015154,11.907050657685906],[75.70001514006485,11.900002379824754],[75.69688776761018,11.900002379669083],[75.68824973731182,11.90000237981968],[75.68334846977483,11.900002379915803],[75.68334847005438,11.907050657968085],[75.68334847012791,11.915728888032156],[75.68334846963153,11.916669050370318],[75.68824973663709,11.916669049930471],[75.69688776834096,11.916669049834494],[75.70001513955182,11.916669049726137],[75.70001513962333,11.915728887716654]]]}},{"type":"Feature","properties":{"grid":"L22","height":244,"airport":"Kannur"},"geometry":{"type":"Polygon","coordinates":[[[75.71668180966627,11.915728887927052],[75.71668180986835,11.907050657704112],[75.71668180996632,11.900002379679277],[75.71416383016448,11.900002379708956],[75.70552579892819,11.900002379933495],[75.70001514006485,11.900002379824754],[75.70001514015154,11.907050657685906],[75.70001513962333,11.915728887716654],[75.70001513955182,11.916669049726137],[75.70552579923178,11.916669049809009],[75.71416383004697,11.916669049849887],[75.71668181002273,11.916669050438816],[75.71668180966627,11.915728887927052]]]}},{"type":"Feature","properties":{"grid":"L23","height":244,"airport":"Kannur"},"geometry":{"type":"Polygon","coordinates":[[[75.73334847987356,11.915728887742976],[75.73334847974202,11.907050658004346],[75.7333484800186,11.900002380365281],[75.73143989167286,11.900002379593968],[75.72280186114047,11.900002379897833],[75.71668180996632,11.900002379679277],[75.71668180986835,11.907050657704112],[75.71668180966627,11.915728887927052],[75.71668181002273,11.916669050438816],[75.72280186060568,11.91666904995521],[75.73143989164534,11.9166690501207],[75.7333484797382,11.916669049781804],[75.73334847987356,11.915728887742976]]]}},{"type":"Feature","properties":{"grid":"M1","height":244,"airport":"Kannur"},"geometry":{"type":"Polygon","coordinates":[[[75.3666817399132,11.898372427116776],[75.3666817400364,11.889694196735164],[75.36668174044188,11.883335710091398],[75.36000455391606,11.883335710275093],[75.35136652224756,11.883335710243326],[75.35001506966769,11.883335710319896],[75.3500150698986,11.889694196769048],[75.35001507035474,11.898372427225517],[75.35001506972587,11.90000238006824],[75.35136652192303,11.900002379584091],[75.36000455413422,11.900002379714032],[75.3666817403059,11.900002379939595],[75.3666817399132,11.898372427116776]]]}},{"type":"Feature","properties":{"grid":"M2","height":244,"airport":"Kannur"},"geometry":{"type":"Polygon","coordinates":[[[75.38334841027509,11.898372427334664],[75.38334841005435,11.889694196801274],[75.38334841017398,11.883335709555478],[75.37728061557266,11.883335710132698],[75.36864258539079,11.883335710238121],[75.36668174044188,11.883335710091398],[75.3666817400364,11.889694196735164],[75.3666817399132,11.898372427116776],[75.3666817403059,11.900002379939595],[75.36864258523653,11.900002380331722],[75.37728061596492,11.900002379626404],[75.38334840985357,11.90000238001289],[75.38334841027509,11.898372427334664]]]}},{"type":"Feature","properties":{"grid":"M3","height":214,"airport":"Kannur"},"geometry":{"type":"Polygon","coordinates":[[[75.40001508013997,11.898372426967548],[75.40001507957135,11.889694196958958],[75.40001508032037,11.8833357096056],[75.39455667776156,11.883335709703987],[75.38591864703537,11.883335709954185],[75.38334841017398,11.883335709555478],[75.38334841005435,11.889694196801274],[75.38334841027509,11.898372427334664],[75.38334840985357,11.90000238001289],[75.38591864706049,11.90000238030886],[75.39455667833856,11.900002379665029],[75.4000150798245,11.900002380277254],[75.40001508013997,11.898372426967548]]]}},{"type":"Feature","properties":{"grid":"M4","height":214,"airport":"Kannur"},"geometry":{"type":"Polygon","coordinates":[[[75.41668175004642,11.898372426909646],[75.4166817500427,11.889694197196754],[75.41668174958166,11.883335710234222],[75.41183273995492,11.88333570988365],[75.40319470940807,11.883335710282847],[75.40001508032037,11.8833357096056],[75.40001507957135,11.889694196958958],[75.40001508013997,11.898372426967548],[75.4000150798245,11.900002380277254],[75.40319470870392,11.90000238040813],[75.41183273980823,11.900002379821549],[75.4166817498365,11.900002379819425],[75.41668175004642,11.898372426909646]]]}},{"type":"Feature","properties":{"grid":"M5","height":144,"airport":"Kannur"},"geometry":{"type":"Polygon","coordinates":[[[75.43334841961355,11.898372427151754],[75.43334842016762,11.889694196602369],[75.4333484203284,11.883335709619411],[75.42910880345876,11.883335709754597],[75.42047077197853,11.883335710309927],[75.41668174958166,11.883335710234222],[75.4166817500427,11.889694197196754],[75.41668175004642,11.898372426909646],[75.4166817498365,11.900002379819425],[75.42047077239157,11.9000023797114],[75.42910880260004,11.900002380082018],[75.43334842042961,11.900002380437446],[75.43334841961355,11.898372427151754]]]}},{"type":"Feature","properties":{"grid":"M6","height":144,"airport":"Kannur"},"geometry":{"type":"Polygon","coordinates":[[[75.45001509029547,11.898372426777078],[75.45001508956776,11.88969419697492],[75.45001509034562,11.883335709562914],[75.44638486499073,11.88333571021489],[75.43774683421753,11.883335710025195],[75.4333484203284,11.883335709619411],[75.43334842016762,11.889694196602369],[75.43334841961355,11.898372427151754],[75.43334842042961,11.900002380437446],[75.43774683392442,11.90000238002245],[75.44638486526704,11.900002380437213],[75.45001509030189,11.900002380314445],[75.45001509029547,11.898372426777078]]]}},{"type":"Feature","properties":{"grid":"M7","height":144,"airport":"Kannur"},"geometry":{"type":"Polygon","coordinates":[[[75.46668175987611,11.898372426682807],[75.46668175969701,11.889694197397223],[75.46668176017029,11.883335710053373],[75.4636609267749,11.883335710345214],[75.45502289559744,11.883335710322447],[75.45001509034562,11.883335709562914],[75.45001508956776,11.88969419697492],[75.45001509029547,11.898372426777078],[75.45001509030189,11.900002380314445],[75.45502289644551,11.900002380420808],[75.46366092727897,11.900002379972022],[75.46668175999204,11.900002380343352],[75.46668175987611,11.898372426682807]]]}},{"type":"Feature","properties":{"grid":"M8","height":144,"airport":"Kannur"},"geometry":{"type":"Polygon","coordinates":[[[75.48334842981103,11.89837242685566],[75.4833484301726,11.889694196954508],[75.48334843033774,11.883335710174611],[75.48093698920023,11.88333571013272],[75.47229895834221,11.88333571028188],[75.46668176017029,11.883335710053373],[75.46668175969701,11.889694197397223],[75.46668175987611,11.898372426682807],[75.46668175999204,11.900002380343352],[75.47229895758805,11.900002379993994],[75.48093698902682,11.900002379578066],[75.4833484300358,11.900002379607992],[75.48334842981103,11.89837242685566]]]}},{"type":"Feature","properties":{"grid":"M9","height":134,"airport":"Kannur"},"geometry":{"type":"Polygon","coordinates":[[[75.5000150997193,11.89837242728483],[75.50001509969823,11.889694197446234],[75.50001509954842,11.883335709917455],[75.49821305173744,11.883335709565642],[75.4895750210044,11.883335709893364],[75.48334843033774,11.883335710174611],[75.4833484301726,11.889694196954508],[75.48334842981103,11.89837242685566],[75.4833484300358,11.900002379607992],[75.48957502141599,11.900002379627153],[75.49821305181997,11.900002380144745],[75.50001510005539,11.900002379906194],[75.5000150997193,11.89837242728483]]]}},{"type":"Feature","properties":{"grid":"M10","height":134,"airport":"Kannur"},"geometry":{"type":"Polygon","coordinates":[[[75.51668177013646,11.898372427053234],[75.5166817697259,11.889694197049495],[75.5166817701771,11.883335710170277],[75.51548911386071,11.883335710440445],[75.50685108305646,11.883335710049336],[75.50001509954842,11.883335709917455],[75.50001509969823,11.889694197446234],[75.5000150997193,11.89837242728483],[75.50001510005539,11.900002379906194],[75.50685108281104,11.900002380220442],[75.51548911420822,11.900002379852824],[75.5166817696683,11.900002380322556],[75.51668177013646,11.898372427053234]]]}},{"type":"Feature","properties":{"grid":"M11","height":134,"airport":"Kannur"},"geometry":{"type":"Polygon","coordinates":[[[75.53334843976488,11.898372427055348],[75.53334843987594,11.889694196657045],[75.5333484400044,11.883335710020528],[75.53276517595403,11.883335710030018],[75.52412714488574,11.883335709831606],[75.5166817701771,11.883335710170277],[75.5166817697259,11.889694197049495],[75.51668177013646,11.898372427053234],[75.5166817696683,11.900002380322556],[75.5241271449141,11.900002379946514],[75.53276517566435,11.90000237959414],[75.53334844032825,11.900002379937881],[75.53334843976488,11.898372427055348]]]}},{"type":"Feature","properties":{"grid":"M12","height":134,"airport":"Kannur"},"geometry":{"type":"Polygon","coordinates":[[[75.55001511006003,11.89837242727589],[75.55001510976892,11.889694197161326],[75.55001510956883,11.883335710359017],[75.54140320688293,11.883335710129964],[75.5333484400044,11.883335710020528],[75.53334843987594,11.889694196657045],[75.53334843976488,11.898372427055348],[75.53334844032825,11.900002379937881],[75.54140320719804,11.900002379696804],[75.55001510981946,11.900002379648017],[75.55001511006003,11.89837242727589]]]}},{"type":"Feature","properties":{"grid":"M13","height":134,"airport":"Kannur"},"geometry":{"type":"Polygon","coordinates":[[[75.5666817797208,11.898372426800037],[75.5666817799382,11.889694196739686],[75.56668178032356,11.883335710265577],[75.5586792703534,11.883335710023319],[75.55004123932788,11.88333571012645],[75.55001510956883,11.883335710359017],[75.55001510976892,11.889694197161326],[75.55001511006003,11.89837242727589],[75.55001510981946,11.900002379648017],[75.55004123933436,11.90000238025301],[75.55867927005414,11.900002380360569],[75.56668177959925,11.900002380341542],[75.5666817797208,11.898372426800037]]]}},{"type":"Feature","properties":{"grid":"M14","height":134,"airport":"Kannur"},"geometry":{"type":"Polygon","coordinates":[[[75.58334845020626,11.898372427420094],[75.5833484500062,11.889694197188103],[75.5833484500507,11.8833357097312],[75.5759553320152,11.883335710407659],[75.56731730069671,11.88333570981735],[75.56668178032356,11.883335710265577],[75.5666817799382,11.889694196739686],[75.5666817797208,11.898372426800037],[75.56668177959925,11.900002380341542],[75.56731730101292,11.900002380014415],[75.57595533203168,11.900002380117334],[75.58334845020114,11.900002380195307],[75.58334845020626,11.898372427420094]]]}},{"type":"Feature","properties":{"grid":"M15","height":134,"airport":"Kannur"},"geometry":{"type":"Polygon","coordinates":[[[75.60001512021334,11.8983724273163],[75.60001511958781,11.889694196685],[75.6000151202071,11.88333570964351],[75.59323139409172,11.883335710359248],[75.58459336320588,11.88333570998595],[75.5833484500507,11.8833357097312],[75.5833484500062,11.889694197188103],[75.58334845020626,11.898372427420094],[75.58334845020114,11.900002380195307],[75.58459336292763,11.900002379763482],[75.59323139444007,11.900002379853664],[75.60001512032767,11.900002380102423],[75.60001512021334,11.8983724273163]]]}},{"type":"Feature","properties":{"grid":"M16","height":184,"airport":"Kannur"},"geometry":{"type":"Polygon","coordinates":[[[75.61668179028108,11.898372427377643],[75.616681790142,11.889694197021708],[75.61668179041136,11.883335709989042],[75.61050745697175,11.883335709861532],[75.601869425406,11.883335709715446],[75.6000151202071,11.88333570964351],[75.60001511958781,11.889694196685],[75.60001512021334,11.8983724273163],[75.60001512032767,11.900002380102423],[75.60186942455168,11.900002380390193],[75.61050745675047,11.900002379555005],[75.61668178959779,11.900002380049616],[75.61668179028108,11.898372427377643]]]}},{"type":"Feature","properties":{"grid":"M17","height":244,"airport":"Kannur"},"geometry":{"type":"Polygon","coordinates":[[[75.63334846002627,11.898372426686086],[75.63334846036732,11.889694197282065],[75.63334846027999,11.8833357098498],[75.62778351920983,11.883335709805808],[75.61914548768789,11.883335709893535],[75.61668179041136,11.883335709989042],[75.616681790142,11.889694197021708],[75.61668179028108,11.898372427377643],[75.61668178959779,11.900002380049616],[75.61914548810691,11.900002380065256],[75.6277835193543,11.900002380108708],[75.63334846038508,11.90000238001708],[75.63334846002627,11.898372426686086]]]}},{"type":"Feature","properties":{"grid":"M18","height":244,"airport":"Kannur"},"geometry":{"type":"Polygon","coordinates":[[[75.65001512999012,11.89837242703404],[75.65001512988236,11.889694197452004],[75.6500151303517,11.883335710113897],[75.64505958119484,11.883335710174801],[75.6364215504384,11.883335709598699],[75.63334846027999,11.8833357098498],[75.63334846036732,11.889694197282065],[75.63334846002627,11.898372426686086],[75.63334846038508,11.90000238001708],[75.63642155031168,11.900002379683716],[75.64505958080028,11.90000237969288],[75.65001512955376,11.900002379996799],[75.65001512999012,11.89837242703404]]]}},{"type":"Feature","properties":{"grid":"M19","height":244,"airport":"Kannur"},"geometry":{"type":"Polygon","coordinates":[[[75.66668179978727,11.898372426598362],[75.66668180013995,11.889694196608577],[75.66668180024286,11.883335709862532],[75.66233564331354,11.883335710046318],[75.65369761221211,11.883335709721733],[75.6500151303517,11.883335710113897],[75.65001512988236,11.889694197452004],[75.65001512999012,11.89837242703404],[75.65001512955376,11.900002379996799],[75.65369761155746,11.900002380132408],[75.6623356433184,11.90000238009409],[75.66668180039564,11.900002379965887],[75.66668179978727,11.898372426598362]]]}},{"type":"Feature","properties":{"grid":"M20","height":244,"airport":"Kannur"},"geometry":{"type":"Polygon","coordinates":[[[75.68334846995913,11.8983724271706],[75.6833484698471,11.889694197451854],[75.6833484695741,11.88333570998518],[75.67961170595683,11.883335710306266],[75.67097367431604,11.883335710242497],[75.66668180024286,11.883335709862532],[75.66668180013995,11.889694196608577],[75.66668179978727,11.898372426598362],[75.66668180039564,11.900002379965887],[75.6709736740657,11.900002379580433],[75.6796117063776,11.900002380391651],[75.68334846977483,11.900002379915803],[75.68334846995913,11.8983724271706]]]}},{"type":"Feature","properties":{"grid":"M21","height":244,"airport":"Kannur"},"geometry":{"type":"Polygon","coordinates":[[[75.70001514012003,11.89837242692682],[75.70001514045214,11.889694197249279],[75.70001513979794,11.883335709557837],[75.69688776767497,11.883335710035922],[75.6882497371368,11.883335710238022],[75.6833484695741,11.88333570998518],[75.6833484698471,11.889694197451854],[75.68334846995913,11.8983724271706],[75.68334846977483,11.900002379915803],[75.68824973731182,11.90000237981968],[75.69688776761018,11.900002379669083],[75.70001514006485,11.900002379824754],[75.70001514012003,11.89837242692682]]]}},{"type":"Feature","properties":{"grid":"M22","height":244,"airport":"Kannur"},"geometry":{"type":"Polygon","coordinates":[[[75.71668180989099,11.898372426755708],[75.71668180973946,11.889694196893997],[75.71668180961926,11.883335710375647],[75.71416382977708,11.883335710118061],[75.7055257992267,11.883335709693634],[75.70001513979794,11.883335709557837],[75.70001514045214,11.889694197249279],[75.70001514012003,11.89837242692682],[75.70001514006485,11.900002379824754],[75.70552579892819,11.900002379933495],[75.71416383016448,11.900002379708956],[75.71668180996632,11.900002379679277],[75.71668180989099,11.898372426755708]]]}},{"type":"Feature","properties":{"grid":"M23","height":244,"airport":"Kannur"},"geometry":{"type":"Polygon","coordinates":[[[75.73334847980894,11.898372426638923],[75.7333484800845,11.889694197267394],[75.73334847956762,11.883335709707467],[75.73143989173138,11.883335709630847],[75.72280186097915,11.883335710398415],[75.71668180961926,11.883335710375647],[75.71668180973946,11.889694196893997],[75.71668180989099,11.898372426755708],[75.71668180996632,11.900002379679277],[75.72280186114047,11.900002379897833],[75.73143989167286,11.900002379593968],[75.7333484800186,11.900002380365281],[75.73334847980894,11.898372426638923]]]}},{"type":"Feature","properties":{"grid":"N1","height":244,"airport":"Kannur"},"geometry":{"type":"Polygon","coordinates":[[[75.36668174026232,11.88101596738201],[75.36668173967058,11.872337737253488],[75.36668174021281,11.86666903968969],[75.36000455368918,11.866669040279309],[75.3513665218365,11.866669040342954],[75.35001506967836,11.866669040010358],[75.35001506998795,11.872337737129834],[75.3500150700831,11.88101596733844],[75.35001506966769,11.883335710319896],[75.35136652224756,11.883335710243326],[75.36000455391606,11.883335710275093],[75.36668174044188,11.883335710091398],[75.36668174026232,11.88101596738201]]]}},{"type":"Feature","properties":{"grid":"N2","height":244,"airport":"Kannur"},"geometry":{"type":"Polygon","coordinates":[[[75.38334841031666,11.881015967297854],[75.38334841014151,11.872337737020601],[75.38334840969796,11.866669040361291],[75.37728061570722,11.866669040089027],[75.36864258534497,11.866669039591674],[75.36668174021281,11.86666903968969],[75.36668173967058,11.872337737253488],[75.36668174026232,11.88101596738201],[75.36668174044188,11.883335710091398],[75.36864258539079,11.883335710238121],[75.37728061557266,11.883335710132698],[75.38334841017398,11.883335709555478],[75.38334841031666,11.881015967297854]]]}},{"type":"Feature","properties":{"grid":"N3","height":214,"airport":"Kannur"},"geometry":{"type":"Polygon","coordinates":[[[75.40001507986477,11.881015967077527],[75.40001508010226,11.872337737328234],[75.400015079586,11.866669040205624],[75.39455667824822,11.86666904010449],[75.385918647347,11.866669039958044],[75.38334840969796,11.866669040361291],[75.38334841014151,11.872337737020601],[75.38334841031666,11.881015967297854],[75.38334841017398,11.883335709555478],[75.38591864703537,11.883335709954185],[75.39455667776156,11.883335709703987],[75.40001508032037,11.8833357096056],[75.40001507986477,11.881015967077527]]]}},{"type":"Feature","properties":{"grid":"N4","height":214,"airport":"Kannur"},"geometry":{"type":"Polygon","coordinates":[[[75.41668175036169,11.88101596670964],[75.4166817500882,11.872337737261951],[75.41668175041463,11.866669040116795],[75.41183273986454,11.866669040317403],[75.40319470914685,11.866669039621744],[75.400015079586,11.866669040205624],[75.40001508010226,11.872337737328234],[75.40001507986477,11.881015967077527],[75.40001508032037,11.8833357096056],[75.40319470940807,11.883335710282847],[75.41183273995492,11.88333570988365],[75.41668174958166,11.883335710234222],[75.41668175036169,11.88101596670964]]]}},{"type":"Feature","properties":{"grid":"N5","height":144,"airport":"Kannur"},"geometry":{"type":"Polygon","coordinates":[[[75.43334841959103,11.881015967091908],[75.43334841971766,11.872337736812566],[75.43334841996582,11.866669040088276],[75.42910880277967,11.866669039809498],[75.42047077205396,11.866669040379012],[75.41668175041463,11.866669040116795],[75.4166817500882,11.872337737261951],[75.41668175036169,11.88101596670964],[75.41668174958166,11.883335710234222],[75.42047077197853,11.883335710309927],[75.42910880345876,11.883335709754597],[75.4333484203284,11.883335709619411],[75.43334841959103,11.881015967091908]]]}},{"type":"Feature","properties":{"grid":"N6","height":144,"airport":"Kannur"},"geometry":{"type":"Polygon","coordinates":[[[75.45001508992469,11.881015967306288],[75.45001509044684,11.872337736871987],[75.45001508969425,11.86666904010777],[75.44638486463056,11.866669040381685],[75.4377468336998,11.866669040413665],[75.43334841996582,11.866669040088276],[75.43334841971766,11.872337736812566],[75.43334841959103,11.881015967091908],[75.4333484203284,11.883335709619411],[75.43774683421753,11.883335710025195],[75.44638486499073,11.88333571021489],[75.45001509034562,11.883335709562914],[75.45001508992469,11.881015967306288]]]}},{"type":"Feature","properties":{"grid":"N7","height":144,"airport":"Kannur"},"geometry":{"type":"Polygon","coordinates":[[[75.46668176006305,11.881015967344162],[75.46668176005791,11.872337737433082],[75.4666817601363,11.866669040163798],[75.46366092672112,11.86666904021171],[75.45502289630909,11.866669039710915],[75.45001508969425,11.86666904010777],[75.45001509044684,11.872337736871987],[75.45001508992469,11.881015967306288],[75.45001509034562,11.883335709562914],[75.45502289559744,11.883335710322447],[75.4636609267749,11.883335710345214],[75.46668176017029,11.883335710053373],[75.46668176006305,11.881015967344162]]]}},{"type":"Feature","properties":{"grid":"N8","height":144,"airport":"Kannur"},"geometry":{"type":"Polygon","coordinates":[[[75.4833484296247,11.8810159671952],[75.4833484300025,11.872337736673934],[75.4833484299921,11.866669040247503],[75.48093698944129,11.866669040191066],[75.47229895843708,11.86666904006974],[75.4666817601363,11.866669040163798],[75.46668176005791,11.872337737433082],[75.46668176006305,11.881015967344162],[75.46668176017029,11.883335710053373],[75.47229895834221,11.88333571028188],[75.48093698920023,11.88333571013272],[75.48334843033774,11.883335710174611],[75.4833484296247,11.8810159671952]]]}},{"type":"Feature","properties":{"grid":"N9","height":144,"airport":"Kannur"},"geometry":{"type":"Polygon","coordinates":[[[75.50001510006454,11.88101596684558],[75.50001509990369,11.872337737296759],[75.50001509979809,11.86666904034663],[75.49821305226152,11.866669040307977],[75.48957502138744,11.866669039666995],[75.4833484299921,11.866669040247503],[75.4833484300025,11.872337736673934],[75.4833484296247,11.8810159671952],[75.48334843033774,11.883335710174611],[75.4895750210044,11.883335709893364],[75.49821305173744,11.883335709565642],[75.50001509954842,11.883335709917455],[75.50001510006454,11.88101596684558]]]}},{"type":"Feature","properties":{"grid":"N10","height":134,"airport":"Kannur"},"geometry":{"type":"Polygon","coordinates":[[[75.51668177008466,11.881015967190029],[75.51668177029319,11.872337736575854],[75.51668177009061,11.866669040448475],[75.51548911373237,11.866669039647666],[75.50685108279745,11.866669040302526],[75.50001509979809,11.86666904034663],[75.50001509990369,11.872337737296759],[75.50001510006454,11.88101596684558],[75.50001509954842,11.883335709917455],[75.50685108305646,11.883335710049336],[75.51548911386071,11.883335710440445],[75.5166817701771,11.883335710170277],[75.51668177008466,11.881015967190029]]]}},{"type":"Feature","properties":{"grid":"N11","height":134,"airport":"Kannur"},"geometry":{"type":"Polygon","coordinates":[[[75.53334844022014,11.881015967311116],[75.53334843987618,11.872337737214341],[75.53334843956802,11.866669039638884],[75.532765176082,11.866669040001346],[75.52412714488867,11.866669040150617],[75.51668177009061,11.866669040448475],[75.51668177029319,11.872337736575854],[75.51668177008466,11.881015967190029],[75.5166817701771,11.883335710170277],[75.52412714488574,11.883335709831606],[75.53276517595403,11.883335710030018],[75.5333484400044,11.883335710020528],[75.53334844022014,11.881015967311116]]]}},{"type":"Feature","properties":{"grid":"N12","height":134,"airport":"Kannur"},"geometry":{"type":"Polygon","coordinates":[[[75.5500151100895,11.881015967197005],[75.55001511010397,11.872337737388333],[75.55001510968825,11.866669039711256],[75.54140320713309,11.86666904010272],[75.53334843956802,11.866669039638884],[75.53334843987618,11.872337737214341],[75.53334844022014,11.881015967311116],[75.5333484400044,11.883335710020528],[75.54140320688293,11.883335710129964],[75.55001510956883,11.883335710359017],[75.5500151100895,11.881015967197005]]]}},{"type":"Feature","properties":{"grid":"N13","height":134,"airport":"Kannur"},"geometry":{"type":"Polygon","coordinates":[[[75.56668178022942,11.881015966833642],[75.56668177967664,11.87233773708736],[75.56668178006778,11.86666903974895],[75.55867926991915,11.866669040143805],[75.55004123877912,11.866669040451537],[75.55001510968825,11.866669039711256],[75.55001511010397,11.872337737388333],[75.5500151100895,11.881015967197005],[75.55001510956883,11.883335710359017],[75.55004123932788,11.88333571012645],[75.5586792703534,11.883335710023319],[75.56668178032356,11.883335710265577],[75.56668178022942,11.881015966833642]]]}},{"type":"Feature","properties":{"grid":"N14","height":154,"airport":"Kannur"},"geometry":{"type":"Polygon","coordinates":[[[75.58334845026026,11.881015967112726],[75.58334845005065,11.872337737199457],[75.58334845032479,11.866669039739321],[75.57595533179912,11.866669040262096],[75.56731730129218,11.866669040080545],[75.56668178006778,11.86666903974895],[75.56668177967664,11.87233773708736],[75.56668178022942,11.881015966833642],[75.56668178032356,11.883335710265577],[75.56731730069671,11.88333570981735],[75.5759553320152,11.883335710407659],[75.5833484500507,11.8833357097312],[75.58334845026026,11.881015967112726]]]}},{"type":"Feature","properties":{"grid":"N15","height":184,"airport":"Kannur"},"geometry":{"type":"Polygon","coordinates":[[[75.60001511979868,11.881015967116966],[75.60001511992421,11.872337736809188],[75.60001512007744,11.866669039669462],[75.59323139407951,11.866669040439842],[75.5845933630933,11.866669039778897],[75.58334845032479,11.866669039739321],[75.58334845005065,11.872337737199457],[75.58334845026026,11.881015967112726],[75.5833484500507,11.8833357097312],[75.58459336320588,11.88333570998595],[75.59323139409172,11.883335710359248],[75.6000151202071,11.88333570964351],[75.60001511979868,11.881015967116966]]]}},{"type":"Feature","properties":{"grid":"N16","height":214,"airport":"Kannur"},"geometry":{"type":"Polygon","coordinates":[[[75.61668179029945,11.881015966829134],[75.61668178983571,11.872337736805562],[75.616681789864,11.866669040428413],[75.61050745714677,11.86666903975628],[75.6018694245729,11.8666690404348],[75.60001512007744,11.866669039669462],[75.60001511992421,11.872337736809188],[75.60001511979868,11.881015967116966],[75.6000151202071,11.88333570964351],[75.601869425406,11.883335709715446],[75.61050745697175,11.883335709861532],[75.61668179041136,11.883335709989042],[75.61668179029945,11.881015966829134]]]}},{"type":"Feature","properties":{"grid":"N17","height":244,"airport":"Kannur"},"geometry":{"type":"Polygon","coordinates":[[[75.63334845954674,11.88101596714372],[75.63334846032161,11.872337737172833],[75.63334846021674,11.866669040191804],[75.62778351863886,11.86666904000906],[75.61914548795168,11.866669040219088],[75.616681789864,11.866669040428413],[75.61668178983571,11.872337736805562],[75.61668179029945,11.881015966829134],[75.61668179041136,11.883335709989042],[75.61914548768789,11.883335709893535],[75.62778351920983,11.883335709805808],[75.63334846027999,11.8833357098498],[75.63334845954674,11.88101596714372]]]}},{"type":"Feature","properties":{"grid":"N18","height":244,"airport":"Kannur"},"geometry":{"type":"Polygon","coordinates":[[[75.65001512991144,11.881015967136237],[75.65001513007994,11.872337736994588],[75.65001512983757,11.866669039851859],[75.64505958077847,11.866669040272571],[75.6364215499475,11.866669040026762],[75.63334846021674,11.866669040191804],[75.63334846032161,11.872337737172833],[75.63334845954674,11.88101596714372],[75.63334846027999,11.8833357098498],[75.6364215504384,11.883335709598699],[75.64505958119484,11.883335710174801],[75.6500151303517,11.883335710113897],[75.65001512991144,11.881015967136237]]]}},{"type":"Feature","properties":{"grid":"N19","height":244,"airport":"Kannur"},"geometry":{"type":"Polygon","coordinates":[[[75.66668180009376,11.881015966794138],[75.66668179964915,11.872337737158643],[75.66668180018301,11.866669040294196],[75.6623356430336,11.866669039626679],[75.65369761186679,11.866669039838367],[75.65001512983757,11.866669039851859],[75.65001513007994,11.872337736994588],[75.65001512991144,11.881015967136237],[75.6500151303517,11.883335710113897],[75.65369761221211,11.883335709721733],[75.66233564331354,11.883335710046318],[75.66668180024286,11.883335709862532],[75.66668180009376,11.881015966794138]]]}},{"type":"Feature","properties":{"grid":"N20","height":244,"airport":"Kannur"},"geometry":{"type":"Polygon","coordinates":[[[75.68334846971429,11.88101596700692],[75.68334846956344,11.87233773674367],[75.68334846994865,11.8666690396975],[75.67961170579689,11.86666903986158],[75.67097367409792,11.866669039635743],[75.66668180018301,11.866669040294196],[75.66668179964915,11.872337737158643],[75.66668180009376,11.881015966794138],[75.66668180024286,11.883335709862532],[75.67097367431604,11.883335710242497],[75.67961170595683,11.883335710306266],[75.6833484695741,11.88333570998518],[75.68334846971429,11.88101596700692]]]}},{"type":"Feature","properties":{"grid":"N21","height":244,"airport":"Kannur"},"geometry":{"type":"Polygon","coordinates":[[[75.70001514022556,11.881015966850581],[75.70001514036124,11.87233773663639],[75.70001513967509,11.866669039852946],[75.69688776761826,11.866669040058563],[75.68824973703143,11.86666904030454],[75.68334846994865,11.8666690396975],[75.68334846956344,11.87233773674367],[75.68334846971429,11.88101596700692],[75.6833484695741,11.88333570998518],[75.6882497371368,11.883335710238022],[75.69688776767497,11.883335710035922],[75.70001513979794,11.883335709557837],[75.70001514022556,11.881015966850581]]]}},{"type":"Feature","properties":{"grid":"N22","height":244,"airport":"Kannur"},"geometry":{"type":"Polygon","coordinates":[[[75.71668181033004,11.881015967215994],[75.71668180982458,11.872337736825695],[75.71668180989623,11.86666903983834],[75.71416382980411,11.866669040196154],[75.7055257992149,11.866669040021554],[75.70001513967509,11.866669039852946],[75.70001514036124,11.87233773663639],[75.70001514022556,11.881015966850581],[75.70001513979794,11.883335709557837],[75.7055257992267,11.883335709693634],[75.71416382977708,11.883335710118061],[75.71668180961926,11.883335710375647],[75.71668181033004,11.881015967215994]]]}},{"type":"Feature","properties":{"grid":"N23","height":244,"airport":"Kannur"},"geometry":{"type":"Polygon","coordinates":[[[75.73334847964378,11.881015967182968],[75.73334848032601,11.872337737288701],[75.73334848023006,11.866669039637625],[75.73143989182452,11.866669040256832],[75.72280186103876,11.866669039671594],[75.71668180989623,11.86666903983834],[75.71668180982458,11.872337736825695],[75.71668181033004,11.881015967215994],[75.71668180961926,11.883335710375647],[75.72280186097915,11.883335710398415],[75.73143989173138,11.883335709630847],[75.73334847956762,11.883335709707467],[75.73334847964378,11.881015967182968]]]}},{"type":"Feature","properties":{"grid":"O1","height":244,"airport":"Kannur"},"geometry":{"type":"Polygon","coordinates":[[[75.36668174009785,11.86365950635088],[75.36668173970924,11.854981275584525],[75.36668173962174,11.850002369664692],[75.36000455437345,11.850002369751353],[75.35136652160976,11.850002369907697],[75.35001506976076,11.850002370069863],[75.35001506988016,11.854981276200716],[75.3500150696134,11.863659506146863],[75.35001506967836,11.866669040010358],[75.3513665218365,11.866669040342954],[75.36000455368918,11.866669040279309],[75.36668174021281,11.86666903968969],[75.36668174009785,11.86365950635088]]]}},{"type":"Feature","properties":{"grid":"O2","height":244,"airport":"Kannur"},"geometry":{"type":"Polygon","coordinates":[[[75.38334841044738,11.863659505971953],[75.38334841031892,11.854981275965454],[75.38334841025993,11.850002369740695],[75.37728061637165,11.850002370425573],[75.36864258510337,11.850002370226912],[75.36668173962174,11.850002369664692],[75.36668173970924,11.854981275584525],[75.36668174009785,11.86365950635088],[75.36668174021281,11.86666903968969],[75.36864258534497,11.866669039591674],[75.37728061570722,11.866669040089027],[75.38334840969796,11.866669040361291],[75.38334841044738,11.863659505971953]]]}},{"type":"Feature","properties":{"grid":"O3","height":244,"airport":"Kannur"},"geometry":{"type":"Polygon","coordinates":[[[75.4000150802815,11.863659505906034],[75.40001508040801,11.854981276431898],[75.40001508037524,11.850002370290602],[75.3945566779629,11.850002369990591],[75.38591864707912,11.850002370347543],[75.38334841025993,11.850002369740695],[75.38334841031892,11.854981275965454],[75.38334841044738,11.863659505971953],[75.38334840969796,11.866669040361291],[75.385918647347,11.866669039958044],[75.39455667824822,11.86666904010449],[75.400015079586,11.866669040205624],[75.4000150802815,11.863659505906034]]]}},{"type":"Feature","properties":{"grid":"O4","height":214,"airport":"Kannur"},"geometry":{"type":"Polygon","coordinates":[[[75.41668175013662,11.86365950614303],[75.41668174959321,11.854981276070825],[75.41668174958431,11.850002370401386],[75.41183274045589,11.850002370242994],[75.40319470884323,11.850002370257991],[75.40001508037524,11.850002370290602],[75.40001508040801,11.854981276431898],[75.4000150802815,11.863659505906034],[75.400015079586,11.866669040205624],[75.40319470914685,11.866669039621744],[75.41183273986454,11.866669040317403],[75.41668175041463,11.866669040116795],[75.41668175013662,11.86365950614303]]]}},{"type":"Feature","properties":{"grid":"O5","height":144,"airport":"Kannur"},"geometry":{"type":"Polygon","coordinates":[[[75.43334841962962,11.863659505769409],[75.43334842024818,11.854981275773316],[75.43334842025932,11.850002370059787],[75.42910880331941,11.850002370268356],[75.42047077170182,11.85000236994583],[75.41668174958431,11.850002370401386],[75.41668174959321,11.854981276070825],[75.41668175013662,11.86365950614303],[75.41668175041463,11.866669040116795],[75.42047077205396,11.866669040379012],[75.42910880277967,11.866669039809498],[75.43334841996582,11.866669040088276],[75.43334841962962,11.863659505769409]]]}},{"type":"Feature","properties":{"grid":"O6","height":144,"airport":"Kannur"},"geometry":{"type":"Polygon","coordinates":[[[75.45001509021635,11.863659505677104],[75.45001509015619,11.854981276436789],[75.45001509018333,11.850002370163226],[75.44638486510533,11.850002370057659],[75.43774683420824,11.850002370306477],[75.43334842025932,11.850002370059787],[75.43334842024818,11.854981275773316],[75.43334841962962,11.863659505769409],[75.43334841996582,11.866669040088276],[75.4377468336998,11.866669040413665],[75.44638486463056,11.866669040381685],[75.45001508969425,11.86666904010777],[75.45001509021635,11.863659505677104]]]}},{"type":"Feature","properties":{"grid":"O7","height":144,"airport":"Kannur"},"geometry":{"type":"Polygon","coordinates":[[[75.46668175967883,11.863659505858987],[75.46668175985046,11.854981276241288],[75.46668175989089,11.850002369796107],[75.46366092711978,11.850002369597338],[75.45502289583115,11.850002370425054],[75.45001509018333,11.850002370163226],[75.45001509015619,11.854981276436789],[75.45001509021635,11.863659505677104],[75.45001508969425,11.86666904010777],[75.45502289630909,11.866669039710915],[75.46366092672112,11.86666904021171],[75.4666817601363,11.866669040163798],[75.46668175967883,11.863659505858987]]]}},{"type":"Feature","properties":{"grid":"O8","height":154,"airport":"Kannur"},"geometry":{"type":"Polygon","coordinates":[[[75.4833484303897,11.863659506300234],[75.48334842986853,11.85498127607929],[75.48334842991947,11.85000236985089],[75.48093698883429,11.850002369780434],[75.47229895787666,11.850002370287696],[75.46668175989089,11.850002369796107],[75.46668175985046,11.854981276241288],[75.46668175967883,11.863659505858987],[75.4666817601363,11.866669040163798],[75.47229895843708,11.86666904006974],[75.48093698944129,11.866669040191066],[75.4833484299921,11.866669040247503],[75.4833484303897,11.863659506300234]]]}},{"type":"Feature","properties":{"grid":"O9","height":184,"airport":"Kannur"},"geometry":{"type":"Polygon","coordinates":[[[75.50001510012926,11.863659506088856],[75.5000150998284,11.854981275940048],[75.50001509988702,11.850002370316835],[75.49821305155344,11.850002369687807],[75.48957502073279,11.850002369881286],[75.48334842991947,11.85000236985089],[75.48334842986853,11.85498127607929],[75.4833484303897,11.863659506300234],[75.4833484299921,11.866669040247503],[75.48957502138744,11.866669039666995],[75.49821305226152,11.866669040307977],[75.50001509979809,11.86666904034663],[75.50001510012926,11.863659506088856]]]}},{"type":"Feature","properties":{"grid":"O10","height":184,"airport":"Kannur"},"geometry":{"type":"Polygon","coordinates":[[[75.51668177035356,11.8636595061149],[75.51668177026613,11.85498127581082],[75.51668177032784,11.85000237027688],[75.51548911383078,11.850002370213199],[75.50685108295302,11.850002370099796],[75.50001509988702,11.850002370316835],[75.5000150998284,11.854981275940048],[75.50001510012926,11.863659506088856],[75.50001509979809,11.86666904034663],[75.50685108279745,11.866669040302526],[75.51548911373237,11.866669039647666],[75.51668177009061,11.866669040448475],[75.51668177035356,11.8636595061149]]]}},{"type":"Feature","properties":{"grid":"O11","height":154,"airport":"Kannur"},"geometry":{"type":"Polygon","coordinates":[[[75.53334843976263,11.863659506368593],[75.53334843988158,11.854981275681835],[75.5333484399416,11.85000236972128],[75.5327651760527,11.850002370438132],[75.5241271449238,11.850002370025017],[75.51668177032784,11.85000237027688],[75.51668177026613,11.85498127581082],[75.51668177035356,11.8636595061149],[75.51668177009061,11.866669040448475],[75.52412714488867,11.866669040150617],[75.532765176082,11.866669040001346],[75.53334843956802,11.866669039638884],[75.53334843976263,11.863659506368593]]]}},{"type":"Feature","properties":{"grid":"O12","height":154,"airport":"Kannur"},"geometry":{"type":"Polygon","coordinates":[[[75.55001510980912,11.863659505930363],[75.55001511013069,11.854981276442148],[75.5500151101858,11.850002370443377],[75.54140320703306,11.85000236964253],[75.5333484399416,11.85000236972128],[75.53334843988158,11.854981275681835],[75.53334843976263,11.863659506368593],[75.53334843956802,11.866669039638884],[75.54140320713309,11.86666904010272],[75.55001510968825,11.866669039711256],[75.55001510980912,11.863659505930363]]]}},{"type":"Feature","properties":{"grid":"O13","height":184,"airport":"Kannur"},"geometry":{"type":"Polygon","coordinates":[[[75.56668178011289,11.8636595056922],[75.56668177970974,11.85498127627266],[75.56668177975483,11.850002369719805],[75.55867926967053,11.850002369841656],[75.55004123860714,11.850002370347905],[75.5500151101858,11.850002370443377],[75.55001511013069,11.854981276442148],[75.55001510980912,11.863659505930363],[75.55001510968825,11.866669039711256],[75.55004123877912,11.866669040451537],[75.55867926991915,11.866669040143805],[75.56668178006778,11.86666903974895],[75.56668178011289,11.8636595056922]]]}},{"type":"Feature","properties":{"grid":"O14","height":214,"airport":"Kannur"},"geometry":{"type":"Polygon","coordinates":[[[75.58334845029208,11.863659505641479],[75.58334845007452,11.854981276061478],[75.58334845010812,11.850002370247255],[75.57595533230439,11.850002369704441],[75.56731730096391,11.8500023699291],[75.56668177975483,11.850002369719805],[75.56668177970974,11.85498127627266],[75.56668178011289,11.8636595056922],[75.56668178006778,11.86666903974895],[75.56731730129218,11.866669040080545],[75.57595533179912,11.866669040262096],[75.58334845032479,11.866669039739321],[75.58334845029208,11.863659505641479]]]}},{"type":"Feature","properties":{"grid":"O15","height":244,"airport":"Kannur"},"geometry":{"type":"Polygon","coordinates":[[[75.60001511996481,11.863659505765268],[75.60001511992488,11.854981275797428],[75.60001511994162,11.850002370205996],[75.59323139440637,11.85000237012115],[75.58459336259479,11.85000237007229],[75.58334845010812,11.850002370247255],[75.58334845007452,11.854981276061478],[75.58334845029208,11.863659505641479],[75.58334845032479,11.866669039739321],[75.5845933630933,11.866669039778897],[75.59323139407951,11.866669040439842],[75.60001512007744,11.866669039669462],[75.60001511996481,11.863659505765268]]]}},{"type":"Feature","properties":{"grid":"O16","height":244,"airport":"Kannur"},"geometry":{"type":"Polygon","coordinates":[[[75.61668178966733,11.863659506048322],[75.61668178979878,11.854981276369607],[75.6166817897911,11.850002369580757],[75.61050745728056,11.850002370169246],[75.6018694248039,11.850002369855165],[75.60001511994162,11.850002370205996],[75.60001511992488,11.854981275797428],[75.60001511996481,11.863659505765268],[75.60001512007744,11.866669039669462],[75.6018694245729,11.8666690404348],[75.61050745714677,11.86666903975628],[75.616681789864,11.866669040428413],[75.61668178966733,11.863659506048322]]]}},{"type":"Feature","properties":{"grid":"O17","height":244,"airport":"Kannur"},"geometry":{"type":"Polygon","coordinates":[[[75.63334845993371,11.863659505570583],[75.63334846022812,11.854981275953632],[75.63334846019637,11.850002370164448],[75.6277835185606,11.850002369837759],[75.6191454879811,11.850002370165296],[75.6166817897911,11.850002369580757],[75.61668178979878,11.854981276369607],[75.61668178966733,11.863659506048322],[75.616681789864,11.866669040428413],[75.61914548795168,11.866669040219088],[75.62778351863886,11.86666904000906],[75.63334846021674,11.866669040191804],[75.63334845993371,11.863659505570583]]]}},{"type":"Feature","properties":{"grid":"O18","height":244,"airport":"Kannur"},"geometry":{"type":"Polygon","coordinates":[[[75.65001513038617,11.86365950612644],[75.65001512991677,11.854981276346061],[75.6500151298531,11.850002370136352],[75.6450595813906,11.85000237000765],[75.63642154975813,11.850002370087223],[75.63334846019637,11.850002370164448],[75.63334846022812,11.854981275953632],[75.63334845993371,11.863659505570583],[75.63334846021674,11.866669040191804],[75.6364215499475,11.866669040026762],[75.64505958077847,11.866669040272571],[75.65001512983757,11.866669039851859],[75.65001513038617,11.86365950612644]]]}},{"type":"Feature","properties":{"grid":"O19","height":244,"airport":"Kannur"},"geometry":{"type":"Polygon","coordinates":[[[75.66668179972041,11.863659505894992],[75.66668180031446,11.854981275719636],[75.66668180021715,11.850002370382175],[75.66233564340214,11.850002369762917],[75.65369761235888,11.85000236959939],[75.6500151298531,11.850002370136352],[75.65001512991677,11.854981276346061],[75.65001513038617,11.86365950612644],[75.65001512983757,11.866669039851859],[75.65369761186679,11.866669039838367],[75.6623356430336,11.866669039626679],[75.66668180018301,11.866669040294196],[75.66668179972041,11.863659505894992]]]}},{"type":"Feature","properties":{"grid":"O20","height":244,"airport":"Kannur"},"geometry":{"type":"Polygon","coordinates":[[[75.68334847031083,11.863659505759236],[75.68334847012527,11.854981275870209],[75.68334846998594,11.850002369984875],[75.67961170590331,11.850002369987445],[75.67097367433722,11.850002369592161],[75.66668180021715,11.850002370382175],[75.66668180031446,11.854981275719636],[75.66668179972041,11.863659505894992],[75.66668180018301,11.866669040294196],[75.67097367409792,11.866669039635743],[75.67961170579689,11.86666903986158],[75.68334846994865,11.8666690396975],[75.68334847031083,11.863659505759236]]]}},{"type":"Feature","properties":{"grid":"O21","height":244,"airport":"Kannur"},"geometry":{"type":"Polygon","coordinates":[[[75.70001513993925,11.863659505708272],[75.70001513988282,11.854981275876126],[75.70001513969743,11.850002369831385],[75.69688776836159,11.850002369760318],[75.68824973699911,11.850002370044852],[75.68334846998594,11.850002369984875],[75.68334847012527,11.854981275870209],[75.68334847031083,11.863659505759236],[75.68334846994865,11.8666690396975],[75.68824973703143,11.86666904030454],[75.69688776761826,11.866669040058563],[75.70001513967509,11.866669039852946],[75.70001513993925,11.863659505708272]]]}},{"type":"Feature","properties":{"grid":"O22","height":244,"airport":"Kannur"},"geometry":{"type":"Polygon","coordinates":[[[75.71668181005987,11.863659505722032],[75.71668181012296,11.854981275719505],[75.71668180988729,11.850002369903791],[75.71416383024903,11.8500023699688],[75.705525798894,11.850002370038524],[75.70001513969743,11.850002369831385],[75.70001513988282,11.854981275876126],[75.70001513993925,11.863659505708272],[75.70001513967509,11.866669039852946],[75.7055257992149,11.866669040021554],[75.71416382980411,11.866669040196154],[75.71668180989623,11.86666903983834],[75.71668181005987,11.863659505722032]]]}},{"type":"Feature","properties":{"grid":"O23","height":244,"airport":"Kannur"},"geometry":{"type":"Polygon","coordinates":[[[75.73334848029057,11.863659505784458],[75.73334847954777,11.854981276290923],[75.73334848017323,11.850002370186093],[75.73143989195106,11.850002369688937],[75.72280186132762,11.850002369551463],[75.71668180988729,11.850002369903791],[75.71668181012296,11.854981275719505],[75.71668181005987,11.863659505722032],[75.71668180989623,11.86666903983834],[75.72280186103876,11.866669039671594],[75.73143989182452,11.866669040256832],[75.73334848023006,11.866669039637625],[75.73334848029057,11.863659505784458]]]}},{"type":"Feature","properties":{"grid":"P1","height":244,"airport":"Kannur"},"geometry":{"type":"Polygon","coordinates":[[[75.36668174034244,11.846303045860044],[75.36668174015914,11.837624815374793],[75.36668173958863,11.833335700041069],[75.36000455413563,11.8333356996238],[75.35136652157024,11.833335699867781],[75.35001506991547,11.83333569961992],[75.35001506957842,11.83762481491523],[75.35001506986919,11.846303046391835],[75.35001506976076,11.850002370069863],[75.35136652160976,11.850002369907697],[75.36000455437345,11.850002369751353],[75.36668173962174,11.850002369664692],[75.36668174034244,11.846303045860044]]]}},{"type":"Feature","properties":{"grid":"P2","height":244,"airport":"Kannur"},"geometry":{"type":"Polygon","coordinates":[[[75.38334840975513,11.84630304610041],[75.38334840967188,11.83762481457059],[75.38334841002928,11.833335700435049],[75.37728061573037,11.833335700266296],[75.36864258466544,11.833335700361014],[75.36668173958863,11.833335700041069],[75.36668174015914,11.837624815374793],[75.36668174034244,11.846303045860044],[75.36668173962174,11.850002369664692],[75.36864258510337,11.850002370226912],[75.37728061637165,11.850002370425573],[75.38334841025993,11.850002369740695],[75.38334840975513,11.84630304610041]]]}},{"type":"Feature","properties":{"grid":"P3","height":244,"airport":"Kannur"},"geometry":{"type":"Polygon","coordinates":[[[75.40001507956005,11.846303046197804],[75.4000150795741,11.837624815204787],[75.40001507993566,11.833335699890295],[75.39455667782694,11.833335700291213],[75.38591864715056,11.833335700242955],[75.38334841002928,11.833335700435049],[75.38334840967188,11.83762481457059],[75.38334840975513,11.84630304610041],[75.38334841025993,11.850002369740695],[75.38591864707912,11.850002370347543],[75.3945566779629,11.850002369990591],[75.40001508037524,11.850002370290602],[75.40001507956005,11.846303046197804]]]}},{"type":"Feature","properties":{"grid":"P4","height":214,"airport":"Kannur"},"geometry":{"type":"Polygon","coordinates":[[[75.41668175029312,11.846303046141976],[75.41668175039767,11.83762481455417],[75.41668174984589,11.833335700205415],[75.41183273989483,11.833335699688952],[75.40319470941452,11.833335700407476],[75.40001507993566,11.833335699890295],[75.4000150795741,11.837624815204787],[75.40001507956005,11.846303046197804],[75.40001508037524,11.850002370290602],[75.40319470884323,11.850002370257991],[75.41183274045589,11.850002370242994],[75.41668174958431,11.850002370401386],[75.41668175029312,11.846303046141976]]]}},{"type":"Feature","properties":{"grid":"P5","height":214,"airport":"Kannur"},"geometry":{"type":"Polygon","coordinates":[[[75.433348419736,11.846303045926406],[75.43334841992817,11.837624815325213],[75.43334842029286,11.833335699561166],[75.42910880324243,11.833335700255448],[75.42047077184361,11.833335699939209],[75.41668174984589,11.833335700205415],[75.41668175039767,11.83762481455417],[75.41668175029312,11.846303046141976],[75.41668174958431,11.850002370401386],[75.42047077170182,11.85000236994583],[75.42910880331941,11.850002370268356],[75.43334842025932,11.850002370059787],[75.433348419736,11.846303045926406]]]}},{"type":"Feature","properties":{"grid":"P6","height":184,"airport":"Kannur"},"geometry":{"type":"Polygon","coordinates":[[[75.45001509026217,11.846303046441736],[75.4500150896151,11.83762481479269],[75.45001508997882,11.833335699758049],[75.4463848645825,11.833335700175835],[75.43774683390879,11.833335699732306],[75.43334842029286,11.833335699561166],[75.43334841992817,11.837624815325213],[75.433348419736,11.846303045926406],[75.43334842025932,11.850002370059787],[75.43774683420824,11.850002370306477],[75.44638486510533,11.850002370057659],[75.45001509018333,11.850002370163226],[75.45001509026217,11.846303046441736]]]}},{"type":"Feature","properties":{"grid":"P7","height":184,"airport":"Kannur"},"geometry":{"type":"Polygon","coordinates":[[[75.46668175965037,11.846303045872174],[75.46668175999697,11.837624814753793],[75.46668176035598,11.833335699878898],[75.46366092705814,11.833335700338024],[75.45502289599766,11.833335699774798],[75.45001508997882,11.833335699758049],[75.4500150896151,11.83762481479269],[75.45001509026217,11.846303046441736],[75.45001509018333,11.850002370163226],[75.45502289583115,11.850002370425054],[75.46366092711978,11.850002369597338],[75.46668175989089,11.850002369796107],[75.46668175965037,11.846303045872174]]]}},{"type":"Feature","properties":{"grid":"P8","height":244,"airport":"Kannur"},"geometry":{"type":"Polygon","coordinates":[[[75.48334843027558,11.84630304601161],[75.4833484297734,11.837624815199664],[75.48334843012378,11.833335699914874],[75.48093698921937,11.833335699827805],[75.4722989575799,11.833335700055686],[75.46668176035598,11.833335699878898],[75.46668175999697,11.837624814753793],[75.46668175965037,11.846303045872174],[75.46668175989089,11.850002369796107],[75.47229895787666,11.850002370287696],[75.48093698883429,11.850002369780434],[75.48334842991947,11.85000236985089],[75.48334843027558,11.84630304601161]]]}},{"type":"Feature","properties":{"grid":"P9","height":244,"airport":"Kannur"},"geometry":{"type":"Polygon","coordinates":[[[75.50001509991793,11.84630304594804],[75.50001510039651,11.83762481521218],[75.50001509981772,11.8333356998538],[75.49821305237492,11.833335700439028],[75.48957502087752,11.833335699654576],[75.48334843012378,11.833335699914874],[75.4833484297734,11.837624815199664],[75.48334843027558,11.84630304601161],[75.48334842991947,11.85000236985089],[75.48957502073279,11.850002369881286],[75.49821305155344,11.850002369687807],[75.50001509988702,11.850002370316835],[75.50001509991793,11.84630304594804]]]}},{"type":"Feature","properties":{"grid":"P10","height":244,"airport":"Kannur"},"geometry":{"type":"Polygon","coordinates":[[[75.5166817700313,11.846303045667245],[75.51668176964773,11.837624814783489],[75.51668176997327,11.83333569968295],[75.51548911415509,11.833335700354173],[75.50685108260923,11.833335700372873],[75.50001509981772,11.8333356998538],[75.50001510039651,11.83762481521218],[75.50001509991793,11.84630304594804],[75.50001509988702,11.850002370316835],[75.50685108295302,11.850002370099796],[75.51548911383078,11.850002370213199],[75.51668177032784,11.85000237027688],[75.5166817700313,11.846303045667245]]]}},{"type":"Feature","properties":{"grid":"P11","height":244,"airport":"Kannur"},"geometry":{"type":"Polygon","coordinates":[[[75.53334844023514,11.846303046061992],[75.53334843990037,11.83762481480152],[75.53334844020961,11.833335700295162],[75.53276517586532,11.833335699557528],[75.52412714499538,11.83333570038484],[75.51668176997327,11.83333569968295],[75.51668176964773,11.837624814783489],[75.5166817700313,11.846303045667245],[75.51668177032784,11.85000237027688],[75.5241271449238,11.850002370025017],[75.5327651760527,11.850002370438132],[75.5333484399416,11.85000236972128],[75.53334844023514,11.846303046061992]]]}},{"type":"Feature","properties":{"grid":"P12","height":244,"airport":"Kannur"},"geometry":{"type":"Polygon","coordinates":[[[75.55001511014551,11.846303046216182],[75.550015109854,11.83762481525609],[75.55001511014072,11.833335699869977],[75.54140320658732,11.833335699679447],[75.53334844020961,11.833335700295162],[75.53334843990037,11.83762481480152],[75.53334844023514,11.846303046061992],[75.5333484399416,11.85000236972128],[75.54140320703306,11.85000236964253],[75.5500151101858,11.850002370443377],[75.55001511014551,11.846303046216182]]]}},{"type":"Feature","properties":{"grid":"P13","height":244,"airport":"Kannur"},"geometry":{"type":"Polygon","coordinates":[[[75.56668178029815,11.846303046115809],[75.56668178004242,11.837624815228931],[75.56668178030556,11.833335700202063],[75.55867926961211,11.833335700046886],[75.55004123881461,11.833335699841285],[75.55001511014072,11.833335699869977],[75.550015109854,11.83762481525609],[75.55001511014551,11.846303046216182],[75.5500151101858,11.850002370443377],[75.55004123860714,11.850002370347905],[75.55867926967053,11.850002369841656],[75.56668177975483,11.850002369719805],[75.56668178029815,11.846303046115809]]]}},{"type":"Feature","properties":{"grid":"P14","height":244,"airport":"Kannur"},"geometry":{"type":"Polygon","coordinates":[[[75.58334845031072,11.846303045748291],[75.58334845008302,11.837624814707452],[75.58334845031975,11.833335700374512],[75.57595533169963,11.833335699668453],[75.56731730063477,11.833335700291213],[75.56668178030556,11.833335700202063],[75.56668178004242,11.837624815228931],[75.56668178029815,11.846303046115809],[75.56668177975483,11.850002369719805],[75.56731730096391,11.8500023699291],[75.57595533230439,11.850002369704441],[75.58334845010812,11.850002370247255],[75.58334845031072,11.846303045748291]]]}},{"type":"Feature","properties":{"grid":"P15","height":244,"airport":"Kannur"},"geometry":{"type":"Polygon","coordinates":[[[75.60001511980286,11.846303046005012],[75.6000151195952,11.837624814583048],[75.60001511980066,11.833335700374455],[75.5932313941591,11.833335700335104],[75.58459336262938,11.833335699985666],[75.58334845031975,11.833335700374512],[75.58334845008302,11.837624814707452],[75.58334845031072,11.846303045748291],[75.58334845010812,11.850002370247255],[75.58459336259479,11.85000237007229],[75.59323139440637,11.85000237012115],[75.60001511994162,11.850002370205996],[75.60001511980286,11.846303046005012]]]}},{"type":"Feature","properties":{"grid":"P16","height":244,"airport":"Kannur"},"geometry":{"type":"Polygon","coordinates":[[[75.61668179022638,11.84630304596445],[75.61668179003254,11.837624814838499],[75.61668179020165,11.833335700184664],[75.61050745737414,11.83333570022178],[75.60186942518773,11.833335699812773],[75.60001511980066,11.833335700374455],[75.6000151195952,11.837624814583048],[75.60001511980286,11.846303046005012],[75.60001511994162,11.850002370205996],[75.6018694248039,11.850002369855165],[75.61050745728056,11.850002370169246],[75.6166817897911,11.850002369580757],[75.61668179022638,11.84630304596445]]]}},{"type":"Feature","properties":{"grid":"P17","height":244,"airport":"Kannur"},"geometry":{"type":"Polygon","coordinates":[[[75.63334846028086,11.846303045614814],[75.63334846009245,11.837624814557742],[75.63334846022204,11.833335699793366],[75.6277835189801,11.833335700221868],[75.61914548777928,11.8333356997578],[75.61668179020165,11.833335700184664],[75.61668179003254,11.837624814838499],[75.61668179022638,11.84630304596445],[75.6166817897911,11.850002369580757],[75.6191454879811,11.850002370165296],[75.6277835185606,11.850002369837759],[75.63334846019637,11.850002370164448],[75.63334846028086,11.846303045614814]]]}},{"type":"Feature","properties":{"grid":"P18","height":244,"airport":"Kannur"},"geometry":{"type":"Polygon","coordinates":[[[75.65001512958604,11.846303045846387],[75.65001513031243,11.837624814628946],[75.65001513039924,11.833335700088764],[75.64505958120036,11.83333570031415],[75.63642154987342,11.833335699805712],[75.63334846022204,11.833335699793366],[75.63334846009245,11.837624814557742],[75.63334846028086,11.846303045614814],[75.63334846019637,11.850002370164448],[75.63642154975813,11.850002370087223],[75.6450595813906,11.85000237000765],[75.6500151298531,11.850002370136352],[75.65001512958604,11.846303045846387]]]}},{"type":"Feature","properties":{"grid":"P19","height":244,"airport":"Kannur"},"geometry":{"type":"Polygon","coordinates":[[[75.66668179959352,11.846303045736231],[75.66668180030995,11.837624815037662],[75.66668180034854,11.833335700152109],[75.66233564258417,11.833335699580662],[75.65369761185761,11.833335699938965],[75.65001513039924,11.833335700088764],[75.65001513031243,11.837624814628946],[75.65001512958604,11.846303045846387],[75.6500151298531,11.850002370136352],[75.65369761235888,11.85000236959939],[75.66233564340214,11.850002369762917],[75.66668180021715,11.850002370382175],[75.66668179959352,11.846303045736231]]]}},{"type":"Feature","properties":{"grid":"P20","height":244,"airport":"Kannur"},"geometry":{"type":"Polygon","coordinates":[[[75.68334846992306,11.846303046173727],[75.68334846970025,11.837624814864819],[75.68334846968717,11.833335699968616],[75.67961170627716,11.833335699805195],[75.67097367411917,11.83333570013954],[75.66668180034854,11.833335700152109],[75.66668180030995,11.837624815037662],[75.66668179959352,11.846303045736231],[75.66668180021715,11.850002370382175],[75.67097367433722,11.850002369592161],[75.67961170590331,11.850002369987445],[75.68334846998594,11.850002369984875],[75.68334846992306,11.846303046173727]]]}},{"type":"Feature","properties":{"grid":"P21","height":244,"airport":"Kannur"},"geometry":{"type":"Polygon","coordinates":[[[75.70001514019009,11.846303046239317],[75.70001513993888,11.837624814995122],[75.70001513987067,11.833335700422989],[75.69688776807456,11.83333570007555],[75.6882497370455,11.8333357003888],[75.68334846968717,11.833335699968616],[75.68334846970025,11.837624814864819],[75.68334846992306,11.846303046173727],[75.68334846998594,11.850002369984875],[75.68824973699911,11.850002370044852],[75.69688776836159,11.850002369760318],[75.70001513969743,11.850002369831385],[75.70001514019009,11.846303046239317]]]}},{"type":"Feature","properties":{"grid":"P22","height":244,"airport":"Kannur"},"geometry":{"type":"Polygon","coordinates":[[[75.71668181001206,11.84630304591743],[75.71668180972529,11.83762481541516],[75.71668180959371,11.833335699693281],[75.7141638301997,11.833335700368155],[75.70552579918555,11.83333569976787],[75.70001513987067,11.833335700422989],[75.70001513993888,11.837624814995122],[75.70001514019009,11.846303046239317],[75.70001513969743,11.850002369831385],[75.705525798894,11.850002370038524],[75.71416383024903,11.8500023699688],[75.71668180988729,11.850002369903791],[75.71668181001206,11.84630304591743]]]}},{"type":"Feature","properties":{"grid":"P23","height":244,"airport":"Kannur"},"geometry":{"type":"Polygon","coordinates":[[[75.73334847992692,11.846303046094116],[75.73334847959246,11.837624815202412],[75.7333484803141,11.833335699567447],[75.73143989211943,11.833335699761244],[75.72280186093124,11.833335700065941],[75.71668180959371,11.833335699693281],[75.71668180972529,11.83762481541516],[75.71668181001206,11.84630304591743],[75.71668180988729,11.850002369903791],[75.72280186132762,11.850002369551463],[75.73143989195106,11.850002369688937],[75.73334848017323,11.850002370186093],[75.73334847992692,11.846303046094116]]]}},{"type":"Feature","properties":{"grid":"Q1","height":244,"airport":"Kannur"},"geometry":{"type":"Polygon","coordinates":[[[75.36668174007885,11.828946585035583],[75.36668174010187,11.82026835484605],[75.36668174011395,11.816669029940348],[75.36000455389559,11.81666902992134],[75.35136652171964,11.81666903024906],[75.35001507014536,11.816669029590765],[75.350015070005,11.820268355110144],[75.35001506993078,11.82894658539073],[75.35001506991547,11.83333569961992],[75.35136652157024,11.833335699867781],[75.36000455413563,11.8333356996238],[75.36668173958863,11.833335700041069],[75.36668174007885,11.828946585035583]]]}},{"type":"Feature","properties":{"grid":"Q2","height":244,"airport":"Kannur"},"geometry":{"type":"Polygon","coordinates":[[[75.38334841007442,11.828946584996945],[75.38334841004122,11.820268354671398],[75.38334840992229,11.816669029755953],[75.37728061562144,11.816669029634653],[75.36864258495096,11.81666903001867],[75.36668174011395,11.816669029940348],[75.36668174010187,11.82026835484605],[75.36668174007885,11.828946585035583],[75.36668173958863,11.833335700041069],[75.36864258466544,11.833335700361014],[75.37728061573037,11.833335700266296],[75.38334841002928,11.833335700435049],[75.38334841007442,11.828946584996945]]]}},{"type":"Feature","properties":{"grid":"Q3","height":244,"airport":"Kannur"},"geometry":{"type":"Polygon","coordinates":[[[75.40001508045299,11.828946585265165],[75.4000150803583,11.820268354576516],[75.40001508010674,11.816669029932262],[75.39455667784101,11.816669030127857],[75.38591864664515,11.816669029671392],[75.38334840992229,11.816669029755953],[75.38334841004122,11.820268354671398],[75.38334841007442,11.828946584996945],[75.38334841002928,11.833335700435049],[75.38591864715056,11.833335700242955],[75.39455667782694,11.833335700291213],[75.40001507993566,11.833335699890295],[75.40001508045299,11.828946585265165]]]}},{"type":"Feature","properties":{"grid":"Q4","height":244,"airport":"Kannur"},"geometry":{"type":"Polygon","coordinates":[[[75.4166817499127,11.828946584928374],[75.4166817497524,11.820268354553878],[75.41668175028317,11.816669029556094],[75.41183274002093,11.816669029582744],[75.40319470902665,11.816669030098666],[75.40001508010674,11.816669029932262],[75.4000150803583,11.820268354576516],[75.40001508045299,11.828946585265165],[75.40001507993566,11.833335699890295],[75.40319470941452,11.833335700407476],[75.41183273989483,11.833335699688952],[75.41668174984589,11.833335700205415],[75.4166817499127,11.828946584928374]]]}},{"type":"Feature","properties":{"grid":"Q5","height":244,"airport":"Kannur"},"geometry":{"type":"Polygon","coordinates":[[[75.4333484199083,11.828946584879093],[75.43334841967676,11.820268354591706],[75.43334842007147,11.816669030426926],[75.42910880255096,11.816669029796637],[75.42047077156342,11.81666903038631],[75.41668175028317,11.816669029556094],[75.4166817497524,11.820268354553878],[75.4166817499127,11.828946584928374],[75.41668174984589,11.833335700205415],[75.42047077184361,11.833335699939209],[75.42910880324243,11.833335700255448],[75.43334842029286,11.833335699561166],[75.4333484199083,11.828946584879093]]]}},{"type":"Feature","properties":{"grid":"Q6","height":244,"airport":"Kannur"},"geometry":{"type":"Polygon","coordinates":[[[75.45001509005729,11.828946585107712],[75.45001508974856,11.820268354680366],[75.45001509000252,11.816669029820885],[75.44638486489893,11.816669029854847],[75.43774683372314,11.816669029619879],[75.43334842007147,11.816669030426926],[75.43334841967676,11.820268354591706],[75.4333484199083,11.828946584879093],[75.43334842029286,11.833335699561166],[75.43774683390879,11.833335699732306],[75.4463848645825,11.833335700175835],[75.45001508997882,11.833335699758049],[75.45001509005729,11.828946585107712]]]}},{"type":"Feature","properties":{"grid":"Q7","height":244,"airport":"Kannur"},"geometry":{"type":"Polygon","coordinates":[[[75.46668175997559,11.828946584699935],[75.46668175958503,11.820268354809905],[75.46668175969778,11.816669030441002],[75.463660927452,11.816669029745103],[75.45502289589578,11.816669029596037],[75.45001509000252,11.816669029820885],[75.45001508974856,11.820268354680366],[75.45001509005729,11.828946585107712],[75.45001508997882,11.833335699758049],[75.45502289599766,11.833335699774798],[75.46366092705814,11.833335700338024],[75.46668176035598,11.833335699878898],[75.46668175997559,11.828946584699935]]]}},{"type":"Feature","properties":{"grid":"Q8","height":244,"airport":"Kannur"},"geometry":{"type":"Polygon","coordinates":[[[75.48334843020004,11.828946584548282],[75.48334842972137,11.820268354968535],[75.48334842968781,11.816669029562501],[75.48093698876283,11.816669030362076],[75.47229895755059,11.816669030303812],[75.46668175969778,11.816669030441002],[75.46668175958503,11.820268354809905],[75.46668175997559,11.828946584699935],[75.46668176035598,11.833335699878898],[75.4722989575799,11.833335700055686],[75.48093698921937,11.833335699827805],[75.48334843012378,11.833335699914874],[75.48334843020004,11.828946584548282]]]}},{"type":"Feature","properties":{"grid":"Q9","height":244,"airport":"Kannur"},"geometry":{"type":"Polygon","coordinates":[[[75.50001510034812,11.828946584642035],[75.50001509977476,11.82026835514554],[75.50001509959434,11.816669029887642],[75.4982130519693,11.816669029879307],[75.48957502090755,11.816669029918526],[75.48334842968781,11.816669029562501],[75.48334842972137,11.820268354968535],[75.48334843020004,11.828946584548282],[75.48334843012378,11.833335699914874],[75.48957502087752,11.833335699654576],[75.49821305237492,11.833335700439028],[75.50001509981772,11.8333356998538],[75.50001510034812,11.828946584642035]]]}},{"type":"Feature","properties":{"grid":"Q10","height":244,"airport":"Kannur"},"geometry":{"type":"Polygon","coordinates":[[[75.5166817700372,11.828946584970137],[75.51668177028033,11.820268355328208],[75.51668176994923,11.8166690295951],[75.5154891137898,11.816669030098005],[75.50685108268499,11.816669030241558],[75.50001509959434,11.816669029887642],[75.50001509977476,11.82026835514554],[75.50001510034812,11.828946584642035],[75.50001509981772,11.8333356998538],[75.50685108260923,11.833335700372873],[75.51548911415509,11.833335700354173],[75.51668176997327,11.83333569968295],[75.5166817700372,11.828946584970137]]]}},{"type":"Feature","properties":{"grid":"Q11","height":244,"airport":"Kannur"},"geometry":{"type":"Polygon","coordinates":[[[75.53334843980096,11.828946584615236],[75.53334843993551,11.820268354602483],[75.5333484403712,11.816669029577687],[75.53276517644568,11.81666903009649],[75.5241271451043,11.816669030351566],[75.51668176994923,11.8166690295951],[75.51668177028033,11.820268355328208],[75.5166817700372,11.828946584970137],[75.51668176997327,11.83333569968295],[75.52412714499538,11.83333570038484],[75.53276517586532,11.833335699557528],[75.53334844020961,11.833335700295162],[75.53334843980096,11.828946584615236]]]}},{"type":"Feature","properties":{"grid":"Q12","height":244,"airport":"Kannur"},"geometry":{"type":"Polygon","coordinates":[[[75.5500151101782,11.828946585372359],[75.55001511019682,11.820268354761788],[75.5500151095594,11.816669029825396],[75.5414032067166,11.81666903023747],[75.5333484403712,11.816669029577687],[75.53334843993551,11.820268354602483],[75.53334843980096,11.828946584615236],[75.53334844020961,11.833335700295162],[75.54140320658732,11.833335699679447],[75.55001511014072,11.833335699869977],[75.5500151101782,11.828946585372359]]]}},{"type":"Feature","properties":{"grid":"Q13","height":244,"airport":"Kannur"},"geometry":{"type":"Polygon","coordinates":[[[75.56668177986472,11.828946585422445],[75.56668177976174,11.820268354891377],[75.56668177988477,11.816669030320778],[75.55867926974476,11.816669029880906],[75.55004123940599,11.816669029861723],[75.5500151095594,11.816669029825396],[75.55001511019682,11.820268354761788],[75.5500151101782,11.828946585372359],[75.55001511014072,11.833335699869977],[75.55004123881461,11.833335699841285],[75.55867926961211,11.833335700046886],[75.56668178030556,11.833335700202063],[75.56668177986472,11.828946585422445]]]}},{"type":"Feature","properties":{"grid":"Q14","height":244,"airport":"Kannur"},"geometry":{"type":"Polygon","coordinates":[[[75.58334845031372,11.828946584749303],[75.58334845008325,11.820268354975045],[75.58334845004453,11.816669030148688],[75.57595533182376,11.81666903017612],[75.56731730122364,11.816669030286436],[75.56668177988477,11.816669030320778],[75.56668177976174,11.820268354891377],[75.56668177986472,11.828946585422445],[75.56668178030556,11.833335700202063],[75.56731730063477,11.833335700291213],[75.57595533169963,11.833335699668453],[75.58334845031975,11.833335700374512],[75.58334845031372,11.828946584749303]]]}},{"type":"Feature","properties":{"grid":"Q15","height":244,"airport":"Kannur"},"geometry":{"type":"Polygon","coordinates":[[[75.60001512022828,11.828946585150401],[75.60001511986053,11.820268355001703],[75.6000151196575,11.816669030200558],[75.59323139425672,11.816669030201146],[75.58459336320178,11.81666903044901],[75.58334845004453,11.816669030148688],[75.58334845008325,11.820268354975045],[75.58334845031372,11.828946584749303],[75.58334845031975,11.833335700374512],[75.58459336262938,11.833335699985666],[75.5932313941591,11.833335700335104],[75.60001511980066,11.833335700374455],[75.60001512022828,11.828946585150401]]]}},{"type":"Feature","properties":{"grid":"Q16","height":244,"airport":"Kannur"},"geometry":{"type":"Polygon","coordinates":[[[75.61668179013981,11.828946584801958],[75.61668178962854,11.820268354956145],[75.61668179017461,11.816669029554905],[75.61050745743056,11.81666902993957],[75.6018694248094,11.816669030335255],[75.6000151196575,11.816669030200558],[75.60001511986053,11.820268355001703],[75.60001512022828,11.828946585150401],[75.60001511980066,11.833335700374455],[75.60186942518773,11.833335699812773],[75.61050745737414,11.83333570022178],[75.61668179020165,11.833335700184664],[75.61668179013981,11.828946584801958]]]}},{"type":"Feature","properties":{"grid":"Q17","height":244,"airport":"Kannur"},"geometry":{"type":"Polygon","coordinates":[[[75.63334845966749,11.828946584594604],[75.63334845992233,11.820268354822684],[75.63334846029889,11.816669030008544],[75.62778351898034,11.816669030284814],[75.61914548826925,11.816669029924604],[75.61668179017461,11.816669029554905],[75.61668178962854,11.820268354956145],[75.61668179013981,11.828946584801958],[75.61668179020165,11.833335700184664],[75.61914548777928,11.8333356997578],[75.6277835189801,11.833335700221868],[75.63334846022204,11.833335699793366],[75.63334845966749,11.828946584594604]]]}},{"type":"Feature","properties":{"grid":"Q18","height":244,"airport":"Kannur"},"geometry":{"type":"Polygon","coordinates":[[[75.65001513026672,11.828946585414423],[75.65001513035887,11.820268354587185],[75.65001512964325,11.81666902973891],[75.64505958112689,11.816669030311338],[75.63642155029855,11.81666903011218],[75.63334846029889,11.816669030008544],[75.63334845992233,11.820268354822684],[75.63334845966749,11.828946584594604],[75.63334846022204,11.833335699793366],[75.63642154987342,11.833335699805712],[75.64505958120036,11.83333570031415],[75.65001513039924,11.833335700088764],[75.65001513026672,11.828946585414423]]]}},{"type":"Feature","properties":{"grid":"Q19","height":244,"airport":"Kannur"},"geometry":{"type":"Polygon","coordinates":[[[75.66668179971455,11.828946585442543],[75.66668179963943,11.820268355141652],[75.66668179966253,11.816669029631749],[75.6623356433391,11.816669030003384],[75.65369761220009,11.816669029974234],[75.65001512964325,11.81666902973891],[75.65001513035887,11.820268354587185],[75.65001513026672,11.828946585414423],[75.65001513039924,11.833335700088764],[75.65369761185761,11.833335699938965],[75.66233564258417,11.833335699580662],[75.66668180034854,11.833335700152109],[75.66668179971455,11.828946585442543]]]}},{"type":"Feature","properties":{"grid":"Q20","height":244,"airport":"Kannur"},"geometry":{"type":"Polygon","coordinates":[[[75.68334847038197,11.82894658465775],[75.6833484701305,11.820268354656278],[75.68334846997371,11.81666902967212],[75.67961170600604,11.816669030246944],[75.6709736743629,11.816669030397037],[75.66668179966253,11.816669029631749],[75.66668179963943,11.820268355141652],[75.66668179971455,11.828946585442543],[75.66668180034854,11.833335700152109],[75.67097367411917,11.83333570013954],[75.67961170627716,11.833335699805195],[75.68334846968717,11.833335699968616],[75.68334847038197,11.82894658465775]]]}},{"type":"Feature","properties":{"grid":"Q21","height":244,"airport":"Kannur"},"geometry":{"type":"Polygon","coordinates":[[[75.70001514005465,11.828946584857748],[75.70001513961758,11.8202683549288],[75.70001514019368,11.816669029844828],[75.69688776767643,11.81666903012334],[75.68824973716941,11.816669029553449],[75.68334846997371,11.81666902967212],[75.6833484701305,11.820268354656278],[75.68334847038197,11.82894658465775],[75.68334846968717,11.833335699968616],[75.6882497370455,11.8333357003888],[75.69688776807456,11.83333570007555],[75.70001513987067,11.833335700422989],[75.70001514005465,11.828946584857748]]]}},{"type":"Feature","properties":{"grid":"Q22","height":244,"airport":"Kannur"},"geometry":{"type":"Polygon","coordinates":[[[75.71668181018353,11.82894658511824],[75.71668180955128,11.820268355034917],[75.71668180993933,11.816669030134332],[75.71416382965499,11.816669029611207],[75.7055257991773,11.816669030141714],[75.70001514019368,11.816669029844828],[75.70001513961758,11.8202683549288],[75.70001514005465,11.828946584857748],[75.70001513987067,11.833335700422989],[75.70552579918555,11.83333569976787],[75.7141638301997,11.833335700368155],[75.71668180959371,11.833335699693281],[75.71668181018353,11.82894658511824]]]}},{"type":"Feature","properties":{"grid":"Q23","height":244,"airport":"Kannur"},"geometry":{"type":"Polygon","coordinates":[[[75.73334848038576,11.828946585423198],[75.73334847954852,11.820268354958671],[75.7333484797431,11.816669029618176],[75.73143989233083,11.816669029595035],[75.7228018607689,11.816669030333916],[75.71668180993933,11.816669030134332],[75.71668180955128,11.820268355034917],[75.71668181018353,11.82894658511824],[75.71668180959371,11.833335699693281],[75.72280186093124,11.833335700065941],[75.73143989211943,11.833335699761244],[75.7333484803141,11.833335699567447],[75.73334848038576,11.828946585423198]]]}},{"type":"Feature","properties":{"grid":"R1","height":244,"airport":"Kannur"},"geometry":{"type":"Polygon","coordinates":[[[75.36668174022839,11.811590124809863],[75.36668174045748,11.802911894026332],[75.3666817402827,11.800002360293961],[75.36000455365397,11.800002359765507],[75.35136652205847,11.800002360173101],[75.35001507045212,11.800002360008305],[75.35001507024032,11.802911894102834],[75.35001506980248,11.811590124981443],[75.35001507014536,11.816669029590765],[75.35136652171964,11.81666903024906],[75.36000455389559,11.81666902992134],[75.36668174011395,11.816669029940348],[75.36668174022839,11.811590124809863]]]}},{"type":"Feature","properties":{"grid":"R2","height":244,"airport":"Kannur"},"geometry":{"type":"Polygon","coordinates":[[[75.38334840957506,11.81159012540624],[75.3833484095892,11.802911893586586],[75.38334840994457,11.800002360442305],[75.37728061604913,11.80000236036516],[75.36864258504495,11.80000236013129],[75.3666817402827,11.800002360293961],[75.36668174045748,11.802911894026332],[75.36668174022839,11.811590124809863],[75.36668174011395,11.816669029940348],[75.36864258495096,11.81666903001867],[75.37728061562144,11.816669029634653],[75.38334840992229,11.816669029755953],[75.38334840957506,11.81159012540624]]]}},{"type":"Feature","properties":{"grid":"R3","height":244,"airport":"Kannur"},"geometry":{"type":"Polygon","coordinates":[[[75.40001508021099,11.811590124949841],[75.40001508000739,11.802911893675848],[75.40001507997243,11.80000236044369],[75.39455667800833,11.80000236043075],[75.38591864740202,11.800002359560574],[75.38334840994457,11.800002360442305],[75.3833484095892,11.802911893586586],[75.38334840957506,11.81159012540624],[75.38334840992229,11.816669029755953],[75.38591864664515,11.816669029671392],[75.39455667784101,11.816669030127857],[75.40001508010674,11.816669029932262],[75.40001508021099,11.811590124949841]]]}},{"type":"Feature","properties":{"grid":"R4","height":244,"airport":"Kannur"},"geometry":{"type":"Polygon","coordinates":[[[75.41668174991982,11.81159012524301],[75.41668175041106,11.80291189428644],[75.41668174998303,11.80000236028927],[75.41183273991811,11.800002359951572],[75.403194708601,11.80000236026044],[75.40001507997243,11.80000236044369],[75.40001508000739,11.802911893675848],[75.40001508021099,11.811590124949841],[75.40001508010674,11.816669029932262],[75.40319470902665,11.816669030098666],[75.41183274002093,11.816669029582744],[75.41668175028317,11.816669029556094],[75.41668174991982,11.81159012524301]]]}},{"type":"Feature","properties":{"grid":"R5","height":244,"airport":"Kannur"},"geometry":{"type":"Polygon","coordinates":[[[75.43334842015321,11.811590125369607],[75.43334842041428,11.802911893600568],[75.43334841959307,11.800002359969916],[75.42910880308443,11.800002359819297],[75.42047077177986,11.800002360407337],[75.41668174998303,11.80000236028927],[75.41668175041106,11.80291189428644],[75.41668174991982,11.81159012524301],[75.41668175028317,11.816669029556094],[75.42047077156342,11.81666903038631],[75.42910880255096,11.816669029796637],[75.43334842007147,11.816669030426926],[75.43334842015321,11.811590125369607]]]}},{"type":"Feature","properties":{"grid":"R6","height":244,"airport":"Kannur"},"geometry":{"type":"Polygon","coordinates":[[[75.45001508961018,11.811590125321484],[75.45001508963804,11.802911894321765],[75.45001509025658,11.800002360377595],[75.44638486514023,11.80000236002625],[75.43774683365346,11.800002359995037],[75.43334841959307,11.800002359969916],[75.43334842041428,11.802911893600568],[75.43334842015321,11.811590125369607],[75.43334842007147,11.816669030426926],[75.43774683372314,11.816669029619879],[75.44638486489893,11.816669029854847],[75.45001509000252,11.816669029820885],[75.45001508961018,11.811590125321484]]]}},{"type":"Feature","properties":{"grid":"R7","height":244,"airport":"Kannur"},"geometry":{"type":"Polygon","coordinates":[[[75.46668175974365,11.81159012508586],[75.46668176044864,11.802911893722788],[75.46668175975157,11.800002359696578],[75.46366092738864,11.800002359654549],[75.4550228964457,11.80000235991314],[75.45001509025658,11.800002360377595],[75.45001508963804,11.802911894321765],[75.45001508961018,11.811590125321484],[75.45001509000252,11.816669029820885],[75.45502289589578,11.816669029596037],[75.463660927452,11.816669029745103],[75.46668175969778,11.816669030441002],[75.46668175974365,11.81159012508586]]]}},{"type":"Feature","properties":{"grid":"R8","height":244,"airport":"Kannur"},"geometry":{"type":"Polygon","coordinates":[[[75.48334843017055,11.811590124652321],[75.48334842971197,11.802911893606389],[75.48334843045144,11.800002359720763],[75.48093698929982,11.800002359597336],[75.47229895778949,11.800002360153599],[75.46668175975157,11.800002359696578],[75.46668176044864,11.802911893722788],[75.46668175974365,11.81159012508586],[75.46668175969778,11.816669030441002],[75.47229895755059,11.816669030303812],[75.48093698876283,11.816669030362076],[75.48334842968781,11.816669029562501],[75.48334843017055,11.811590124652321]]]}},{"type":"Feature","properties":{"grid":"R9","height":244,"airport":"Kannur"},"geometry":{"type":"Polygon","coordinates":[[[75.50001509959151,11.811590124916107],[75.50001509979867,11.802911893957367],[75.50001510013722,11.80000236044253],[75.49821305217837,11.800002359839818],[75.48957502082368,11.800002359794608],[75.48334843045144,11.800002359720763],[75.48334842971197,11.802911893606389],[75.48334843017055,11.811590124652321],[75.48334842968781,11.816669029562501],[75.48957502090755,11.816669029918526],[75.4982130519693,11.816669029879307],[75.50001509959434,11.816669029887642],[75.50001509959151,11.811590124916107]]]}},{"type":"Feature","properties":{"grid":"R10","height":244,"airport":"Kannur"},"geometry":{"type":"Polygon","coordinates":[[[75.51668177037578,11.811590124957027],[75.51668177032393,11.802911893860214],[75.51668177025817,11.800002360039072],[75.51548911365718,11.800002360373146],[75.50685108318268,11.800002359731666],[75.50001510013722,11.80000236044253],[75.50001509979867,11.802911893957367],[75.50001509959151,11.811590124916107],[75.50001509959434,11.816669029887642],[75.50685108268499,11.816669030241558],[75.5154891137898,11.816669030098005],[75.51668176994923,11.8166690295951],[75.51668177037578,11.811590124957027]]]}},{"type":"Feature","properties":{"grid":"R11","height":244,"airport":"Kannur"},"geometry":{"type":"Polygon","coordinates":[[[75.53334844030437,11.811590124766898],[75.5333484399882,11.802911894209517],[75.53334844043425,11.80000236030753],[75.53276517595698,11.800002360275613],[75.52412714525313,11.80000235995093],[75.51668177025817,11.800002360039072],[75.51668177032393,11.802911893860214],[75.51668177037578,11.811590124957027],[75.51668176994923,11.8166690295951],[75.5241271451043,11.816669030351566],[75.53276517644568,11.81666903009649],[75.5333484403712,11.816669029577687],[75.53334844030437,11.811590124766898]]]}},{"type":"Feature","properties":{"grid":"R12","height":244,"airport":"Kannur"},"geometry":{"type":"Polygon","coordinates":[[[75.5500151099139,11.811590125236608],[75.55001511024236,11.802911894085769],[75.55001511028046,11.800002360331815],[75.54140320742168,11.800002360438048],[75.53334844043425,11.80000236030753],[75.5333484399882,11.802911894209517],[75.53334844030437,11.811590124766898],[75.5333484403712,11.816669029577687],[75.5414032067166,11.81666903023747],[75.5500151095594,11.816669029825396],[75.5500151099139,11.811590125236608]]]}},{"type":"Feature","properties":{"grid":"R13","height":244,"airport":"Kannur"},"geometry":{"type":"Polygon","coordinates":[[[75.56668177973754,11.811590125447948],[75.56668177978696,11.80291189438288],[75.5666817803313,11.800002360098043],[75.55867927007301,11.80000236027379],[75.5500412385481,11.800002360438521],[75.55001511028046,11.800002360331815],[75.55001511024236,11.802911894085769],[75.5500151099139,11.811590125236608],[75.5500151095594,11.816669029825396],[75.55004123940599,11.816669029861723],[75.55867926974476,11.816669029880906],[75.56668177988477,11.816669030320778],[75.56668177973754,11.811590125447948]]]}},{"type":"Feature","properties":{"grid":"R14","height":244,"airport":"Kannur"},"geometry":{"type":"Polygon","coordinates":[[[75.58334845031003,11.811590125386418],[75.58334845007268,11.802911894180358],[75.58334845020333,11.80000235959361],[75.5759553317597,11.800002360350705],[75.56731730089734,11.800002359944177],[75.5666817803313,11.800002360098043],[75.56668177978696,11.80291189438288],[75.56668177973754,11.811590125447948],[75.56668177988477,11.816669030320778],[75.56731730122364,11.816669030286436],[75.57595533182376,11.81666903017612],[75.58334845004453,11.816669030148688],[75.58334845031003,11.811590125386418]]]}},{"type":"Feature","properties":{"grid":"R15","height":244,"airport":"Kannur"},"geometry":{"type":"Polygon","coordinates":[[[75.60001512033031,11.811590125040977],[75.6000151198002,11.802911894371437],[75.60001512043301,11.800002359708056],[75.59323139378421,11.800002359746912],[75.58459336339304,11.800002359681349],[75.58334845020333,11.80000235959361],[75.58334845007268,11.802911894180358],[75.58334845031003,11.811590125386418],[75.58334845004453,11.816669030148688],[75.58459336320178,11.81666903044901],[75.59323139425672,11.816669030201146],[75.6000151196575,11.816669030200558],[75.60001512033031,11.811590125040977]]]}},{"type":"Feature","properties":{"grid":"R16","height":244,"airport":"Kannur"},"geometry":{"type":"Polygon","coordinates":[[[75.61668179033514,11.811590125300713],[75.61668179042005,11.802911894034661],[75.61668178971917,11.800002360430032],[75.61050745745477,11.800002360252606],[75.60186942458591,11.80000235963775],[75.60001512043301,11.800002359708056],[75.6000151198002,11.802911894371437],[75.60001512033031,11.811590125040977],[75.6000151196575,11.816669030200558],[75.6018694248094,11.816669030335255],[75.61050745743056,11.81666902993957],[75.61668179017461,11.816669029554905],[75.61668179033514,11.811590125300713]]]}},{"type":"Feature","properties":{"grid":"R17","height":244,"airport":"Kannur"},"geometry":{"type":"Polygon","coordinates":[[[75.6333484599394,11.811590125247672],[75.63334845971501,11.8029118940646],[75.633348460428,11.800002359931318],[75.62778351856451,11.800002360052229],[75.61914548761617,11.800002359791073],[75.61668178971917,11.800002360430032],[75.61668179042005,11.802911894034661],[75.61668179033514,11.811590125300713],[75.61668179017461,11.816669029554905],[75.61914548826925,11.816669029924604],[75.62778351898034,11.816669030284814],[75.63334846029889,11.816669030008544],[75.6333484599394,11.811590125247672]]]}},{"type":"Feature","properties":{"grid":"R18","height":244,"airport":"Kannur"},"geometry":{"type":"Polygon","coordinates":[[[75.6500151296778,11.81159012486583],[75.65001513005552,11.802911894441177],[75.65001513034433,11.800002360010449],[75.64505958117337,11.800002360024866],[75.6364215501166,11.800002360130039],[75.633348460428,11.800002359931318],[75.63334845971501,11.8029118940646],[75.6333484599394,11.811590125247672],[75.63334846029889,11.816669030008544],[75.63642155029855,11.81666903011218],[75.64505958112689,11.816669030311338],[75.65001512964325,11.81666902973891],[75.6500151296778,11.81159012486583]]]}},{"type":"Feature","properties":{"grid":"R19","height":244,"airport":"Kannur"},"geometry":{"type":"Polygon","coordinates":[[[75.6666818000872,11.811590125042848],[75.66668180013816,11.802911894247663],[75.66668180000052,11.800002359746713],[75.66233564291416,11.800002360158887],[75.65369761155364,11.800002359735029],[75.65001513034433,11.800002360010449],[75.65001513005552,11.802911894441177],[75.6500151296778,11.81159012486583],[75.65001512964325,11.81666902973891],[75.65369761220009,11.816669029974234],[75.6623356433391,11.816669030003384],[75.66668179966253,11.816669029631749],[75.6666818000872,11.811590125042848]]]}},{"type":"Feature","properties":{"grid":"R20","height":244,"airport":"Kannur"},"geometry":{"type":"Polygon","coordinates":[[[75.68334846986431,11.811590124861791],[75.68334846958166,11.802911894373619],[75.68334846993316,11.800002360027488],[75.67961170600907,11.800002360431785],[75.67097367415374,11.800002360392453],[75.66668180000052,11.800002359746713],[75.66668180013816,11.802911894247663],[75.6666818000872,11.811590125042848],[75.66668179966253,11.816669029631749],[75.6709736743629,11.816669030397037],[75.67961170600604,11.816669030246944],[75.68334846997371,11.81666902967212],[75.68334846986431,11.811590124861791]]]}},{"type":"Feature","properties":{"grid":"R21","height":244,"airport":"Kannur"},"geometry":{"type":"Polygon","coordinates":[[[75.70001513954611,11.811590125209607],[75.70001513983614,11.802911893895242],[75.70001513975657,11.800002359933275],[75.69688776808854,11.800002359927019],[75.68824973738107,11.800002360277228],[75.68334846993316,11.800002360027488],[75.68334846958166,11.802911894373619],[75.68334846986431,11.811590124861791],[75.68334846997371,11.81666902967212],[75.68824973716941,11.816669029553449],[75.69688776767643,11.81666903012334],[75.70001514019368,11.816669029844828],[75.70001513954611,11.811590125209607]]]}},{"type":"Feature","properties":{"grid":"R22","height":244,"airport":"Kannur"},"geometry":{"type":"Polygon","coordinates":[[[75.71668180966499,11.811590125164203],[75.7166818096025,11.802911893703415],[75.71668181000736,11.800002360350563],[75.71416382954344,11.800002360434089],[75.70552579887048,11.800002360281361],[75.70001513975657,11.800002359933275],[75.70001513983614,11.802911893895242],[75.70001513954611,11.811590125209607],[75.70001514019368,11.816669029844828],[75.7055257991773,11.816669030141714],[75.71416382965499,11.816669029611207],[75.71668180993933,11.816669030134332],[75.71668180966499,11.811590125164203]]]}},{"type":"Feature","properties":{"grid":"R23","height":244,"airport":"Kannur"},"geometry":{"type":"Polygon","coordinates":[[[75.7333484798376,11.811590124709577],[75.7333484803331,11.80291189377764],[75.73334848029972,11.800002360359104],[75.73143989167336,11.800002360122498],[75.72280186084409,11.800002360381008],[75.71668181000736,11.800002360350563],[75.7166818096025,11.802911893703415],[75.71668180966499,11.811590125164203],[75.71668180993933,11.816669030134332],[75.7228018607689,11.816669030333916],[75.73143989233083,11.816669029595035],[75.7333484797431,11.816669029618176],[75.7333484798376,11.811590124709577]]]}},{"type":"Feature","properties":{"grid":"S1","height":244,"airport":"Kannur"},"geometry":{"type":"Polygon","coordinates":[[[75.36668173987385,11.79423366430897],[75.36668174031125,11.785555433850407],[75.36668174009553,11.783335690223431],[75.36000455433155,11.783335690085403],[75.3513665216706,11.783335689666938],[75.35001506991841,11.7833356899952],[75.35001507028865,11.785555433731208],[75.35001507040305,11.794233664287754],[75.35001507045212,11.800002360008305],[75.35136652205847,11.800002360173101],[75.36000455365397,11.800002359765507],[75.3666817402827,11.800002360293961],[75.36668173987385,11.79423366430897]]]}},{"type":"Feature","properties":{"grid":"S2","height":244,"airport":"Kannur"},"geometry":{"type":"Polygon","coordinates":[[[75.38334841009012,11.794233663737737],[75.38334841015767,11.785555434055906],[75.38334841009423,11.783335689806954],[75.37728061609359,11.783335689771912],[75.36864258494802,11.78333568982042],[75.36668174009553,11.783335690223431],[75.36668174031125,11.785555433850407],[75.36668173987385,11.79423366430897],[75.3666817402827,11.800002360293961],[75.36864258504495,11.80000236013129],[75.37728061604913,11.80000236036516],[75.38334840994457,11.800002360442305],[75.38334841009012,11.794233663737737]]]}},{"type":"Feature","properties":{"grid":"S3","height":244,"airport":"Kannur"},"geometry":{"type":"Polygon","coordinates":[[[75.40001507975306,11.794233664375463],[75.4000150803622,11.785555434338066],[75.40001508045,11.783335689640465],[75.39455667832947,11.783335690321394],[75.3859186466692,11.783335689940083],[75.38334841009423,11.783335689806954],[75.38334841015767,11.785555434055906],[75.38334841009012,11.794233663737737],[75.38334840994457,11.800002360442305],[75.38591864740202,11.800002359560574],[75.39455667800833,11.80000236043075],[75.40001507997243,11.80000236044369],[75.40001507975306,11.794233664375463]]]}},{"type":"Feature","properties":{"grid":"S4","height":244,"airport":"Kannur"},"geometry":{"type":"Polygon","coordinates":[[[75.41668175031262,11.79423366440213],[75.41668174962207,11.78555543378507],[75.41668174986138,11.78333568971649],[75.41183273958715,11.783335689916965],[75.40319470905612,11.783335690013029],[75.40001508045,11.783335689640465],[75.4000150803622,11.785555434338066],[75.40001507975306,11.794233664375463],[75.40001507997243,11.80000236044369],[75.403194708601,11.80000236026044],[75.41183273991811,11.800002359951572],[75.41668174998303,11.80000236028927],[75.41668175031262,11.79423366440213]]]}},{"type":"Feature","properties":{"grid":"S5","height":244,"airport":"Kannur"},"geometry":{"type":"Polygon","coordinates":[[[75.43334841954949,11.794233663811253],[75.43334842031005,11.785555434192451],[75.43334841978054,11.783335690023225],[75.42910880300906,11.783335690352047],[75.42047077157709,11.783335690029464],[75.41668174986138,11.78333568971649],[75.41668174962207,11.78555543378507],[75.41668175031262,11.79423366440213],[75.41668174998303,11.80000236028927],[75.42047077177986,11.800002360407337],[75.42910880308443,11.800002359819297],[75.43334841959307,11.800002359969916],[75.43334841954949,11.794233663811253]]]}},{"type":"Feature","properties":{"grid":"S6","height":244,"airport":"Kannur"},"geometry":{"type":"Polygon","coordinates":[[[75.45001508983688,11.794233664397826],[75.450015090204,11.785555433744642],[75.4500150898224,11.783335689646783],[75.44638486530714,11.783335689811574],[75.43774683370043,11.783335689979294],[75.43334841978054,11.783335690023225],[75.43334842031005,11.785555434192451],[75.43334841954949,11.794233663811253],[75.43334841959307,11.800002359969916],[75.43774683365346,11.800002359995037],[75.44638486514023,11.80000236002625],[75.45001509025658,11.800002360377595],[75.45001508983688,11.794233664397826]]]}},{"type":"Feature","properties":{"grid":"S7","height":244,"airport":"Kannur"},"geometry":{"type":"Polygon","coordinates":[[[75.46668175987057,11.794233664344642],[75.46668175984108,11.785555434239077],[75.46668175960625,11.783335690385908],[75.46366092687046,11.78333569009219],[75.4550228958123,11.783335689850574],[75.4500150898224,11.783335689646783],[75.450015090204,11.785555433744642],[75.45001508983688,11.794233664397826],[75.45001509025658,11.800002360377595],[75.4550228964457,11.80000235991314],[75.46366092738864,11.800002359654549],[75.46668175975157,11.800002359696578],[75.46668175987057,11.794233664344642]]]}},{"type":"Feature","properties":{"grid":"S8","height":244,"airport":"Kannur"},"geometry":{"type":"Polygon","coordinates":[[[75.483348430185,11.794233663639911],[75.48334842975258,11.785555433855322],[75.4833484296633,11.783335690420145],[75.48093698900156,11.783335690275438],[75.47229895829886,11.78333568963083],[75.46668175960625,11.783335690385908],[75.46668175984108,11.785555434239077],[75.46668175987057,11.794233664344642],[75.46668175975157,11.800002359696578],[75.47229895778949,11.800002360153599],[75.48093698929982,11.800002359597336],[75.48334843045144,11.800002359720763],[75.483348430185,11.794233663639911]]]}},{"type":"Feature","properties":{"grid":"S9","height":244,"airport":"Kannur"},"geometry":{"type":"Polygon","coordinates":[[[75.50001510039985,11.794233664081599],[75.50001509955798,11.785555434391348],[75.50001509960977,11.783335689738855],[75.49821305208658,11.783335690348002],[75.48957502062997,11.783335690212967],[75.4833484296633,11.783335690420145],[75.48334842975258,11.785555433855322],[75.483348430185,11.794233663639911],[75.48334843045144,11.800002359720763],[75.48957502082368,11.800002359794608],[75.49821305217837,11.800002359839818],[75.50001510013722,11.80000236044253],[75.50001510039985,11.794233664081599]]]}},{"type":"Feature","properties":{"grid":"S10","height":244,"airport":"Kannur"},"geometry":{"type":"Polygon","coordinates":[[[75.51668177012853,11.79423366385005],[75.51668176978829,11.785555434025849],[75.51668176998307,11.783335690138022],[75.51548911375804,11.783335690301032],[75.50685108318858,11.783335689774908],[75.50001509960977,11.783335689738855],[75.50001509955798,11.785555434391348],[75.50001510039985,11.794233664081599],[75.50001510013722,11.80000236044253],[75.50685108318268,11.800002359731666],[75.51548911365718,11.800002360373146],[75.51668177025817,11.800002360039072],[75.51668177012853,11.79423366385005]]]}},{"type":"Feature","properties":{"grid":"S11","height":244,"airport":"Kannur"},"geometry":{"type":"Polygon","coordinates":[[[75.53334843990712,11.794233663836561],[75.53334844006143,11.785555433651687],[75.53334844039618,11.783335689797537],[75.53276517623773,11.783335690117195],[75.52412714544619,11.783335690113034],[75.51668176998307,11.783335690138022],[75.51668176978829,11.785555434025849],[75.51668177012853,11.79423366385005],[75.51668177025817,11.800002360039072],[75.52412714525313,11.80000235995093],[75.53276517595698,11.800002360275613],[75.53334844043425,11.80000236030753],[75.53334843990712,11.794233663836561]]]}},{"type":"Feature","properties":{"grid":"S12","height":244,"airport":"Kannur"},"geometry":{"type":"Polygon","coordinates":[[[75.55001511027002,11.794233664027594],[75.55001510999551,11.785555434161422],[75.55001510954922,11.783335689611727],[75.54140320686939,11.78333569031043],[75.53334844039618,11.783335689797537],[75.53334844006143,11.785555433651687],[75.53334843990712,11.794233663836561],[75.53334844043425,11.80000236030753],[75.54140320742168,11.800002360438048],[75.55001511028046,11.800002360331815],[75.55001511027002,11.794233664027594]]]}},{"type":"Feature","properties":{"grid":"S13","height":244,"airport":"Kannur"},"geometry":{"type":"Polygon","coordinates":[[[75.56668177991597,11.794233664412735],[75.5666817801212,11.785555433732522],[75.56668177981201,11.783335689563222],[75.55867926967994,11.78333569034875],[75.55004123899384,11.783335689783465],[75.55001510954922,11.783335689611727],[75.55001510999551,11.785555434161422],[75.55001511027002,11.794233664027594],[75.55001511028046,11.800002360331815],[75.5500412385481,11.800002360438521],[75.55867927007301,11.80000236027379],[75.5666817803313,11.800002360098043],[75.56668177991597,11.794233664412735]]]}},{"type":"Feature","properties":{"grid":"S14","height":244,"airport":"Kannur"},"geometry":{"type":"Polygon","coordinates":[[[75.58334845029529,11.79423366407151],[75.58334845005841,11.785555434161077],[75.583348449883,11.783335689641182],[75.57595533242817,11.783335690216107],[75.56731730057855,11.783335690192663],[75.56668177981201,11.783335689563222],[75.5666817801212,11.785555433732522],[75.56668177991597,11.794233664412735],[75.5666817803313,11.800002360098043],[75.56731730089734,11.800002359944177],[75.5759553317597,11.800002360350705],[75.58334845020333,11.80000235959361],[75.58334845029529,11.79423366407151]]]}},{"type":"Feature","properties":{"grid":"S15","height":244,"airport":"Kannur"},"geometry":{"type":"Polygon","coordinates":[[[75.60001512010844,11.794233663897167],[75.6000151203375,11.78555543362368],[75.60001512029626,11.783335689830833],[75.59323139366434,11.783335689900499],[75.58459336321185,11.783335690421273],[75.583348449883,11.783335689641182],[75.58334845005841,11.785555434161077],[75.58334845029529,11.79423366407151],[75.58334845020333,11.80000235959361],[75.58459336339304,11.800002359681349],[75.59323139378421,11.800002359746912],[75.60001512043301,11.800002359708056],[75.60001512010844,11.794233663897167]]]}},{"type":"Feature","properties":{"grid":"S16","height":244,"airport":"Kannur"},"geometry":{"type":"Polygon","coordinates":[[[75.61668178988982,11.794233663874524],[75.61668178966077,11.785555433917624],[75.61668178975019,11.783335690120861],[75.61050745744784,11.783335690282302],[75.60186942544203,11.78333568955265],[75.60001512029626,11.783335689830833],[75.6000151203375,11.78555543362368],[75.60001512010844,11.794233663897167],[75.60001512043301,11.800002359708056],[75.60186942458591,11.80000235963775],[75.61050745745477,11.800002360252606],[75.61668178971917,11.800002360430032],[75.61668178988982,11.794233663874524]]]}},{"type":"Feature","properties":{"grid":"S17","height":244,"airport":"Kannur"},"geometry":{"type":"Polygon","coordinates":[[[75.63334846017375,11.794233663987914],[75.63334846039605,11.785555434119004],[75.63334845969462,11.783335689589434],[75.62778351865566,11.78333569045207],[75.61914548766096,11.78333569028319],[75.61668178975019,11.783335690120861],[75.61668178966077,11.785555433917624],[75.61668178988982,11.794233663874524],[75.61668178971917,11.800002360430032],[75.61914548761617,11.800002359791073],[75.62778351856451,11.800002360052229],[75.633348460428,11.800002359931318],[75.63334846017375,11.794233663987914]]]}},{"type":"Feature","properties":{"grid":"S18","height":244,"airport":"Kannur"},"geometry":{"type":"Polygon","coordinates":[[[75.65001512965883,11.79423366422534],[75.6500151303239,11.785555434217764],[75.6500151297498,11.783335690031015],[75.64505958134507,11.783335690384686],[75.63642155024866,11.78333568988293],[75.63334845969462,11.783335689589434],[75.63334846039605,11.785555434119004],[75.63334846017375,11.794233663987914],[75.633348460428,11.800002359931318],[75.6364215501166,11.800002360130039],[75.64505958117337,11.800002360024866],[75.65001513034433,11.800002360010449],[75.65001512965883,11.79423366422534]]]}},{"type":"Feature","properties":{"grid":"S19","height":244,"airport":"Kannur"},"geometry":{"type":"Polygon","coordinates":[[[75.66668179979503,11.794233663663956],[75.66668179997833,11.785555434197535],[75.66668180044559,11.783335689620515],[75.66233564314844,11.783335690068512],[75.65369761175947,11.783335690147082],[75.6500151297498,11.783335690031015],[75.6500151303239,11.785555434217764],[75.65001512965883,11.79423366422534],[75.65001513034433,11.800002360010449],[75.65369761155364,11.800002359735029],[75.66233564291416,11.800002360158887],[75.66668180000052,11.800002359746713],[75.66668179979503,11.794233663663956]]]}},{"type":"Feature","properties":{"grid":"S20","height":244,"airport":"Kannur"},"geometry":{"type":"Polygon","coordinates":[[[75.68334847020311,11.794233664097478],[75.68334846989337,11.78555543404139],[75.68334846956672,11.78333569015605],[75.67961170628955,11.783335690385359],[75.67097367441292,11.783335690149245],[75.66668180044559,11.783335689620515],[75.66668179997833,11.785555434197535],[75.66668179979503,11.794233663663956],[75.66668180000052,11.800002359746713],[75.67097367415374,11.800002360392453],[75.67961170600907,11.800002360431785],[75.68334846993316,11.800002360027488],[75.68334847020311,11.794233664097478]]]}},{"type":"Feature","properties":{"grid":"S21","height":244,"airport":"Kannur"},"geometry":{"type":"Polygon","coordinates":[[[75.70001513957713,11.794233663704402],[75.70001513968515,11.785555433734178],[75.70001514039627,11.783335689805162],[75.69688776839861,11.783335690418708],[75.68824973675919,11.783335689875129],[75.68334846956672,11.78333569015605],[75.68334846989337,11.78555543404139],[75.68334847020311,11.794233664097478],[75.68334846993316,11.800002360027488],[75.68824973738107,11.800002360277228],[75.69688776808854,11.800002359927019],[75.70001513975657,11.800002359933275],[75.70001513957713,11.794233663704402]]]}},{"type":"Feature","properties":{"grid":"S22","height":244,"airport":"Kannur"},"geometry":{"type":"Polygon","coordinates":[[[75.71668181029159,11.794233664271019],[75.71668180988996,11.785555434162376],[75.71668180980137,11.783335690367547],[75.71416382986145,11.78333569014954],[75.7055257991864,11.783335690210112],[75.70001514039627,11.783335689805162],[75.70001513968515,11.785555433734178],[75.70001513957713,11.794233663704402],[75.70001513975657,11.800002359933275],[75.70552579887048,11.800002360281361],[75.71416382954344,11.800002360434089],[75.71668181000736,11.800002360350563],[75.71668181029159,11.794233664271019]]]}},{"type":"Feature","properties":{"grid":"S23","height":244,"airport":"Kannur"},"geometry":{"type":"Polygon","coordinates":[[[75.73334848012247,11.79423366397737],[75.73334848012169,11.78555543440575],[75.73334848014693,11.783335690011947],[75.73143989198165,11.783335689555923],[75.72280186116033,11.78333569023277],[75.71668180980137,11.783335690367547],[75.71668180988996,11.785555434162376],[75.71668181029159,11.794233664271019],[75.71668181000736,11.800002360350563],[75.72280186084409,11.800002360381008],[75.73143989167336,11.800002360122498],[75.73334848029972,11.800002360359104],[75.73334848012247,11.79423366397737]]]}},{"type":"Feature","properties":{"grid":"T1","height":244,"airport":"Kannur"},"geometry":{"type":"Polygon","coordinates":[[[75.36668173993529,11.776877203560971],[75.36668173966413,11.768198973443146],[75.36668173955431,11.766669019754662],[75.36000455409317,11.766669020004878],[75.35136652239463,11.766669019658542],[75.3500150703818,11.766669019575104],[75.35001507015083,11.768198973120201],[75.35001506989968,11.77687720424552],[75.35001506991841,11.7833356899952],[75.3513665216706,11.783335689666938],[75.36000455433155,11.783335690085403],[75.36668174009553,11.783335690223431],[75.36668173993529,11.776877203560971]]]}},{"type":"Feature","properties":{"grid":"T2","height":244,"airport":"Kannur"},"geometry":{"type":"Polygon","coordinates":[[[75.38334840979087,11.776877203640419],[75.3833484099091,11.768198973398041],[75.38334841037563,11.766669019684475],[75.3772806157592,11.766669019689488],[75.36864258466323,11.76666902001629],[75.36668173955431,11.766669019754662],[75.36668173966413,11.768198973443146],[75.36668173993529,11.776877203560971],[75.36668174009553,11.783335690223431],[75.36864258494802,11.78333568982042],[75.37728061609359,11.783335689771912],[75.38334841009423,11.783335689806954],[75.38334840979087,11.776877203640419]]]}},{"type":"Feature","properties":{"grid":"T3","height":244,"airport":"Kannur"},"geometry":{"type":"Polygon","coordinates":[[[75.40001507999932,11.776877203569905],[75.40001507958391,11.768198972977652],[75.40001507970959,11.766669020264057],[75.39455667788857,11.766669019826972],[75.38591864720108,11.76666901992775],[75.38334841037563,11.766669019684475],[75.3833484099091,11.768198973398041],[75.38334840979087,11.776877203640419],[75.38334841009423,11.783335689806954],[75.3859186466692,11.783335689940083],[75.39455667832947,11.783335690321394],[75.40001508045,11.783335689640465],[75.40001507999932,11.776877203569905]]]}},{"type":"Feature","properties":{"grid":"T4","height":244,"airport":"Kannur"},"geometry":{"type":"Polygon","coordinates":[[[75.41668175017823,11.776877204244919],[75.4166817501415,11.768198973074979],[75.416681749923,11.766669019672234],[75.41183273994922,11.766669020407793],[75.40319470855951,11.766669020289218],[75.40001507970959,11.766669020264057],[75.40001507958391,11.768198972977652],[75.40001507999932,11.776877203569905],[75.40001508045,11.783335689640465],[75.40319470905612,11.783335690013029],[75.41183273958715,11.783335689916965],[75.41668174986138,11.78333568971649],[75.41668175017823,11.776877204244919]]]}},{"type":"Feature","properties":{"grid":"T5","height":244,"airport":"Kannur"},"geometry":{"type":"Polygon","coordinates":[[[75.43334841994114,11.776877203847683],[75.43334842027878,11.768198972777821],[75.43334841971668,11.76666901970978],[75.42910880324202,11.766669019610687],[75.42047077187642,11.76666902018155],[75.416681749923,11.766669019672234],[75.4166817501415,11.768198973074979],[75.41668175017823,11.776877204244919],[75.41668174986138,11.78333568971649],[75.42047077157709,11.783335690029464],[75.42910880300906,11.783335690352047],[75.43334841978054,11.783335690023225],[75.43334841994114,11.776877203847683]]]}},{"type":"Feature","properties":{"grid":"T6","height":244,"airport":"Kannur"},"geometry":{"type":"Polygon","coordinates":[[[75.45001508982483,11.776877204175989],[75.45001508961315,11.768198972981063],[75.45001508962451,11.76666902036584],[75.44638486540333,11.766669020140988],[75.43774683386619,11.766669019598483],[75.43334841971668,11.76666901970978],[75.43334842027878,11.768198972777821],[75.43334841994114,11.776877203847683],[75.43334841978054,11.783335690023225],[75.43774683370043,11.783335689979294],[75.44638486530714,11.783335689811574],[75.4500150898224,11.783335689646783],[75.45001508982483,11.776877204175989]]]}},{"type":"Feature","properties":{"grid":"T7","height":244,"airport":"Kannur"},"geometry":{"type":"Polygon","coordinates":[[[75.46668176036194,11.776877204314081],[75.46668175959476,11.768198972767646],[75.46668176017734,11.76666901982034],[75.46366092681608,11.76666902017801],[75.45502289583517,11.766669020335522],[75.45001508962451,11.76666902036584],[75.45001508961315,11.768198972981063],[75.45001508982483,11.776877204175989],[75.4500150898224,11.783335689646783],[75.4550228958123,11.783335689850574],[75.46366092687046,11.78333569009219],[75.46668175960625,11.783335690385908],[75.46668176036194,11.776877204314081]]]}},{"type":"Feature","properties":{"grid":"T8","height":244,"airport":"Kannur"},"geometry":{"type":"Polygon","coordinates":[[[75.48334843025083,11.776877204253159],[75.48334842984119,11.76819897303153],[75.48334843007626,11.766669019873149],[75.48093698878364,11.76666901970767],[75.47229895816473,11.766669019667201],[75.46668176017734,11.76666901982034],[75.46668175959476,11.768198972767646],[75.46668176036194,11.776877204314081],[75.46668175960625,11.783335690385908],[75.47229895829886,11.78333568963083],[75.48093698900156,11.783335690275438],[75.4833484296633,11.783335690420145],[75.48334843025083,11.776877204253159]]]}},{"type":"Feature","properties":{"grid":"T9","height":244,"airport":"Kannur"},"geometry":{"type":"Polygon","coordinates":[[[75.50001510002542,11.776877203981114],[75.50001509996677,11.768198972857746],[75.50001509985347,11.766669019607827],[75.4982130516932,11.766669019620988],[75.48957502124502,11.766669020293502],[75.48334843007626,11.766669019873149],[75.48334842984119,11.76819897303153],[75.48334843025083,11.776877204253159],[75.4833484296633,11.783335690420145],[75.48957502062997,11.783335690212967],[75.49821305208658,11.783335690348002],[75.50001509960977,11.783335689738855],[75.50001510002542,11.776877203981114]]]}},{"type":"Feature","properties":{"grid":"T10","height":244,"airport":"Kannur"},"geometry":{"type":"Polygon","coordinates":[[[75.5166817702214,11.7768772043896],[75.51668176958913,11.768198973139626],[75.51668177004433,11.766669019916064],[75.51548911409488,11.766669019907466],[75.50685108270523,11.766669020397106],[75.50001509985347,11.766669019607827],[75.50001509996677,11.768198972857746],[75.50001510002542,11.776877203981114],[75.50001509960977,11.783335689738855],[75.50685108318858,11.783335689774908],[75.51548911375804,11.783335690301032],[75.51668176998307,11.783335690138022],[75.5166817702214,11.7768772043896]]]}},{"type":"Feature","properties":{"grid":"T11","height":244,"airport":"Kannur"},"geometry":{"type":"Polygon","coordinates":[[[75.5333484404515,11.776877203658536],[75.53334844015814,11.768198972958134],[75.53334844026311,11.766669019882091],[75.53276517637262,11.766669019648742],[75.52412714476647,11.766669019961032],[75.51668177004433,11.766669019916064],[75.51668176958913,11.768198973139626],[75.5166817702214,11.7768772043896],[75.51668176998307,11.783335690138022],[75.52412714544619,11.783335690113034],[75.53276517623773,11.783335690117195],[75.53334844039618,11.783335689797537],[75.5333484404515,11.776877203658536]]]}},{"type":"Feature","properties":{"grid":"T12","height":244,"airport":"Kannur"},"geometry":{"type":"Polygon","coordinates":[[[75.55001511033528,11.776877203584812],[75.55001511037362,11.768198973207447],[75.55001511012743,11.766669020398478],[75.54140320689824,11.766669019876886],[75.53334844026311,11.766669019882091],[75.53334844015814,11.768198972958134],[75.5333484404515,11.776877203658536],[75.53334844039618,11.783335689797537],[75.54140320686939,11.78333569031043],[75.55001510954922,11.783335689611727],[75.55001511033528,11.776877203584812]]]}},{"type":"Feature","properties":{"grid":"T13","height":244,"airport":"Kannur"},"geometry":{"type":"Polygon","coordinates":[[[75.5666817804068,11.776877204154522],[75.56668177984976,11.768198972971222],[75.56668178016737,11.766669019642725],[75.55867927040397,11.766669020127956],[75.5500412389137,11.766669019734513],[75.55001511012743,11.766669020398478],[75.55001511037362,11.768198973207447],[75.55001511033528,11.776877203584812],[75.55001510954922,11.783335689611727],[75.55004123899384,11.783335689783465],[75.55867926967994,11.78333569034875],[75.56668177981201,11.783335689563222],[75.5666817804068,11.776877204154522]]]}},{"type":"Feature","properties":{"grid":"T14","height":244,"airport":"Kannur"},"geometry":{"type":"Polygon","coordinates":[[[75.58334845028034,11.776877204450821],[75.58334845003982,11.768198973137629],[75.5833484500043,11.766669020315254],[75.57595533199627,11.76666901980176],[75.567317301186,11.766669020151467],[75.56668178016737,11.766669019642725],[75.56668177984976,11.768198972971222],[75.5666817804068,11.776877204154522],[75.56668177981201,11.783335689563222],[75.56731730057855,11.783335690192663],[75.57595533242817,11.783335690216107],[75.583348449883,11.783335689641182],[75.58334845028034,11.776877204450821]]]}},{"type":"Feature","properties":{"grid":"T15","height":244,"airport":"Kannur"},"geometry":{"type":"Polygon","coordinates":[[[75.60001511956999,11.776877203556591],[75.60001511964002,11.768198972791312],[75.60001512016618,11.766669019688377],[75.59323139389808,11.766669019783322],[75.58459336265541,11.766669019981633],[75.5833484500043,11.766669020315254],[75.58334845003982,11.768198973137629],[75.58334845028034,11.776877204450821],[75.583348449883,11.783335689641182],[75.58459336321185,11.783335690421273],[75.59323139366434,11.783335689900499],[75.60001512029626,11.783335689830833],[75.60001511956999,11.776877203556591]]]}},{"type":"Feature","properties":{"grid":"T16","height":244,"airport":"Kannur"},"geometry":{"type":"Polygon","coordinates":[[[75.61668178973328,11.776877204167606],[75.61668179010373,11.768198972819484],[75.61668179027266,11.766669019557408],[75.61050745741274,11.766669020054321],[75.60186942462713,11.76666902011147],[75.60001512016618,11.766669019688377],[75.60001511964002,11.768198972791312],[75.60001511956999,11.776877203556591],[75.60001512029626,11.783335689830833],[75.60186942544203,11.78333568955265],[75.61050745744784,11.783335690282302],[75.61668178975019,11.783335690120861],[75.61668178973328,11.776877204167606]]]}},{"type":"Feature","properties":{"grid":"T17","height":244,"airport":"Kannur"},"geometry":{"type":"Polygon","coordinates":[[[75.63334846038032,11.77687720355719],[75.63334846012907,11.7681989732104],[75.63334845993964,11.766669019908743],[75.62778351925267,11.766669019701435],[75.61914548840248,11.766669019618039],[75.61668179027266,11.766669019557408],[75.61668179010373,11.768198972819484],[75.61668178973328,11.776877204167606],[75.61668178975019,11.783335690120861],[75.61914548766096,11.78333569028319],[75.62778351865566,11.78333569045207],[75.63334845969462,11.783335689589434],[75.63334846038032,11.77687720355719]]]}},{"type":"Feature","properties":{"grid":"T18","height":244,"airport":"Kannur"},"geometry":{"type":"Polygon","coordinates":[[[75.65001513021548,11.776877204426265],[75.6500151302476,11.768198973043761],[75.65001512969866,11.7666690198221],[75.64505958072309,11.766669019609948],[75.63642154978209,11.766669020302837],[75.63334845993964,11.766669019908743],[75.63334846012907,11.7681989732104],[75.63334846038032,11.77687720355719],[75.63334845969462,11.783335689589434],[75.63642155024866,11.78333568988293],[75.64505958134507,11.783335690384686],[75.6500151297498,11.783335690031015],[75.65001513021548,11.776877204426265]]]}},{"type":"Feature","properties":{"grid":"T19","height":244,"airport":"Kannur"},"geometry":{"type":"Polygon","coordinates":[[[75.6666817997663,11.776877204045554],[75.66668180007719,11.76819897320949],[75.66668180008537,11.766669020185242],[75.66233564312729,11.766669019760032],[75.65369761190071,11.76666902033389],[75.65001512969866,11.7666690198221],[75.6500151302476,11.768198973043761],[75.65001513021548,11.776877204426265],[75.6500151297498,11.783335690031015],[75.65369761175947,11.783335690147082],[75.66233564314844,11.783335690068512],[75.66668180044559,11.783335689620515],[75.6666817997663,11.776877204045554]]]}},{"type":"Feature","properties":{"grid":"T20","height":244,"airport":"Kannur"},"geometry":{"type":"Polygon","coordinates":[[[75.68334846957083,11.776877204206755],[75.68334847014924,11.768198972786431],[75.68334846979559,11.766669020081233],[75.67961170593298,11.766669020135483],[75.67097367422586,11.76666901969522],[75.66668180008537,11.766669020185242],[75.66668180007719,11.76819897320949],[75.6666817997663,11.776877204045554],[75.66668180044559,11.783335689620515],[75.67097367441292,11.783335690149245],[75.67961170628955,11.783335690385359],[75.68334846956672,11.78333569015605],[75.68334846957083,11.776877204206755]]]}},{"type":"Feature","properties":{"grid":"T21","height":244,"airport":"Kannur"},"geometry":{"type":"Polygon","coordinates":[[[75.70001514016064,11.776877203988176],[75.70001514008172,11.768198972663706],[75.70001514028282,11.766669020394865],[75.69688776768778,11.766669019817725],[75.68824973714739,11.766669020176916],[75.68334846979559,11.766669020081233],[75.68334847014924,11.768198972786431],[75.68334846957083,11.776877204206755],[75.68334846956672,11.78333569015605],[75.68824973675919,11.783335689875129],[75.69688776839861,11.783335690418708],[75.70001514039627,11.783335689805162],[75.70001514016064,11.776877203988176]]]}},{"type":"Feature","properties":{"grid":"T22","height":244,"airport":"Kannur"},"geometry":{"type":"Polygon","coordinates":[[[75.71668181023618,11.77687720428076],[75.7166818104082,11.76819897282355],[75.71668181024269,11.766669020208564],[75.71416382969701,11.76666901968973],[75.70552579921068,11.766669019955872],[75.70001514028282,11.766669020394865],[75.70001514008172,11.768198972663706],[75.70001514016064,11.776877203988176],[75.70001514039627,11.783335689805162],[75.7055257991864,11.783335690210112],[75.71416382986145,11.78333569014954],[75.71668180980137,11.783335690367547],[75.71668181023618,11.77687720428076]]]}},{"type":"Feature","properties":{"grid":"T23","height":244,"airport":"Kannur"},"geometry":{"type":"Polygon","coordinates":[[[75.73334848032884,11.776877204162114],[75.73334847982669,11.768198973252394],[75.733348480211,11.766669020408475],[75.73143989234615,11.766669019731776],[75.72280186080337,11.766669019917114],[75.71668181024269,11.766669020208564],[75.7166818104082,11.76819897282355],[75.71668181023618,11.77687720428076],[75.71668180980137,11.783335690367547],[75.72280186116033,11.78333569023277],[75.73143989198165,11.783335689555923],[75.73334848014693,11.783335690011947],[75.73334848032884,11.776877204162114]]]}},{"type":"Feature","properties":{"grid":"U1","height":244,"airport":"Kannur"},"geometry":{"type":"Polygon","coordinates":[[[75.36668174041462,11.759520742595088],[75.36668174035377,11.750842512831477],[75.36668173957989,11.750002349816725],[75.36000455385847,11.750002349548705],[75.35136652239657,11.750002350176084],[75.3500150700094,11.750002349680528],[75.35001506982996,11.750842513203377],[75.35001507012788,11.75952074307304],[75.3500150703818,11.766669019575104],[75.35136652239463,11.766669019658542],[75.36000455409317,11.766669020004878],[75.36668173955431,11.766669019754662],[75.36668174041462,11.759520742595088]]]}},{"type":"Feature","properties":{"grid":"U2","height":244,"airport":"Kannur"},"geometry":{"type":"Polygon","coordinates":[[[75.38334840959484,11.75952074333366],[75.38334840976611,11.750842513449685],[75.38334840987288,11.750002350101964],[75.37728061596567,11.750002350142532],[75.36864258510899,11.750002349839276],[75.36668173957989,11.750002349816725],[75.36668174035377,11.750842512831477],[75.36668174041462,11.759520742595088],[75.36668173955431,11.766669019754662],[75.36864258466323,11.76666902001629],[75.3772806157592,11.766669019689488],[75.38334841037563,11.766669019684475],[75.38334840959484,11.75952074333366]]]}},{"type":"Feature","properties":{"grid":"U3","height":244,"airport":"Kannur"},"geometry":{"type":"Polygon","coordinates":[[[75.40001508003407,11.759520742563696],[75.40001508043349,11.750842513237306],[75.40001507958496,11.750002349624744],[75.39455667760672,11.75000234987639],[75.38591864716376,11.750002349551936],[75.38334840987288,11.750002350101964],[75.38334840976611,11.750842513449685],[75.38334840959484,11.75952074333366],[75.38334841037563,11.766669019684475],[75.38591864720108,11.76666901992775],[75.39455667788857,11.766669019826972],[75.40001507970959,11.766669020264057],[75.40001508003407,11.759520742563696]]]}},{"type":"Feature","properties":{"grid":"U4","height":244,"airport":"Kannur"},"geometry":{"type":"Polygon","coordinates":[[[75.41668175043414,11.759520742990588],[75.41668175013724,11.750842513092373],[75.41668175016987,11.75000235018239],[75.41183274008581,11.750002349642592],[75.40319470894752,11.75000235020799],[75.40001507958496,11.750002349624744],[75.40001508043349,11.750842513237306],[75.40001508003407,11.759520742563696],[75.40001507970959,11.766669020264057],[75.40319470855951,11.766669020289218],[75.41183273994922,11.766669020407793],[75.416681749923,11.766669019672234],[75.41668175043414,11.759520742990588]]]}},{"type":"Feature","properties":{"grid":"U5","height":244,"airport":"Kannur"},"geometry":{"type":"Polygon","coordinates":[[[75.43334842040827,11.759520742796543],[75.43334842032851,11.750842513003207],[75.4333484203228,11.750002349958372],[75.42910880287184,11.75000235033547],[75.42047077176069,11.750002349986458],[75.41668175016987,11.75000235018239],[75.41668175013724,11.750842513092373],[75.41668175043414,11.759520742990588],[75.416681749923,11.766669019672234],[75.42047077187642,11.76666902018155],[75.42910880324202,11.766669019610687],[75.43334841971668,11.76666901970978],[75.43334842040827,11.759520742796543]]]}},{"type":"Feature","properties":{"grid":"U6","height":244,"airport":"Kannur"},"geometry":{"type":"Polygon","coordinates":[[[75.45001508957364,11.759520742876491],[75.45001508970516,11.750842512961635],[75.45001508966067,11.750002349847607],[75.44638486542952,11.750002350136008],[75.43774683415427,11.750002349782818],[75.4333484203228,11.750002349958372],[75.43334842032851,11.750842513003207],[75.43334842040827,11.759520742796543],[75.43334841971668,11.76666901970978],[75.43774683386619,11.766669019598483],[75.44638486540333,11.766669020140988],[75.45001508962451,11.76666902036584],[75.45001508957364,11.759520742876491]]]}},{"type":"Feature","properties":{"grid":"U7","height":244,"airport":"Kannur"},"geometry":{"type":"Polygon","coordinates":[[[75.46668176029944,11.75952074321621],[75.46668175971831,11.750842512954952],[75.4666817596346,11.75000234983738],[75.46366092722768,11.750002349937882],[75.4550228955957,11.750002349586662],[75.45001508966067,11.750002349847607],[75.45001508970516,11.750842512961635],[75.45001508957364,11.759520742876491],[75.45001508962451,11.76666902036584],[75.45502289583517,11.766669020335522],[75.46366092681608,11.76666902017801],[75.46668176017734,11.76666901982034],[75.46668176029944,11.75952074321621]]]}},{"type":"Feature","properties":{"grid":"U8","height":244,"airport":"Kannur"},"geometry":{"type":"Polygon","coordinates":[[[75.48334843036437,11.759520742903941],[75.48334842998355,11.750842512972831],[75.48334842986014,11.750002349917347],[75.48093698865152,11.75000234972851],[75.47229895830726,11.750002350286989],[75.4666817596346,11.75000234983738],[75.46668175971831,11.750842512954952],[75.46668176029944,11.75952074321621],[75.46668176017734,11.76666901982034],[75.47229895816473,11.766669019667201],[75.48093698878364,11.76666901970767],[75.48334843007626,11.766669019873149],[75.48334843036437,11.759520742903941]]]}},{"type":"Feature","properties":{"grid":"U9","height":244,"airport":"Kannur"},"geometry":{"type":"Polygon","coordinates":[[[75.50001510030349,11.759520742831933],[75.50001510011647,11.750842513004589],[75.50001509995289,11.750002350076874],[75.49821305192334,11.75000235039597],[75.48957502083559,11.750002350065166],[75.48334842986014,11.750002349917347],[75.48334842998355,11.750842512972831],[75.48334843036437,11.759520742903941],[75.48334843007626,11.766669019873149],[75.48957502124502,11.766669020293502],[75.4982130516932,11.766669019620988],[75.50001509985347,11.766669019607827],[75.50001510030349,11.759520742831933]]]}},{"type":"Feature","properties":{"grid":"U10","height":244,"airport":"Kannur"},"geometry":{"type":"Polygon","coordinates":[[[75.51668176973259,11.759520742989201],[75.5166817697326,11.750842513039304],[75.51668177044613,11.750002350303308],[75.51548911375411,11.750002350124236],[75.50685108264962,11.75000234981376],[75.50001509995289,11.750002350076874],[75.50001510011647,11.750842513004589],[75.50001510030349,11.759520742831933],[75.50001509985347,11.766669019607827],[75.50685108270523,11.766669020397106],[75.51548911409488,11.766669019907466],[75.51668177004433,11.766669019916064],[75.51668176973259,11.759520742989201]]]}},{"type":"Feature","properties":{"grid":"U11","height":244,"airport":"Kannur"},"geometry":{"type":"Polygon","coordinates":[[[75.53334844010301,11.75952074336104],[75.53334844028302,11.750842513062262],[75.53334844003591,11.750002349682664],[75.53276517636601,11.750002349800344],[75.52412714505392,11.750002350421665],[75.51668177044613,11.750002350303308],[75.5166817697326,11.750842513039304],[75.51668176973259,11.759520742989201],[75.51668177004433,11.766669019916064],[75.52412714476647,11.766669019961032],[75.53276517637262,11.766669019648742],[75.53334844026311,11.766669019882091],[75.53334844010301,11.75952074336104]]]}},{"type":"Feature","properties":{"grid":"U12","height":244,"airport":"Kannur"},"geometry":{"type":"Polygon","coordinates":[[[75.55001511011098,11.759520743033013],[75.55001510954772,11.750842513065113],[75.55001511017669,11.750002350008447],[75.5414032065948,11.750002350069245],[75.53334844003591,11.750002349682664],[75.53334844028302,11.750842513062262],[75.53334844010301,11.75952074336104],[75.53334844026311,11.766669019882091],[75.54140320689824,11.766669019876886],[75.55001511012743,11.766669020398478],[75.55001511011098,11.759520743033013]]]}},{"type":"Feature","properties":{"grid":"U13","height":244,"airport":"Kannur"},"geometry":{"type":"Polygon","coordinates":[[[75.56668178029165,11.75952074289556],[75.56668177989545,11.750842513030518],[75.56668177956449,11.75000235036595],[75.5586792704122,11.750002349640738],[75.55004123922821,11.75000235031564],[75.55001511017669,11.750002350008447],[75.55001510954772,11.750842513065113],[75.55001511011098,11.759520743033013],[75.55001511012743,11.766669020398478],[75.5500412389137,11.766669019734513],[75.55867927040397,11.766669020127956],[75.56668178016737,11.766669019642725],[75.56668178029165,11.75952074289556]]]}},{"type":"Feature","properties":{"grid":"U14","height":244,"airport":"Kannur"},"geometry":{"type":"Polygon","coordinates":[[[75.5833484502608,11.759520742936191],[75.58334845002398,11.750842512947688],[75.58334844964843,11.75000234983481],[75.57595533230439,11.750002350033995],[75.5673173008868,11.75000234985001],[75.56668177956449,11.75000235036595],[75.56668177989545,11.750842513030518],[75.56668178029165,11.75952074289556],[75.56668178016737,11.766669019642725],[75.567317301186,11.766669020151467],[75.57595533199627,11.76666901980176],[75.5833484500043,11.766669020315254],[75.5833484502608,11.759520742936191]]]}},{"type":"Feature","properties":{"grid":"U15","height":244,"airport":"Kannur"},"geometry":{"type":"Polygon","coordinates":[[[75.60001511963412,11.759520743142062],[75.60001511954876,11.750842512803814],[75.60001512004766,11.750002350210673],[75.59323139357241,11.750002350327325],[75.5845933626482,11.750002350194844],[75.58334844964843,11.75000234983481],[75.58334845002398,11.750842512947688],[75.5833484502608,11.759520742936191],[75.5833484500043,11.766669020315254],[75.58459336265541,11.766669019981633],[75.59323139389808,11.766669019783322],[75.60001512016618,11.766669019688377],[75.60001511963412,11.759520743142062]]]}},{"type":"Feature","properties":{"grid":"U16","height":244,"airport":"Kannur"},"geometry":{"type":"Polygon","coordinates":[[[75.61668178986082,11.759520742591784],[75.6166817899207,11.750842512581835],[75.61668179037379,11.750002349671623],[75.6105074573525,11.750002349594382],[75.6018694248957,11.75000235042979],[75.60001512004766,11.750002350210673],[75.60001511954876,11.750842512803814],[75.60001511963412,11.759520743142062],[75.60001512016618,11.766669019688377],[75.60186942462713,11.76666902011147],[75.61050745741274,11.766669020054321],[75.61668179027266,11.766669019557408],[75.61668178986082,11.759520742591784]]]}},{"type":"Feature","properties":{"grid":"U17","height":244,"airport":"Kannur"},"geometry":{"type":"Polygon","coordinates":[[[75.63334845964278,11.759520743082243],[75.63334845983961,11.750842513174328],[75.63334846024621,11.7500023500127],[75.6277835194449,11.750002349636627],[75.61914548801226,11.750002349633935],[75.61668179037379,11.750002349671623],[75.6166817899207,11.750842512581835],[75.61668178986082,11.759520742591784],[75.61668179027266,11.766669019557408],[75.61914548840248,11.766669019618039],[75.62778351925267,11.766669019701435],[75.63334845993964,11.766669019908743],[75.63334845964278,11.759520743082243]]]}},{"type":"Feature","properties":{"grid":"U18","height":244,"airport":"Kannur"},"geometry":{"type":"Polygon","coordinates":[[[75.65001513042708,11.75952074278676],[75.6500151298345,11.750842512756702],[75.65001513019611,11.750002350313638],[75.64505958115255,11.750002350435059],[75.63642154963368,11.75000234960482],[75.63334846024621,11.7500023500127],[75.63334845983961,11.750842513174328],[75.63334845964278,11.759520743082243],[75.63334845993964,11.766669019908743],[75.63642154978209,11.766669020302837],[75.64505958072309,11.766669019609948],[75.65001512969866,11.7666690198221],[75.65001513042708,11.75952074278676]]]}},{"type":"Feature","properties":{"grid":"U19","height":244,"airport":"Kannur"},"geometry":{"type":"Polygon","coordinates":[[[75.66668179999586,11.759520742599415],[75.66668180044269,11.75084251312108],[75.66668179983667,11.75000234965578],[75.6623356428562,11.750002350163415],[75.65369761198055,11.750002350321077],[75.65001513019611,11.750002350313638],[75.6500151298345,11.750842512756702],[75.65001513042708,11.75952074278676],[75.65001512969866,11.7666690198221],[75.65369761190071,11.76666902033389],[75.66233564312729,11.766669019760032],[75.66668180008537,11.766669020185242],[75.66668179999586,11.759520742599415]]]}},{"type":"Feature","properties":{"grid":"U20","height":244,"airport":"Kannur"},"geometry":{"type":"Polygon","coordinates":[[[75.68334846980245,11.759520743405568],[75.68334847035979,11.750842513350548],[75.68334846970528,11.750002349830842],[75.67961170586055,11.750002349705602],[75.67097367359816,11.7500023499603],[75.66668179983667,11.75000234965578],[75.66668180044269,11.75084251312108],[75.66668179999586,11.759520742599415],[75.66668180008537,11.766669020185242],[75.67097367422586,11.76666901969522],[75.67961170593298,11.766669020135483],[75.68334846979559,11.766669020081233],[75.68334846980245,11.759520743405568]]]}},{"type":"Feature","properties":{"grid":"U21","height":244,"airport":"Kannur"},"geometry":{"type":"Polygon","coordinates":[[[75.70001514037581,11.759520743379255],[75.7000151401188,11.750842513427857],[75.70001514033287,11.75000234991718],[75.69688776779961,11.750002349953728],[75.68824973671116,11.750002350308334],[75.68334846970528,11.750002349830842],[75.68334847035979,11.750842513350548],[75.68334846980245,11.759520743405568],[75.68334846979559,11.766669020081233],[75.68824973714739,11.766669020176916],[75.69688776768778,11.766669019817725],[75.70001514028282,11.766669020394865],[75.70001514037581,11.759520743379255]]]}},{"type":"Feature","properties":{"grid":"U22","height":244,"airport":"Kannur"},"geometry":{"type":"Polygon","coordinates":[[[75.7166818104159,11.759520743411462],[75.7166818102528,11.750842513335284],[75.71668181041701,11.750002349901512],[75.71416382997381,11.750002349982212],[75.70552579894913,11.750002350448495],[75.70001514033287,11.75000234991718],[75.7000151401188,11.750842513427857],[75.70001514037581,11.759520743379255],[75.70001514028282,11.766669020394865],[75.70552579921068,11.766669019955872],[75.71416382969701,11.76666901968973],[75.71668181024269,11.766669020208564],[75.7166818104159,11.759520743411462]]]}},{"type":"Feature","properties":{"grid":"U23","height":244,"airport":"Kannur"},"geometry":{"type":"Polygon","coordinates":[[[75.73334848045364,11.759520742579816],[75.73334848037707,11.75084251305695],[75.73334847957305,11.750002349768065],[75.73143989185027,11.750002349773741],[75.72280186069695,11.750002350361571],[75.71668181041701,11.750002349901512],[75.7166818102528,11.750842513335284],[75.7166818104159,11.759520743411462],[75.71668181024269,11.766669020208564],[75.72280186080337,11.766669019917114],[75.73143989234615,11.766669019731776],[75.733348480211,11.766669020408475],[75.73334848045364,11.759520742579816]]]}},{"type":"Feature","properties":{"grid":"V1","height":244,"airport":"Kannur"},"geometry":{"type":"Polygon","coordinates":[[[75.36668174039727,11.74216428234611],[75.3666817396288,11.733486052048173],[75.36668174017392,11.733335680435497],[75.36000455363043,11.733335679647098],[75.35136652167712,11.733335680341144],[75.3500150697208,11.733335680336255],[75.35001507024347,11.733486052200238],[75.35001507017282,11.742164281705072],[75.3500150700094,11.750002349680528],[75.35136652239657,11.750002350176084],[75.36000455385847,11.750002349548705],[75.36668173957989,11.750002349816725],[75.36668174039727,11.74216428234611]]]}},{"type":"Feature","properties":{"grid":"V2","height":244,"airport":"Kannur"},"geometry":{"type":"Polygon","coordinates":[[[75.38334841042064,11.742164281941104],[75.38334840972824,11.733486052431386],[75.38334841042212,11.733335680178552],[75.37728061579581,11.733335680253864],[75.36864258537044,11.733335680220804],[75.36668174017392,11.733335680435497],[75.3666817396288,11.733486052048173],[75.36668174039727,11.74216428234611],[75.36668173957989,11.750002349816725],[75.36864258510899,11.750002349839276],[75.37728061596567,11.750002350142532],[75.38334840987288,11.750002350101964],[75.38334841042064,11.742164281941104]]]}},{"type":"Feature","properties":{"grid":"V3","height":244,"airport":"Kannur"},"geometry":{"type":"Polygon","coordinates":[[[75.40001507986085,11.742164282290394],[75.40001508015581,11.733486052437094],[75.4000150800806,11.73333567955709],[75.39455667840227,11.733335679589958],[75.38591864656054,11.733335679742893],[75.38334841042212,11.733335680178552],[75.38334840972824,11.733486052431386],[75.38334841042064,11.742164281941104],[75.38334840987288,11.750002350101964],[75.38591864716376,11.750002349551936],[75.39455667760672,11.75000234987639],[75.40001507958496,11.750002349624744],[75.40001507986085,11.742164282290394]]]}},{"type":"Feature","properties":{"grid":"V4","height":244,"airport":"Kannur"},"geometry":{"type":"Polygon","coordinates":[[[75.41668175016619,11.742164281574029],[75.41668174960895,11.733486052057831],[75.41668174968495,11.733335680369843],[75.41183274000298,11.73333568036023],[75.40319470930427,11.733335679796513],[75.4000150800806,11.73333567955709],[75.40001508015581,11.733486052437094],[75.40001507986085,11.742164282290394],[75.40001507958496,11.750002349624744],[75.40319470894752,11.75000235020799],[75.41183274008581,11.750002349642592],[75.41668175016987,11.75000235018239],[75.41668175016619,11.742164281574029]]]}},{"type":"Feature","properties":{"grid":"V5","height":244,"airport":"Kannur"},"geometry":{"type":"Polygon","coordinates":[[[75.43334842003698,11.742164281592762],[75.43334842045738,11.73348605218481],[75.43334841976412,11.733335679893301],[75.4291088028142,11.733335679837884],[75.42047077215112,11.733335680373054],[75.41668174968495,11.733335680369843],[75.41668174960895,11.733486052057831],[75.41668175016619,11.742164281574029],[75.41668175016987,11.75000235018239],[75.42047077176069,11.750002349986458],[75.42910880287184,11.75000235033547],[75.4333484203228,11.750002349958372],[75.43334842003698,11.742164281592762]]]}},{"type":"Feature","properties":{"grid":"V6","height":244,"airport":"Kannur"},"geometry":{"type":"Polygon","coordinates":[[[75.45001509000653,11.742164282335763],[75.45001508956179,11.733486051908352],[75.45001508993597,11.733335679926599],[75.44638486538793,11.733335679822488],[75.43774683364768,11.733335679655218],[75.43334841976412,11.733335679893301],[75.43334842045738,11.73348605218481],[75.43334842003698,11.742164281592762],[75.4333484203228,11.750002349958372],[75.43774683415427,11.750002349782818],[75.44638486542952,11.750002350136008],[75.45001508966067,11.750002349847607],[75.45001509000653,11.742164282335763]]]}},{"type":"Feature","properties":{"grid":"V7","height":244,"airport":"Kannur"},"geometry":{"type":"Polygon","coordinates":[[[75.46668175968728,11.742164281984524],[75.46668176020964,11.733486052117211],[75.46668175981434,11.733335679555516],[75.46366092719131,11.73333568030342],[75.45502289601828,11.733335680341348],[75.45001508993597,11.733335679926599],[75.45001508956179,11.733486051908352],[75.45001509000653,11.742164282335763],[75.45001508966067,11.750002349847607],[75.4550228955957,11.750002349586662],[75.46366092722768,11.750002349937882],[75.4666817596346,11.75000234983738],[75.46668175968728,11.742164281984524]]]}},{"type":"Feature","properties":{"grid":"V8","height":244,"airport":"Kannur"},"geometry":{"type":"Polygon","coordinates":[[[75.4833484296153,11.742164282335933],[75.48334843017923,11.733486051899714],[75.48334842993354,11.733335679672688],[75.4809369886076,11.733335680363803],[75.47229895780794,11.733335679708931],[75.46668175981434,11.733335679555516],[75.46668176020964,11.733486052117211],[75.46668175968728,11.742164281984524],[75.4666817596346,11.75000234983738],[75.47229895830726,11.750002350286989],[75.48093698865152,11.75000234972851],[75.48334842986014,11.750002349917347],[75.4833484296153,11.742164282335933]]]}},{"type":"Feature","properties":{"grid":"V9","height":244,"airport":"Kannur"},"geometry":{"type":"Polygon","coordinates":[[[75.50001510032061,11.742164281569131],[75.50001510000499,11.733486052148066],[75.50001509990888,11.733335680267462],[75.49821305185678,11.733335679987373],[75.48957502123966,11.733335679550644],[75.48334842993354,11.733335679672688],[75.48334843017923,11.733486051899714],[75.4833484296153,11.742164282335933],[75.48334842986014,11.750002349917347],[75.48957502083559,11.750002350065166],[75.49821305192334,11.75000235039597],[75.50001509995289,11.750002350076874],[75.50001510032061,11.742164281569131]]]}},{"type":"Feature","properties":{"grid":"V10","height":244,"airport":"Kannur"},"geometry":{"type":"Polygon","coordinates":[[[75.51668176958789,11.74216428238927],[75.51668177021816,11.733486051945386],[75.51668177027156,11.733335680422902],[75.5154891136544,11.733335680071127],[75.50685108302748,11.733335679859332],[75.50001509990888,11.733335680267462],[75.50001510000499,11.733486052148066],[75.50001510032061,11.742164281569131],[75.50001509995289,11.750002350076874],[75.50685108264962,11.75000234981376],[75.51548911375411,11.750002350124236],[75.51668177044613,11.750002350303308],[75.51668176958789,11.74216428238927]]]}},{"type":"Feature","properties":{"grid":"V11","height":244,"airport":"Kannur"},"geometry":{"type":"Polygon","coordinates":[[[75.53334843978075,11.742164282067145],[75.53334844043553,11.733486052184567],[75.53334843971898,11.733335680129349],[75.53276517621882,11.733335679693468],[75.52412714538984,11.733335679713754],[75.51668177027156,11.733335680422902],[75.51668177021816,11.733486051945386],[75.51668176958789,11.74216428238927],[75.51668177044613,11.750002350303308],[75.52412714505392,11.750002350421665],[75.53276517636601,11.750002349800344],[75.53334844003591,11.750002349682664],[75.53334843978075,11.742164282067145]]]}},{"type":"Feature","properties":{"grid":"V12","height":244,"airport":"Kannur"},"geometry":{"type":"Polygon","coordinates":[[[75.55001510960018,11.742164282401307],[75.55001511027051,11.733486051949564],[75.55001510970334,11.733335680276003],[75.54140320687769,11.733335680007212],[75.53334843971898,11.733335680129349],[75.53334844043553,11.733486052184567],[75.53334843978075,11.742164282067145],[75.53334844003591,11.750002349682664],[75.5414032065948,11.750002350069245],[75.55001511017669,11.750002350008447],[75.55001510960018,11.742164282401307]]]}},{"type":"Feature","properties":{"grid":"V13","height":244,"airport":"Kannur"},"geometry":{"type":"Polygon","coordinates":[[[75.56668177957566,11.74216428156927],[75.56668178025768,11.733486052130885],[75.56668177983799,11.733335679946407],[75.55867926970927,11.733335679817177],[75.55004123901873,11.73333567974575],[75.55001510970334,11.733335680276003],[75.55001511027051,11.733486051949564],[75.55001510960018,11.742164282401307],[75.55001511017669,11.750002350008447],[75.55004123922821,11.75000235031564],[75.5586792704122,11.750002349640738],[75.56668177956449,11.75000235036595],[75.56668177957566,11.74216428156927]]]}},{"type":"Feature","properties":{"grid":"V14","height":244,"airport":"Kannur"},"geometry":{"type":"Polygon","coordinates":[[[75.58334845024562,11.742164282269593],[75.5833484500103,11.733486051811708],[75.58334844973982,11.733335680032352],[75.57595533243565,11.733335680036094],[75.56731730060343,11.733335680216525],[75.56668177983799,11.733335679946407],[75.56668178025768,11.733486052130885],[75.56668177957566,11.74216428156927],[75.56668177956449,11.75000235036595],[75.5673173008868,11.75000234985001],[75.57595533230439,11.750002350033995],[75.58334844964843,11.75000234983481],[75.58334845024562,11.742164282269593]]]}},{"type":"Feature","properties":{"grid":"V15","height":244,"airport":"Kannur"},"geometry":{"type":"Polygon","coordinates":[[[75.60001512030209,11.742164281778326],[75.600015120063,11.733486051881652],[75.60001511993971,11.733335679614855],[75.5932313936042,11.73333567974771],[75.58459336319112,11.733335680182387],[75.58334844973982,11.733335680032352],[75.5833484500103,11.733486051811708],[75.58334845024562,11.742164282269593],[75.58334844964843,11.75000234983481],[75.5845933626482,11.750002350194844],[75.59323139357241,11.750002350327325],[75.60001512004766,11.750002350210673],[75.60001512030209,11.742164281778326]]]}},{"type":"Feature","properties":{"grid":"V16","height":244,"airport":"Kannur"},"geometry":{"type":"Polygon","coordinates":[[[75.61668179028183,11.742164281888988],[75.6166817900309,11.733486052327432],[75.61668179005466,11.733335679584927],[75.61050745727208,11.733335679832503],[75.60186942533086,11.733335679631004],[75.60001511993971,11.733335679614855],[75.600015120063,11.733486051881652],[75.60001512030209,11.742164281778326],[75.60001512004766,11.750002350210673],[75.6018694248957,11.75000235042979],[75.6105074573525,11.750002349594382],[75.61668179037379,11.750002349671623],[75.61668179028183,11.742164281888988]]]}},{"type":"Feature","properties":{"grid":"V17","height":244,"airport":"Kannur"},"geometry":{"type":"Polygon","coordinates":[[[75.63334845979813,11.742164281683708],[75.63334846044472,11.733486052229182],[75.63334845969973,11.73333567992904],[75.62778351923554,11.733335680283341],[75.61914548832887,11.733335680352566],[75.61668179005466,11.733335679584927],[75.6166817900309,11.733486052327432],[75.61668179028183,11.742164281888988],[75.61668179037379,11.750002349671623],[75.61914548801226,11.750002349633935],[75.6277835194449,11.750002349636627],[75.63334846024621,11.7500023500127],[75.63334845979813,11.742164281683708]]]}},{"type":"Feature","properties":{"grid":"V18","height":244,"airport":"Kannur"},"geometry":{"type":"Polygon","coordinates":[[[75.65001513030369,11.742164282048732],[75.65001513000173,11.733486051574932],[75.6500151303233,11.73333567972482],[75.64505958079475,11.733335680176944],[75.63642154981066,11.733335679623174],[75.63334845969973,11.73333567992904],[75.63334846044472,11.733486052229182],[75.63334845979813,11.742164281683708],[75.63334846024621,11.7500023500127],[75.63642154963368,11.75000234960482],[75.64505958115255,11.750002350435059],[75.65001513019611,11.750002350313638],[75.65001513030369,11.742164282048732]]]}},{"type":"Feature","properties":{"grid":"V19","height":244,"airport":"Kannur"},"geometry":{"type":"Polygon","coordinates":[[[75.66668179957622,11.742164282069536],[75.66668180015652,11.733486052154857],[75.66668179970706,11.733335679866387],[75.66233564325393,11.733335680397872],[75.65369761200226,11.733335680134331],[75.6500151303233,11.73333567972482],[75.65001513000173,11.733486051574932],[75.65001513030369,11.742164282048732],[75.65001513019611,11.750002350313638],[75.65369761198055,11.750002350321077],[75.6623356428562,11.750002350163415],[75.66668179983667,11.75000234965578],[75.66668179957622,11.742164282069536]]]}},{"type":"Feature","properties":{"grid":"V20","height":244,"airport":"Kannur"},"geometry":{"type":"Polygon","coordinates":[[[75.68334846998397,11.742164281725072],[75.68334846960218,11.733486052147722],[75.68334847021907,11.733335680332646],[75.67961170607774,11.73333568002565],[75.67097367436627,11.733335680061522],[75.66668179970706,11.733335679866387],[75.66668180015652,11.733486052154857],[75.66668179957622,11.742164282069536],[75.66668179983667,11.75000234965578],[75.67097367359816,11.7500023499603],[75.67961170586055,11.750002349705602],[75.68334846970528,11.750002349830842],[75.68334846998397,11.742164281725072]]]}},{"type":"Feature","properties":{"grid":"V21","height":244,"airport":"Kannur"},"geometry":{"type":"Polygon","coordinates":[[[75.7000151402266,11.742164281906566],[75.70001513979116,11.733486052438417],[75.70001513963675,11.733335680208567],[75.69688776781746,11.733335679950315],[75.68824973728933,11.7333356802906],[75.68334847021907,11.733335680332646],[75.68334846960218,11.733486052147722],[75.68334846998397,11.742164281725072],[75.68334846970528,11.750002349830842],[75.68824973671116,11.750002350308334],[75.69688776779961,11.750002349953728],[75.70001514033287,11.75000234991718],[75.7000151402266,11.742164281906566]]]}},{"type":"Feature","properties":{"grid":"V22","height":244,"airport":"Kannur"},"geometry":{"type":"Polygon","coordinates":[[[75.71668180991703,11.742164281694345],[75.71668181033615,11.73348605210707],[75.71668181033024,11.733335680376255],[75.71416382977522,11.733335680150644],[75.7055257993183,11.733335679902792],[75.70001513963675,11.733335680208567],[75.70001513979116,11.733486052438417],[75.7000151402266,11.742164281906566],[75.70001514033287,11.75000234991718],[75.70552579894913,11.750002350448495],[75.71416382997381,11.750002349982212],[75.71668181041701,11.750002349901512],[75.71668180991703,11.742164281694345]]]}},{"type":"Feature","properties":{"grid":"V23","height":244,"airport":"Kannur"},"geometry":{"type":"Polygon","coordinates":[[[75.7333484795904,11.742164281974567],[75.73334847993668,11.733486052044423],[75.73334848007683,11.733335679920133],[75.73143989233313,11.733335679702678],[75.72280186083985,11.73333567978316],[75.71668181033024,11.733335680376255],[75.71668181033615,11.73348605210707],[75.71668180991703,11.742164281694345],[75.71668181041701,11.750002349901512],[75.72280186069695,11.750002350361571],[75.73143989185027,11.750002349773741],[75.73334847957305,11.750002349768065],[75.7333484795904,11.742164281974567]]]}}]}