{"type":"FeatureCollection","features":[{"type":"Feature","properties":{"grid":"A1","height":149,"airport":"CIAL"},"geometry":{"type":"Polygon","coordinates":[[[76.23334857970168,10.344507295730807],[76.2333485802114,10.335828058229062],[76.23334858031697,10.333335400417589],[76.23131572592,10.333335400144493],[76.22272903976459,10.333335400192617],[76.21668190998969,10.333335399979568],[76.216681909902,10.335828057927612],[76.21668190975964,10.34450729563842],[76.21668191024288,10.350002070084733],[76.22272903958691,10.350002070291598],[76.23131572603464,10.350002069588399],[76.23334857997692,10.35000206963777],[76.23334857970168,10.344507295730807]]]}},{"type":"Feature","properties":{"grid":"A2","height":149,"airport":"CIAL"},"geometry":{"type":"Polygon","coordinates":[[[76.25001524996948,10.344507295686036],[76.2500152499186,10.335828058184951],[76.25001525003529,10.333335399804657],[76.24848909933681,10.333335400041406],[76.23990241341785,10.33333540009156],[76.23334858031697,10.333335400417589],[76.2333485802114,10.335828058229062],[76.23334857970168,10.344507295730807],[76.23334857997692,10.35000206963777],[76.23990241292444,10.350002070339443],[76.2484890991507,10.350002069832666],[76.25001525005092,10.350002070423868],[76.25001524996948,10.344507295686036]]]}},{"type":"Feature","properties":{"grid":"A3","height":149,"airport":"CIAL"},"geometry":{"type":"Polygon","coordinates":[[[76.26668192015046,10.344507296383462],[76.26668192043356,10.335828057763413],[76.26668191964849,10.333335399920957],[76.26566247118976,10.333335399916791],[76.25707578532138,10.33333539998413],[76.25001525003529,10.333335399804657],[76.2500152499186,10.335828058184951],[76.25001524996948,10.344507295686036],[76.25001525005092,10.350002070423868],[76.25707578545196,10.350002069870088],[76.26566247073325,10.350002070452348],[76.26668192003812,10.350002069705454],[76.26668192015046,10.344507296383462]]]}},{"type":"Feature","properties":{"grid":"A4","height":149,"airport":"CIAL"},"geometry":{"type":"Polygon","coordinates":[[[76.28334858982114,10.344507295989521],[76.28334859043031,10.335828057847051],[76.28334858964972,10.333335399833551],[76.2828358436769,10.333335399732892],[76.27424915767327,10.333335399832842],[76.26668191964849,10.333335399920957],[76.26668192043356,10.335828057763413],[76.26668192015046,10.344507296383462],[76.26668192003812,10.350002069705454],[76.27424915754517,10.350002069757304],[76.28283584388676,10.350002069597581],[76.28334859044642,10.350002070166434],[76.28334858982114,10.344507295989521]]]}},{"type":"Feature","properties":{"grid":"A5","height":149,"airport":"CIAL"},"geometry":{"type":"Polygon","coordinates":[[[76.30001526039895,10.344507296279891],[76.30001526040559,10.335828058406792],[76.30001525962614,10.333335400421095],[76.30000921717364,10.333335400362644],[76.29142252993203,10.333335399610327],[76.28334858964972,10.333335399833551],[76.28334859043031,10.335828057847051],[76.28334858982114,10.344507295989521],[76.28334859044642,10.350002070166434],[76.29142252957627,10.350002069970179],[76.30000921716784,10.350002069956899],[76.30001525993919,10.350002069976478],[76.30001526039895,10.344507296279891]]]}},{"type":"Feature","properties":{"grid":"A6","height":149,"airport":"CIAL"},"geometry":{"type":"Polygon","coordinates":[[[76.31668192963751,10.344507296331837],[76.31668192993554,10.33582805760843],[76.31668193006698,10.333335399845689],[76.30859590338618,10.333335400185746],[76.30001525962614,10.333335400421095],[76.30001526040559,10.335828058406792],[76.30001526039895,10.344507296279891],[76.30001525993919,10.350002069976478],[76.30859590282682,10.35000206956938],[76.31668192993028,10.350002070006678],[76.31668192963751,10.344507296331837]]]}},{"type":"Feature","properties":{"grid":"A7","height":149,"airport":"CIAL"},"geometry":{"type":"Polygon","coordinates":[[[76.33334859985999,10.344507296108109],[76.33334860044113,10.335828058130987],[76.33334859964992,10.333335399893322],[76.32576927474726,10.333335399733702],[76.31718258930466,10.333335399977104],[76.31668193006698,10.333335399845689],[76.31668192993554,10.33582805760843],[76.31668192963751,10.344507296331837],[76.31668192993028,10.350002070006678],[76.31718258911476,10.350002069697702],[76.3257692749367,10.350002070342539],[76.33334860000355,10.350002070230778],[76.33334859985999,10.344507296108109]]]}},{"type":"Feature","properties":{"grid":"A8","height":149,"airport":"CIAL"},"geometry":{"type":"Polygon","coordinates":[[[76.35001526973677,10.344507295585908],[76.35001526967199,10.335828058147088],[76.35001526978091,10.333335399625831],[76.34294264804693,10.333335400015509],[76.33435596227535,10.333335400345314],[76.33334859964992,10.333335399893322],[76.33334860044113,10.335828058130987],[76.33334859985999,10.344507296108109],[76.33334860000355,10.350002070230778],[76.33435596192963,10.350002069684825],[76.34294264809678,10.350002070441558],[76.35001526973882,10.350002069718082],[76.35001526973677,10.344507295585908]]]}},{"type":"Feature","properties":{"grid":"A9","height":149,"airport":"CIAL"},"geometry":{"type":"Polygon","coordinates":[[[76.3666819397685,10.34450729563879],[76.36668193995087,10.33582805761852],[76.36668194004712,10.333335399920529],[76.3601160200003,10.33333540010945],[76.35152933371018,10.333335399637829],[76.35001526978091,10.333335399625831],[76.35001526967199,10.335828058147088],[76.35001526973677,10.344507295585908],[76.35001526973882,10.350002069718082],[76.35152933415804,10.35000206989327],[76.36011601993928,10.350002069845198],[76.36668193964071,10.350002070246317],[76.3666819397685,10.34450729563879]]]}},{"type":"Feature","properties":{"grid":"A10","height":149,"airport":"CIAL"},"geometry":{"type":"Polygon","coordinates":[[[76.38334861045189,10.344507296235633],[76.3833486099558,10.3358280583303],[76.383348610028,10.333335399846089],[76.37728939280511,10.33333539997487],[76.36870270672769,10.333335399618788],[76.36668194004712,10.333335399920529],[76.36668193995087,10.33582805761852],[76.3666819397685,10.34450729563879],[76.36668193964071,10.350002070246317],[76.3687027070851,10.350002070286385],[76.3772893926702,10.350002070321096],[76.38334861019827,10.350002069976007],[76.38334861045189,10.344507296235633]]]}},{"type":"Feature","properties":{"grid":"A11","height":149,"airport":"CIAL"},"geometry":{"type":"Polygon","coordinates":[[[76.4000152804534,10.344507296448654],[76.40001528017542,10.33582805844267],[76.40001528022387,10.333335400275315],[76.39446276591956,10.333335399582117],[76.38587607896,10.333335400266433],[76.383348610028,10.333335399846089],[76.3833486099558,10.3358280583303],[76.38334861045189,10.344507296235633],[76.38334861019827,10.350002069976007],[76.38587607925233,10.350002069934432],[76.39446276574039,10.350002070031206],[76.4000152800858,10.350002069787708],[76.4000152804534,10.344507296448654]]]}},{"type":"Feature","properties":{"grid":"A12","height":149,"airport":"CIAL"},"geometry":{"type":"Polygon","coordinates":[[[76.41668195026956,10.344507296246155],[76.41668195019288,10.335828057927802],[76.41668195021397,10.33333540027621],[76.4116361378927,10.333335399809407],[76.40304945168364,10.33333539973489],[76.40001528022387,10.333335400275315],[76.40001528017542,10.33582805844267],[76.4000152804534,10.344507296448654],[76.4000152800858,10.350002069787708],[76.40304945194859,10.350002069703988],[76.41163613769912,10.35000206985369],[76.41668194980006,10.350002069649678],[76.41668195026956,10.344507296246155]]]}},{"type":"Feature","properties":{"grid":"A13","height":149,"airport":"CIAL"},"geometry":{"type":"Polygon","coordinates":[[[76.43334862039686,10.344507295595932],[76.43334861959546,10.335828057661798],[76.43334861958145,10.333335399820701],[76.42880951091811,10.333335399710371],[76.42022282436481,10.333335399802358],[76.41668195021397,10.33333540027621],[76.41668195019288,10.335828057927802],[76.41668195026956,10.344507296246155],[76.41668194980006,10.350002069649678],[76.42022282371927,10.350002069568864],[76.42880951074446,10.35000206974627],[76.43334861984187,10.350002070433863],[76.43334862039686,10.344507295595932]]]}},{"type":"Feature","properties":{"grid":"A14","height":149,"airport":"CIAL"},"geometry":{"type":"Polygon","coordinates":[[[76.45001529042688,10.344507296277781],[76.45001528979259,10.335828057608044],[76.4500152897397,10.333335399776368],[76.44598288263175,10.333335400166542],[76.43739619737481,10.33333540043429],[76.43334861958145,10.333335399820701],[76.43334861959546,10.335828057661798],[76.43334862039686,10.344507295595932],[76.43334861984187,10.350002070433863],[76.43739619676654,10.350002070390648],[76.44598288342176,10.350002069682207],[76.45001528978648,10.350002070303427],[76.45001529042688,10.344507296277781]]]}},{"type":"Feature","properties":{"grid":"A15","height":149,"airport":"CIAL"},"geometry":{"type":"Polygon","coordinates":[[[76.46668195993055,10.344507295550448],[76.46668196036741,10.335828057737638],[76.46668196027187,10.333335400114274],[76.46315625614001,10.333335400226359],[76.45456957016351,10.333335399791508],[76.4500152897397,10.333335399776368],[76.45001528979259,10.335828057608044],[76.45001529042688,10.344507296277781],[76.45001528978648,10.350002070303427],[76.4545695696275,10.350002070334066],[76.46315625610261,10.350002069626312],[76.46668196013457,10.350002070129518],[76.46668195993055,10.344507295550448]]]}},{"type":"Feature","properties":{"grid":"A16","height":149,"airport":"CIAL"},"geometry":{"type":"Polygon","coordinates":[[[76.48334863032994,10.34450729608886],[76.48334862998998,10.335828058025573],[76.48334862984373,10.333335399905339],[76.48032962816156,10.333335399870776],[76.4717429421972,10.33333539965117],[76.46668196027187,10.333335400114274],[76.46668196036741,10.335828057737638],[76.46668195993055,10.344507295550448],[76.46668196013457,10.350002070129518],[76.47174294176463,10.35000207027208],[76.4803296282454,10.350002069547186],[76.48334862955635,10.350002069887152],[76.48334863032994,10.34450729608886]]]}},{"type":"Feature","properties":{"grid":"A17","height":149,"airport":"CIAL"},"geometry":{"type":"Polygon","coordinates":[[[76.50001530028676,10.344507296059398],[76.50001530006956,10.335828058434059],[76.5000152998687,10.333335400015875],[76.49750300089785,10.33333539995967],[76.4889163147601,10.333335399973372],[76.48334862984373,10.333335399905339],[76.48334862998998,10.335828058025573],[76.48334863032994,10.34450729608886],[76.48334862955635,10.350002069887152],[76.48891631537572,10.350002070160507],[76.49750300113904,10.35000207030875],[76.50001530037886,10.350002070438306],[76.50001530028676,10.344507296059398]]]}},{"type":"Feature","properties":{"grid":"A18","height":149,"airport":"CIAL"},"geometry":{"type":"Polygon","coordinates":[[[76.51668197030153,10.344507296332132],[76.51668197018485,10.335828058029074],[76.51668196992975,10.33333540041602],[76.5146763728895,10.333335399560983],[76.50608968730597,10.333335399821953],[76.5000152998687,10.333335400015875],[76.50001530006956,10.335828058434059],[76.50001530028676,10.344507296059398],[76.50001530037886,10.350002070438306],[76.5060896871797,10.350002069979956],[76.51467637332014,10.350002070074737],[76.51668197035059,10.350002069953304],[76.51668197030153,10.344507296332132]]]}},{"type":"Feature","properties":{"grid":"A19","height":149,"airport":"CIAL"},"geometry":{"type":"Polygon","coordinates":[[[76.5333486399531,10.34450729597278],[76.53334863992305,10.33582805768465],[76.53334863960545,10.333335400171508],[76.53184974634222,10.333335400437544],[76.52326306021004,10.333335400064442],[76.51668196992975,10.33333540041602],[76.51668197018485,10.335828058029074],[76.51668197030153,10.344507296332132],[76.51668197035059,10.350002069953304],[76.52326306028729,10.350002069681082],[76.53184974607741,10.350002069708157],[76.53334863997654,10.350002070205997],[76.5333486399531,10.34450729597278]]]}},{"type":"Feature","properties":{"grid":"A20","height":149,"airport":"CIAL"},"geometry":{"type":"Polygon","coordinates":[[[76.55001530974197,10.344507295850638],[76.5500153097846,10.335828058270057],[76.55001531030913,10.333335400147318],[76.54902311887464,10.333335399852674],[76.54043643201275,10.333335399768314],[76.53334863960545,10.333335400171508],[76.53334863992305,10.33582805768465],[76.5333486399531,10.34450729597278],[76.53334863997654,10.350002070205997],[76.54043643233489,10.35000207014376],[76.54902311887346,10.350002070080128],[76.55001530974869,10.350002070257425],[76.55001530974197,10.344507295850638]]]}},{"type":"Feature","properties":{"grid":"A21","height":149,"airport":"CIAL"},"geometry":{"type":"Polygon","coordinates":[[[76.5666819801643,10.344507295930418],[76.56668198025663,10.335828057941864],[76.56668197979755,10.33333540032133],[76.56619649086635,10.333335399577079],[76.55760980491547,10.333335399791602],[76.55001531030913,10.333335400147318],[76.5500153097846,10.335828058270057],[76.55001530974197,10.344507295850638],[76.55001530974869,10.350002070257425],[76.55760980460256,10.350002070422157],[76.56619649116209,10.350002070253245],[76.56668198016327,10.350002070072282],[76.5666819801643,10.344507295930418]]]}},{"type":"Feature","properties":{"grid":"A22","height":149,"airport":"CIAL"},"geometry":{"type":"Polygon","coordinates":[[[76.5833486498901,10.344507296185345],[76.58334865001326,10.335828057577405],[76.58334865038813,10.333335399745103],[76.57478317654987,10.333335400109577],[76.56668197979755,10.33333540032133],[76.56668198025663,10.335828057941864],[76.5666819801643,10.344507295930418],[76.56668198016327,10.350002070072282],[76.57478317654387,10.350002069578622],[76.58334864989028,10.350002069623805],[76.5833486498901,10.344507296185345]]]}},{"type":"Feature","properties":{"grid":"A23","height":149,"airport":"CIAL"},"geometry":{"type":"Polygon","coordinates":[[[76.60001532032383,10.344507295670889],[76.60001531955494,10.335828058044912],[76.60001531984652,10.333335400204232],[76.59195655002132,10.333335399766575],[76.58336986360119,10.333335399568275],[76.58334865038813,10.333335399745103],[76.58334865001326,10.335828057577405],[76.5833486498901,10.344507296185345],[76.58334864989028,10.350002069623805],[76.5833698642275,10.350002070184935],[76.59195655036966,10.350002070278148],[76.6000153203435,10.350002069775616],[76.60001532032383,10.344507295670889]]]}},{"type":"Feature","properties":{"grid":"B1","height":149,"airport":"CIAL"},"geometry":{"type":"Polygon","coordinates":[[[76.2333485796385,10.327148820807707],[76.23334857981364,10.318469584367536],[76.23334858031394,10.316668730183688],[76.2313157262043,10.31666872968143],[76.2227290396218,10.316668729970425],[76.21668190982011,10.316668729741963],[76.21668191036738,10.318469583624513],[76.21668191041105,10.327148821190132],[76.21668190998969,10.333335399979568],[76.22272903976459,10.333335400192617],[76.23131572592,10.333335400144493],[76.23334858031697,10.333335400417589],[76.2333485796385,10.327148820807707]]]}},{"type":"Feature","properties":{"grid":"B2","height":149,"airport":"CIAL"},"geometry":{"type":"Polygon","coordinates":[[[76.25001525007886,10.327148820765146],[76.25001525045452,10.318469584334428],[76.25001525017376,10.316668729999936],[76.24848909863181,10.316668730162453],[76.23990241321034,10.316668729744066],[76.23334858031394,10.316668730183688],[76.23334857981364,10.318469584367536],[76.2333485796385,10.327148820807707],[76.23334858031697,10.333335400417589],[76.23990241341785,10.33333540009156],[76.24848909933681,10.333335400041406],[76.25001525003529,10.333335399804657],[76.25001525007886,10.327148820765146]]]}},{"type":"Feature","properties":{"grid":"B3","height":149,"airport":"CIAL"},"geometry":{"type":"Polygon","coordinates":[[[76.26668192040242,10.327148821041103],[76.26668192005054,10.318469584411677],[76.26668191989951,10.316668730066716],[76.2656624712915,10.316668730218266],[76.25707578502268,10.316668730018911],[76.25001525017376,10.316668729999936],[76.25001525045452,10.318469584334428],[76.25001525007886,10.327148820765146],[76.25001525003529,10.333335399804657],[76.25707578532138,10.33333539998413],[76.26566247118976,10.333335399916791],[76.26668191964849,10.333335399920957],[76.26668192040242,10.327148821041103]]]}},{"type":"Feature","properties":{"grid":"B4","height":149,"airport":"CIAL"},"geometry":{"type":"Polygon","coordinates":[[[76.283348590189,10.327148820706258],[76.28334859000755,10.318469583662852],[76.2833485899875,10.31666873035534],[76.28283584364155,10.3166687298218],[76.27424915816597,10.316668729849747],[76.26668191989951,10.316668730066716],[76.26668192005054,10.318469584411677],[76.26668192040242,10.327148821041103],[76.26668191964849,10.333335399920957],[76.27424915767327,10.333335399832842],[76.2828358436769,10.333335399732892],[76.28334858964972,10.333335399833551],[76.283348590189,10.327148820706258]]]}},{"type":"Feature","properties":{"grid":"B5","height":149,"airport":"CIAL"},"geometry":{"type":"Polygon","coordinates":[[[76.30001525993873,10.327148820635772],[76.30001525991602,10.31846958387092],[76.30001526001722,10.316668729936127],[76.3000092169699,10.31666872984251],[76.29142253027575,10.3166687301206],[76.2833485899875,10.31666873035534],[76.28334859000755,10.318469583662852],[76.283348590189,10.327148820706258],[76.28334858964972,10.333335399833551],[76.29142252993203,10.333335399610327],[76.30000921717364,10.333335400362644],[76.30001525962614,10.333335400421095],[76.30001525993873,10.327148820635772]]]}},{"type":"Feature","properties":{"grid":"B6","height":149,"airport":"CIAL"},"geometry":{"type":"Polygon","coordinates":[[[76.31668193014815,10.327148820800165],[76.31668193026862,10.318469584102196],[76.31668192957545,10.316668729687546],[76.30859590263269,10.316668729892404],[76.30001526001722,10.316668729936127],[76.30001525991602,10.31846958387092],[76.30001525993873,10.327148820635772],[76.30001525962614,10.333335400421095],[76.30859590338618,10.333335400185746],[76.31668193006698,10.333335399845689],[76.31668193014815,10.327148820800165]]]}},{"type":"Feature","properties":{"grid":"B7","height":149,"airport":"CIAL"},"geometry":{"type":"Polygon","coordinates":[[[76.33334860040057,10.327148821173258],[76.33334859973536,10.31846958433428],[76.33334860007153,10.31666872957603],[76.32576927469859,10.316668730041327],[76.31718258890851,10.316668730259867],[76.31668192957545,10.316668729687546],[76.31668193026862,10.318469584102196],[76.31668193014815,10.327148820800165],[76.31668193006698,10.333335399845689],[76.31718258930466,10.333335399977104],[76.32576927474726,10.333335399733702],[76.33334859964992,10.333335399893322],[76.33334860040057,10.327148821173258]]]}},{"type":"Feature","properties":{"grid":"B8","height":149,"airport":"CIAL"},"geometry":{"type":"Polygon","coordinates":[[[76.35001527027542,10.327148820824412],[76.3500152697217,10.318469583629103],[76.35001527017536,10.31666872957886],[76.34294264775387,10.316668729627253],[76.33435596165101,10.316668730130388],[76.33334860007153,10.31666872957603],[76.33334859973536,10.31846958433428],[76.33334860040057,10.327148821173258],[76.33334859964992,10.333335399893322],[76.33435596227535,10.333335400345314],[76.34294264804693,10.333335400015509],[76.35001526978091,10.333335399625831],[76.35001527027542,10.327148820824412]]]}},{"type":"Feature","properties":{"grid":"B9","height":149,"airport":"CIAL"},"geometry":{"type":"Polygon","coordinates":[[[76.36668194027285,10.327148820627242],[76.36668193981829,10.318469583768175],[76.36668194038313,10.316668729665462],[76.36011602035113,10.31666873043351],[76.35152933374609,10.316668730333415],[76.35001527017536,10.31666872957886],[76.3500152697217,10.318469583629103],[76.35001527027542,10.327148820824412],[76.35001526978091,10.333335399625831],[76.35152933371018,10.333335399637829],[76.3601160200003,10.33333540010945],[76.36668194004712,10.333335399920529],[76.36668194027285,10.327148820627242]]]}},{"type":"Feature","properties":{"grid":"B10","height":149,"airport":"CIAL"},"geometry":{"type":"Polygon","coordinates":[[[76.38334860997607,10.32714882055462],[76.38334860960434,10.318469583820221],[76.38334861027776,10.316668729808745],[76.37728939284978,10.31666872971463],[76.36870270738709,10.316668729924347],[76.36668194038313,10.316668729665462],[76.36668193981829,10.318469583768175],[76.36668194027285,10.327148820627242],[76.36668194004712,10.333335399920529],[76.36870270672769,10.333335399618788],[76.37728939280511,10.33333539997487],[76.383348610028,10.333335399846089],[76.38334860997607,10.32714882055462]]]}},{"type":"Feature","properties":{"grid":"B11","height":149,"airport":"CIAL"},"geometry":{"type":"Polygon","coordinates":[[[76.40001527988129,10.327148820575186],[76.4000152795759,10.318469583753915],[76.40001528035528,10.316668729977374],[76.39446276563247,10.316668730149727],[76.38587607929654,10.316668729789543],[76.38334861027776,10.316668729808745],[76.38334860960434,10.318469583820221],[76.38334860997607,10.32714882055462],[76.383348610028,10.333335399846089],[76.38587607896,10.333335400266433],[76.39446276591956,10.333335399582117],[76.40001528022387,10.333335400275315],[76.40001527988129,10.327148820575186]]]}},{"type":"Feature","properties":{"grid":"B12","height":149,"airport":"CIAL"},"geometry":{"type":"Polygon","coordinates":[[[76.41668194957167,10.327148820661135],[76.41668195023293,10.318469584441633],[76.41668195019855,10.316668730143602],[76.41163613814918,10.316668729900552],[76.40304945167162,10.316668729887741],[76.40001528035528,10.316668729977374],[76.4000152795759,10.318469583753915],[76.40001527988129,10.327148820575186],[76.40001528022387,10.333335400275315],[76.40304945168364,10.33333539973489],[76.4116361378927,10.333335399809407],[76.41668195021397,10.33333540027621],[76.41668194957167,10.327148820661135]]]}},{"type":"Feature","properties":{"grid":"B13","height":149,"airport":"CIAL"},"geometry":{"type":"Polygon","coordinates":[[[76.43334861954334,10.327148820780321],[76.43334862023721,10.318469584050899],[76.43334862030352,10.3166687302753],[76.42880951077477,10.31666872983706],[76.42022282397018,10.316668730188814],[76.41668195019855,10.316668730143602],[76.41668195023293,10.318469584441633],[76.41668194957167,10.327148820661135],[76.41668195021397,10.33333540027621],[76.42022282436481,10.333335399802358],[76.42880951091811,10.333335399710371],[76.43334861958145,10.333335399820701],[76.43334861954334,10.327148820780321]]]}},{"type":"Feature","properties":{"grid":"B14","height":149,"airport":"CIAL"},"geometry":{"type":"Polygon","coordinates":[[[76.4500152902924,10.32714882090019],[76.45001529009272,10.31846958435764],[76.45001529025292,10.316668730344032],[76.445982882967,10.316668729928631],[76.43739619655896,10.316668729754138],[76.43334862030352,10.3166687302753],[76.43334862023721,10.318469584050899],[76.43334861954334,10.327148820780321],[76.43334861958145,10.333335399820701],[76.43739619737481,10.33333540043429],[76.44598288263175,10.333335400166542],[76.4500152897397,10.333335399776368],[76.4500152902924,10.32714882090019]]]}},{"type":"Feature","properties":{"grid":"B15","height":149,"airport":"CIAL"},"geometry":{"type":"Polygon","coordinates":[[[76.46668195957565,10.327148821000117],[76.46668196029123,10.318469584424799],[76.46668195962955,10.316668730321078],[76.46315625600971,10.316668730136113],[76.45456956981695,10.316668730357103],[76.45001529025292,10.316668730344032],[76.45001529009272,10.31846958435764],[76.4500152902924,10.32714882090019],[76.4500152897397,10.333335399776368],[76.45456957016351,10.333335399791508],[76.46315625614001,10.333335400226359],[76.46668196027187,10.333335400114274],[76.46668195957565,10.327148821000117]]]}},{"type":"Feature","properties":{"grid":"B16","height":149,"airport":"CIAL"},"geometry":{"type":"Polygon","coordinates":[[[76.48334862971527,10.327148821038644],[76.48334863041546,10.31846958422326],[76.48334862984215,10.316668730169061],[76.48032962844755,10.316668730432184],[76.47174294228056,10.316668730162277],[76.46668195962955,10.316668730321078],[76.46668196029123,10.318469584424799],[76.46668195957565,10.327148821000117],[76.46668196027187,10.333335400114274],[76.4717429421972,10.33333539965117],[76.48032962816156,10.333335399870776],[76.48334862984373,10.333335399905339],[76.48334862971527,10.327148821038644]]]}},{"type":"Feature","properties":{"grid":"B17","height":149,"airport":"CIAL"},"geometry":{"type":"Polygon","coordinates":[[[76.50001530029407,10.32714882098622],[76.50001530004805,10.318469583723623],[76.50001529956035,10.316668729862684],[76.49750300064687,10.316668729876897],[76.48891631523757,10.316668730034028],[76.48334862984215,10.316668730169061],[76.48334863041546,10.31846958422326],[76.48334862971527,10.327148821038644],[76.48334862984373,10.333335399905339],[76.4889163147601,10.333335399973372],[76.49750300089785,10.33333539995967],[76.5000152998687,10.333335400015875],[76.50001530029407,10.32714882098622]]]}},{"type":"Feature","properties":{"grid":"B18","height":149,"airport":"CIAL"},"geometry":{"type":"Polygon","coordinates":[[[76.51668196998182,10.327148820817264],[76.516681969689,10.318469583796047],[76.51668197019711,10.316668730267823],[76.5146763729868,10.316668730242178],[76.5060896872326,10.31666872994463],[76.50001529956035,10.316668729862684],[76.50001530004805,10.318469583723623],[76.50001530029407,10.32714882098622],[76.5000152998687,10.333335400015875],[76.50608968730597,10.333335399821953],[76.5146763728895,10.333335399560983],[76.51668196992975,10.33333540041602],[76.51668196998182,10.327148820817264]]]}},{"type":"Feature","properties":{"grid":"B19","height":149,"airport":"CIAL"},"geometry":{"type":"Polygon","coordinates":[[[76.53334864019178,10.327148821397257],[76.53334863983403,10.318469584406106],[76.53334864041334,10.316668729550337],[76.53184974582926,10.316668729682975],[76.52326305954924,10.316668729853347],[76.51668197019711,10.316668730267823],[76.516681969689,10.318469583796047],[76.51668196998182,10.327148820817264],[76.51668196992975,10.33333540041602],[76.52326306021004,10.333335400064442],[76.53184974634222,10.333335400437544],[76.53334863960545,10.333335400171508],[76.53334864019178,10.327148821397257]]]}},{"type":"Feature","properties":{"grid":"B20","height":149,"airport":"CIAL"},"geometry":{"type":"Polygon","coordinates":[[[76.55001530958494,10.327148820891844],[76.55001531005692,10.318469583715057],[76.55001530980466,10.31666873039223],[76.5490231186404,10.316668729974644],[76.54043643164495,10.316668729727525],[76.53334864041334,10.316668729550337],[76.53334863983403,10.318469584406106],[76.53334864019178,10.327148821397257],[76.53334863960545,10.333335400171508],[76.54043643201275,10.333335399768314],[76.54902311887464,10.333335399852674],[76.55001531030913,10.333335400147318],[76.55001530958494,10.327148820891844]]]}},{"type":"Feature","properties":{"grid":"B21","height":149,"airport":"CIAL"},"geometry":{"type":"Polygon","coordinates":[[[76.56668197957882,10.327148821069722],[76.56668197995342,10.318469584404497],[76.56668197976643,10.316668730041705],[76.56619649087328,10.316668730179856],[76.55760980480764,10.316668730429447],[76.55001530980466,10.31666873039223],[76.55001531005692,10.318469583715057],[76.55001530958494,10.327148820891844],[76.55001531030913,10.333335400147318],[76.55760980491547,10.333335399791602],[76.56619649086635,10.333335399577079],[76.56668197979755,10.33333540032133],[76.56668197957882,10.327148821069722]]]}},{"type":"Feature","properties":{"grid":"B22","height":149,"airport":"CIAL"},"geometry":{"type":"Polygon","coordinates":[[[76.58334864975164,10.32714882099559],[76.58334865000563,10.318469583726584],[76.58334864988991,10.316668730275795],[76.57478317665982,10.316668730126295],[76.56668197976643,10.316668730041705],[76.56668197995342,10.318469584404497],[76.56668197957882,10.327148821069722],[76.56668197979755,10.33333540032133],[76.57478317654987,10.333335400109577],[76.58334865038813,10.333335399745103],[76.58334864975164,10.32714882099559]]]}},{"type":"Feature","properties":{"grid":"B23","height":149,"airport":"CIAL"},"geometry":{"type":"Polygon","coordinates":[[[76.60001531968601,10.327148820637987],[76.6000153198095,10.31846958436217],[76.60001531975303,10.316668730158975],[76.59195655031516,10.316668729670626],[76.58336986381127,10.316668730256195],[76.58334864988991,10.316668730275795],[76.58334865000563,10.318469583726584],[76.58334864975164,10.32714882099559],[76.58334865038813,10.333335399745103],[76.58336986360119,10.333335399568275],[76.59195655002132,10.333335399766575],[76.60001531984652,10.333335400204232],[76.60001531968601,10.327148820637987]]]}},{"type":"Feature","properties":{"grid":"C1","height":149,"airport":"CIAL"},"geometry":{"type":"Polygon","coordinates":[[[76.2333485798138,10.30979034620293],[76.23334857965031,10.301111109030163],[76.23334857997669,10.300002059865571],[76.23131572598675,10.300002060036434],[76.22272904007696,10.300002059646891],[76.21668190974283,10.300002060301466],[76.21668190954861,10.301111108732437],[76.21668190977529,10.309790346138575],[76.21668190982011,10.316668729741963],[76.2227290396218,10.316668729970425],[76.2313157262043,10.31666872968143],[76.23334858031394,10.316668730183688],[76.2333485798138,10.30979034620293]]]}},{"type":"Feature","properties":{"grid":"C2","height":149,"airport":"CIAL"},"geometry":{"type":"Polygon","coordinates":[[[76.25001525012256,10.30979034618723],[76.25001525000754,10.301111109036233],[76.25001524955505,10.300002060134265],[76.24848909886734,10.30000206021398],[76.23990241322393,10.300002060222946],[76.23334857997669,10.300002059865571],[76.23334857965031,10.301111109030163],[76.2333485798138,10.30979034620293],[76.23334858031394,10.316668730183688],[76.23990241321034,10.316668729744066],[76.24848909863181,10.316668730162453],[76.25001525017376,10.316668729999936],[76.25001525012256,10.30979034618723]]]}},{"type":"Feature","properties":{"grid":"C3","height":149,"airport":"CIAL"},"geometry":{"type":"Polygon","coordinates":[[[76.26668192028463,10.30979034606666],[76.26668192020313,10.301111108725847],[76.26668191988342,10.30000206017154],[76.26566247103676,10.300002059573572],[76.25707578456124,10.300002059999699],[76.25001524955505,10.300002060134265],[76.25001525000754,10.301111109036233],[76.25001525012256,10.30979034618723],[76.25001525017376,10.316668729999936],[76.25707578502268,10.316668730018911],[76.2656624712915,10.316668730218266],[76.26668191989951,10.316668730066716],[76.26668192028463,10.30979034606666]]]}},{"type":"Feature","properties":{"grid":"C4","height":149,"airport":"CIAL"},"geometry":{"type":"Polygon","coordinates":[[[76.28334858988306,10.309790345816197],[76.28334858982362,10.301111108978251],[76.28334858963163,10.30000205995587],[76.28283584378613,10.300002059889483],[76.27424915811561,10.300002059836837],[76.26668191988342,10.30000206017154],[76.26668192020313,10.301111108725847],[76.26668192028463,10.30979034606666],[76.26668191989951,10.316668730066716],[76.27424915816597,10.316668729849747],[76.28283584364155,10.3166687298218],[76.2833485899875,10.31666873035534],[76.28334858988306,10.309790345816197]]]}},{"type":"Feature","properties":{"grid":"C5","height":149,"airport":"CIAL"},"geometry":{"type":"Polygon","coordinates":[[[76.30001526033077,10.30979034630737],[76.30001526027436,10.301111108856565],[76.30001526021223,10.300002060358825],[76.30000921656966,10.300002060230012],[76.29142252969254,10.300002059721374],[76.28334858963163,10.30000205995587],[76.28334858982362,10.301111108978251],[76.28334858988306,10.309790345816197],[76.2833485899875,10.31666873035534],[76.29142253027575,10.3166687301206],[76.3000092169699,10.31666872984251],[76.30001526001722,10.316668729936127],[76.30001526033077,10.30979034630737]]]}},{"type":"Feature","properties":{"grid":"C6","height":149,"airport":"CIAL"},"geometry":{"type":"Polygon","coordinates":[[[76.31668193029022,10.30979034570964],[76.3166819302288,10.301111109242882],[76.31668193028757,10.30000205954989],[76.30859590331511,10.300002059607564],[76.30001526021223,10.300002060358825],[76.30001526027436,10.301111108856565],[76.30001526033077,10.30979034630737],[76.30001526001722,10.316668729936127],[76.30859590263269,10.316668729892404],[76.31668192957545,10.316668729687546],[76.31668193029022,10.30979034570964]]]}},{"type":"Feature","properties":{"grid":"C7","height":149,"airport":"CIAL"},"geometry":{"type":"Polygon","coordinates":[[[76.3333486002649,10.309790345801673],[76.33334860017901,10.301111109203251],[76.33334860036466,10.300002060211934],[76.32576927479256,10.300002060386293],[76.31718258884133,10.300002059663155],[76.31668193028757,10.30000205954989],[76.3166819302288,10.301111109242882],[76.31668193029022,10.30979034570964],[76.31668192957545,10.316668729687546],[76.31718258890851,10.316668730259867],[76.32576927469859,10.316668730041327],[76.33334860007153,10.31666872957603],[76.3333486002649,10.309790345801673]]]}},{"type":"Feature","properties":{"grid":"C8","height":149,"airport":"CIAL"},"geometry":{"type":"Polygon","coordinates":[[[76.35001526983397,10.309790345652821],[76.35001526970768,10.301111108711341],[76.35001527001488,10.300002059605978],[76.34294264814035,10.300002060202239],[76.33435596189241,10.300002059961734],[76.33334860036466,10.300002060211934],[76.33334860017901,10.301111109203251],[76.3333486002649,10.309790345801673],[76.33334860007153,10.31666872957603],[76.33435596165101,10.316668730130388],[76.34294264775387,10.316668729627253],[76.35001527017536,10.31666872957886],[76.35001526983397,10.309790345652821]]]}},{"type":"Feature","properties":{"grid":"C9","height":149,"airport":"CIAL"},"geometry":{"type":"Polygon","coordinates":[[[76.36668194041029,10.309790346132923],[76.36668194022741,10.30111110863692],[76.36668193974542,10.300002060414123],[76.36011602008062,10.300002059942095],[76.35152933426373,10.300002060196723],[76.35001527001488,10.300002059605978],[76.35001526970768,10.301111108711341],[76.35001526983397,10.309790345652821],[76.35001527017536,10.31666872957886],[76.35152933374609,10.316668730333415],[76.36011602035113,10.31666873043351],[76.36668194038313,10.316668729665462],[76.36668194041029,10.309790346132923]]]}},{"type":"Feature","properties":{"grid":"C10","height":149,"airport":"CIAL"},"geometry":{"type":"Polygon","coordinates":[[[76.38334860974669,10.309790346318357],[76.38334861040785,10.301111108956746],[76.38334861004036,10.300002059892805],[76.3772893928101,10.300002059565367],[76.36870270723902,10.300002060331625],[76.36668193974542,10.300002060414123],[76.36668194022741,10.30111110863692],[76.36668194041029,10.309790346132923],[76.36668194038313,10.316668729665462],[76.36870270738709,10.316668729924347],[76.37728939284978,10.31666872971463],[76.38334861027776,10.316668729808745],[76.38334860974669,10.309790346318357]]]}},{"type":"Feature","properties":{"grid":"C11","height":149,"airport":"CIAL"},"geometry":{"type":"Polygon","coordinates":[[[76.4000152801651,10.309790346170074],[76.40001527982768,10.30111110873928],[76.400015279577,10.300002059826928],[76.39446276579022,10.30000205994667],[76.38587607936276,10.300002060341019],[76.38334861004036,10.300002059892805],[76.38334861040785,10.301111108956746],[76.38334860974669,10.309790346318357],[76.38334861027776,10.316668729808745],[76.38587607929654,10.316668729789543],[76.39446276563247,10.316668730149727],[76.40001528035528,10.316668729977374],[76.4000152801651,10.309790346170074]]]}},{"type":"Feature","properties":{"grid":"C12","height":149,"airport":"CIAL"},"geometry":{"type":"Polygon","coordinates":[[[76.41668195033517,10.309790345664187],[76.4166819498995,10.301111108853124],[76.416681949764,10.300002060180868],[76.41163613756157,10.300002060155979],[76.40304945191848,10.300002060187467],[76.400015279577,10.300002059826928],[76.40001527982768,10.30111110873928],[76.4000152801651,10.309790346170074],[76.40001528035528,10.316668729977374],[76.40304945167162,10.316668729887741],[76.41163613814918,10.316668729900552],[76.41668195019855,10.316668730143602],[76.41668195033517,10.309790345664187]]]}},{"type":"Feature","properties":{"grid":"C13","height":149,"airport":"CIAL"},"geometry":{"type":"Polygon","coordinates":[[[76.43334861984358,10.30979034567683],[76.43334862020585,10.301111109270131],[76.43334862017984,10.300002060022333],[76.42880951123362,10.30000206014714],[76.42022282436359,10.300002059840924],[76.416681949764,10.300002060180868],[76.4166819498995,10.301111108853124],[76.41668195033517,10.309790345664187],[76.41668195019855,10.316668730143602],[76.42022282397018,10.316668730188814],[76.42880951077477,10.31666872983706],[76.43334862030352,10.3166687302753],[76.43334861984358,10.30979034567683]]]}},{"type":"Feature","properties":{"grid":"C14","height":149,"airport":"CIAL"},"geometry":{"type":"Polygon","coordinates":[[[76.45001529009919,10.309790346171493],[76.45001529032513,10.301111109057713],[76.45001529041102,10.300002060227078],[76.44598288261166,10.30000205990565],[76.43739619707263,10.300002060171167],[76.43334862017984,10.300002060022333],[76.43334862020585,10.301111109270131],[76.43334861984358,10.30979034567683],[76.43334862030352,10.3166687302753],[76.43739619655896,10.316668729754138],[76.445982882967,10.316668729928631],[76.45001529025292,10.316668730344032],[76.45001529009919,10.309790346171493]]]}},{"type":"Feature","properties":{"grid":"C15","height":149,"airport":"CIAL"},"geometry":{"type":"Polygon","coordinates":[[[76.46668195976744,10.309790346219351],[76.46668195984385,10.301111109091366],[76.46668196003581,10.300002059862257],[76.46315625572221,10.300002060284468],[76.45456957041189,10.30000206023911],[76.45001529041102,10.300002060227078],[76.45001529032513,10.301111109057713],[76.45001529009919,10.309790346171493],[76.45001529025292,10.316668730344032],[76.45456956981695,10.316668730357103],[76.46315625600971,10.316668730136113],[76.46668195962955,10.316668730321078],[76.46668195976744,10.309790346219351]]]}},{"type":"Feature","properties":{"grid":"C16","height":149,"airport":"CIAL"},"geometry":{"type":"Polygon","coordinates":[[[76.48334863025688,10.309790345783016],[76.48334863017045,10.301111109333762],[76.48334862955377,10.30000205979891],[76.48032962819242,10.300002060356206],[76.47174294201264,10.300002060021884],[76.46668196003581,10.300002059862257],[76.46668195984385,10.301111109091366],[76.46668195976744,10.309790346219351],[76.46668195962955,10.316668730321078],[76.47174294228056,10.316668730162277],[76.48032962844755,10.316668730432184],[76.48334862984215,10.316668730169061],[76.48334863025688,10.309790345783016]]]}},{"type":"Feature","properties":{"grid":"C17","height":149,"airport":"CIAL"},"geometry":{"type":"Polygon","coordinates":[[[76.50001530024124,10.30979034574139],[76.50001529997004,10.301111108855508],[76.5000153003732,10.3000020599992],[76.49750300130547,10.300002060080889],[76.48891631498837,10.300002060375636],[76.48334862955377,10.30000205979891],[76.48334863017045,10.301111109333762],[76.48334863025688,10.309790345783016],[76.48334862984215,10.316668730169061],[76.48891631523757,10.316668730034028],[76.49750300064687,10.316668729876897],[76.50001529956035,10.316668729862684],[76.50001530024124,10.30979034574139]]]}},{"type":"Feature","properties":{"grid":"C18","height":149,"airport":"CIAL"},"geometry":{"type":"Polygon","coordinates":[[[76.51668197021603,10.309790346060511],[76.51668196974643,10.301111109430938],[76.51668197025047,10.300002060441772],[76.51467637269685,10.300002060339027],[76.50608968696606,10.300002060372643],[76.5000153003732,10.3000020599992],[76.50001529997004,10.301111108855508],[76.50001530024124,10.30979034574139],[76.50001529956035,10.316668729862684],[76.5060896872326,10.31666872994463],[76.5146763729868,10.316668730242178],[76.51668197019711,10.316668730267823],[76.51668197021603,10.309790346060511]]]}},{"type":"Feature","properties":{"grid":"C19","height":149,"airport":"CIAL"},"geometry":{"type":"Polygon","coordinates":[[[76.5333486397594,10.309790345806189],[76.53334863998629,10.301111109217453],[76.53334863967646,10.300002060188305],[76.53184974638432,10.300002060172785],[76.5232630601418,10.300002059967944],[76.51668197025047,10.300002060441772],[76.51668196974643,10.301111109430938],[76.51668197021603,10.309790346060511],[76.51668197019711,10.316668730267823],[76.52326305954924,10.316668729853347],[76.53184974582926,10.316668729682975],[76.53334864041334,10.316668729550337],[76.5333486397594,10.309790345806189]]]}},{"type":"Feature","properties":{"grid":"C20","height":149,"airport":"CIAL"},"geometry":{"type":"Polygon","coordinates":[[[76.55001531028405,10.309790345843462],[76.55001531027611,10.30111110908874],[76.55001531006359,10.300002060103866],[76.54902311908593,10.300002059562132],[76.54043643215105,10.300002060041612],[76.53334863967646,10.300002060188305],[76.53334863998629,10.301111109217453],[76.5333486397594,10.309790345806189],[76.53334864041334,10.316668729550337],[76.54043643164495,10.316668729727525],[76.5490231186404,10.316668729974644],[76.55001530980466,10.31666873039223],[76.55001531028405,10.309790345843462]]]}},{"type":"Feature","properties":{"grid":"C21","height":149,"airport":"CIAL"},"geometry":{"type":"Polygon","coordinates":[[[76.56668197954637,10.309790346150304],[76.56668198019806,10.301111109014064],[76.56668198008109,10.30000206016203],[76.56619649118059,10.300002060277878],[76.55760980518544,10.30000205964355],[76.55001531006359,10.300002060103866],[76.55001531027611,10.30111110908874],[76.55001531028405,10.309790345843462],[76.55001530980466,10.31666873039223],[76.55760980480764,10.316668730429447],[76.56619649087328,10.316668730179856],[76.56668197976643,10.316668730041705],[76.56668197954637,10.309790346150304]]]}},{"type":"Feature","properties":{"grid":"C22","height":149,"airport":"CIAL"},"geometry":{"type":"Polygon","coordinates":[[[76.58334864986317,10.309790345778332],[76.58334865024723,10.301111108957992],[76.58334865022398,10.300002060327328],[76.57478317688046,10.300002059653252],[76.56668198008109,10.30000206016203],[76.56668198019806,10.301111109014064],[76.56668197954637,10.309790346150304],[76.56668197976643,10.316668730041705],[76.57478317665982,10.316668730126295],[76.58334864988991,10.316668730275795],[76.58334864986317,10.309790345778332]]]}},{"type":"Feature","properties":{"grid":"C23","height":149,"airport":"CIAL"},"geometry":{"type":"Polygon","coordinates":[[[76.60001531990814,10.309790345604599],[76.60001532000571,10.301111108889138],[76.60001532006982,10.300002059664305],[76.59195655034493,10.300002060019278],[76.58336986393786,10.300002059565331],[76.58334865022398,10.300002060327328],[76.58334865024723,10.301111108957992],[76.58334864986317,10.309790345778332],[76.58334864988991,10.316668730275795],[76.58336986381127,10.316668730256195],[76.59195655031516,10.316668729670626],[76.60001531975303,10.316668730158975],[76.60001531990814,10.309790345604599]]]}},{"type":"Feature","properties":{"grid":"D1","height":149,"airport":"CIAL"},"geometry":{"type":"Polygon","coordinates":[[[76.23334858022994,10.292431871040863],[76.23334857973438,10.283752634054004],[76.23334858022712,10.283335390389311],[76.23131572618217,10.283335390327093],[76.2227290402256,10.283335390154996],[76.21668190975612,10.283335389874956],[76.21668191019435,10.283752634173918],[76.21668190968806,10.292431871409697],[76.21668190974283,10.300002060301466],[76.22272904007696,10.300002059646891],[76.23131572598675,10.300002060036434],[76.23334857997669,10.300002059865571],[76.23334858022994,10.292431871040863]]]}},{"type":"Feature","properties":{"grid":"D2","height":149,"airport":"CIAL"},"geometry":{"type":"Polygon","coordinates":[[[76.25001525010306,10.292431871076559],[76.25001525041702,10.283752634120242],[76.25001525001063,10.28333539022583],[76.24848909913561,10.283335390224817],[76.2399024125438,10.283335389748506],[76.23334858022712,10.283335390389311],[76.23334857973438,10.283752634054004],[76.23334858022994,10.292431871040863],[76.23334857997669,10.300002059865571],[76.23990241322393,10.300002060222946],[76.24848909886734,10.30000206021398],[76.25001524955505,10.300002060134265],[76.25001525010306,10.292431871076559]]]}},{"type":"Feature","properties":{"grid":"D3","height":149,"airport":"CIAL"},"geometry":{"type":"Polygon","coordinates":[[[76.26668191979965,10.29243187058438],[76.2666819199988,10.283752634354903],[76.26668191960576,10.283335390260618],[76.26566247135123,10.28333538981279],[76.25707578485553,10.283335389948155],[76.25001525001063,10.28333539022583],[76.25001525041702,10.283752634120242],[76.25001525010306,10.292431871076559],[76.25001524955505,10.300002060134265],[76.25707578456124,10.300002059999699],[76.26566247103676,10.300002059573572],[76.26668191988342,10.30000206017154],[76.26668191979965,10.29243187058438]]]}},{"type":"Feature","properties":{"grid":"D4","height":149,"airport":"CIAL"},"geometry":{"type":"Polygon","coordinates":[[[76.28334858982271,10.292431871344156],[76.28334858988471,10.283752633821713],[76.28334859041745,10.283335389557232],[76.28283584411614,10.28333538996116],[76.27424915844075,10.28333538981571],[76.26668191960576,10.283335390260618],[76.2666819199988,10.283752634354903],[76.26668191979965,10.29243187058438],[76.26668191988342,10.30000206017154],[76.27424915811561,10.300002059836837],[76.28283584378613,10.300002059889483],[76.28334858963163,10.30000205995587],[76.28334858982271,10.292431871344156]]]}},{"type":"Feature","properties":{"grid":"D5","height":149,"airport":"CIAL"},"geometry":{"type":"Polygon","coordinates":[[[76.30001525974396,10.29243187061783],[76.30001525966449,10.283752634303688],[76.30001526020939,10.283335389905929],[76.30000921688412,10.283335389738228],[76.29142253002148,10.283335390238957],[76.28334859041745,10.283335389557232],[76.28334858988471,10.283752633821713],[76.28334858982271,10.292431871344156],[76.28334858963163,10.30000205995587],[76.29142252969254,10.300002059721374],[76.30000921656966,10.300002060230012],[76.30001526021223,10.300002060358825],[76.30001525974396,10.29243187061783]]]}},{"type":"Feature","properties":{"grid":"D6","height":149,"airport":"CIAL"},"geometry":{"type":"Polygon","coordinates":[[[76.31668193007013,10.292431871088642],[76.31668192982629,10.283752633963065],[76.31668193038654,10.283335390369501],[76.3085959027035,10.28333539027167],[76.30001526020939,10.283335389905929],[76.30001525966449,10.283752634303688],[76.30001525974396,10.29243187061783],[76.30001526021223,10.300002060358825],[76.30859590331511,10.300002059607564],[76.31668193028757,10.30000205954989],[76.31668193007013,10.292431871088642]]]}},{"type":"Feature","properties":{"grid":"D7","height":149,"airport":"CIAL"},"geometry":{"type":"Polygon","coordinates":[[[76.33334860037637,10.292431870922057],[76.33334859995617,10.283752633677963],[76.33334859961448,10.283335390021477],[76.32576927503109,10.283335389889537],[76.31718258911624,10.283335390020488],[76.31668193038654,10.283335390369501],[76.31668192982629,10.283752633963065],[76.31668193007013,10.292431871088642],[76.31668193028757,10.30000205954989],[76.31718258884133,10.300002059663155],[76.32576927479256,10.300002060386293],[76.33334860036466,10.300002060211934],[76.33334860037637,10.292431870922057]]]}},{"type":"Feature","properties":{"grid":"D8","height":149,"airport":"CIAL"},"geometry":{"type":"Polygon","coordinates":[[[76.35001527024899,10.292431870995967],[76.35001526964034,10.283752634326259],[76.35001527021831,10.28333538972846],[76.3429426482913,10.283335389960925],[76.33435596209209,10.283335389868219],[76.33334859961448,10.283335390021477],[76.33334859995617,10.283752633677963],[76.33334860037637,10.292431870922057],[76.33334860036466,10.300002060211934],[76.33435596189241,10.300002059961734],[76.34294264814035,10.300002060202239],[76.35001527001488,10.300002059605978],[76.35001527024899,10.292431870995967]]]}},{"type":"Feature","properties":{"grid":"D9","height":149,"airport":"CIAL"},"geometry":{"type":"Polygon","coordinates":[[[76.36668194018355,10.292431871279858],[76.36668194027955,10.283752634065266],[76.36668193995824,10.28333539037543],[76.3601160201116,10.283335389560516],[76.35152933435975,10.283335390160795],[76.35001527021831,10.28333538972846],[76.35001526964034,10.283752634326259],[76.35001527024899,10.292431870995967],[76.35001527001488,10.300002059605978],[76.35152933426373,10.300002060196723],[76.36011602008062,10.300002059942095],[76.36668193974542,10.300002060414123],[76.36668194018355,10.292431871279858]]]}},{"type":"Feature","properties":{"grid":"D10","height":149,"airport":"CIAL"},"geometry":{"type":"Polygon","coordinates":[[[76.38334860975863,10.292431870842533],[76.38334860963384,10.2837526337798],[76.38334861023483,10.28333539011937],[76.37728939269203,10.283335389552045],[76.3687027071986,10.283335389957607],[76.36668193995824,10.28333539037543],[76.36668194027955,10.283752634065266],[76.36668194018355,10.292431871279858],[76.36668193974542,10.300002060414123],[76.36870270723902,10.300002060331625],[76.3772893928101,10.300002059565367],[76.38334861004036,10.300002059892805],[76.38334860975863,10.292431870842533]]]}},{"type":"Feature","properties":{"grid":"D11","height":149,"airport":"CIAL"},"geometry":{"type":"Polygon","coordinates":[[[76.40001528038653,10.292431870552964],[76.40001528002844,10.283752634335066],[76.40001527972116,10.283335389840982],[76.39446276640274,10.283335389902089],[76.38587607915669,10.283335390137427],[76.38334861023483,10.28333539011937],[76.38334860963384,10.2837526337798],[76.38334860975863,10.292431870842533],[76.38334861004036,10.300002059892805],[76.38587607936276,10.300002060341019],[76.39446276579022,10.30000205994667],[76.400015279577,10.300002059826928],[76.40001528038653,10.292431870552964]]]}},{"type":"Feature","properties":{"grid":"D12","height":149,"airport":"CIAL"},"geometry":{"type":"Polygon","coordinates":[[[76.4166819498277,10.29243187129548],[76.41668195012461,10.2837526338989],[76.41668194982944,10.283335390408915],[76.411636137958,10.283335389688446],[76.40304945242617,10.283335389754809],[76.40001527972116,10.283335389840982],[76.40001528002844,10.283752634335066],[76.40001528038653,10.292431870552964],[76.400015279577,10.300002059826928],[76.40304945191848,10.300002060187467],[76.41163613756157,10.300002060155979],[76.416681949764,10.300002060180868],[76.4166819498277,10.29243187129548]]]}},{"type":"Feature","properties":{"grid":"D13","height":149,"airport":"CIAL"},"geometry":{"type":"Polygon","coordinates":[[[76.43334862039545,10.292431871221737],[76.43334862042553,10.283752634247643],[76.43334862013377,10.283335389986746],[76.42880951138368,10.283335389765368],[76.42022282372918,10.283335389695758],[76.41668194982944,10.283335390408915],[76.41668195012461,10.2837526338989],[76.4166819498277,10.29243187129548],[76.416681949764,10.300002060180868],[76.42022282436359,10.300002059840924],[76.42880951123362,10.30000206014714],[76.43334862017984,10.300002060022333],[76.43334862039545,10.292431871221737]]]}},{"type":"Feature","properties":{"grid":"D14","height":149,"airport":"CIAL"},"geometry":{"type":"Polygon","coordinates":[[[76.45001528985013,10.292431871215602],[76.45001528959634,10.283752634452847],[76.45001529022437,10.283335390354415],[76.44598288339796,10.283335390114246],[76.43739619708764,10.283335389909988],[76.43334862013377,10.283335389986746],[76.43334862042553,10.283752634247643],[76.43334862039545,10.292431871221737],[76.43334862017984,10.300002060022333],[76.43739619707263,10.300002060171167],[76.44598288261166,10.30000205990565],[76.45001529041102,10.300002060227078],[76.45001528985013,10.292431871215602]]]}},{"type":"Feature","properties":{"grid":"D15","height":149,"airport":"CIAL"},"geometry":{"type":"Polygon","coordinates":[[[76.46668195959995,10.29243187124025],[76.4666819599538,10.28375263356946],[76.4666819596751,10.283335389674994],[76.46315625619259,10.283335389787934],[76.45456957013265,10.283335390374711],[76.45001529022437,10.283335390354415],[76.45001528959634,10.283752634452847],[76.45001528985013,10.292431871215602],[76.45001529041102,10.300002060227078],[76.45456957041189,10.30000206023911],[76.46315625572221,10.300002060284468],[76.46668196003581,10.300002059862257],[76.46668195959995,10.29243187124025]]]}},{"type":"Feature","properties":{"grid":"D16","height":149,"airport":"CIAL"},"geometry":{"type":"Polygon","coordinates":[[[76.48334863014013,10.292431871262437],[76.48334863017948,10.283752634284957],[76.48334862990215,10.283335389719536],[76.4803296283156,10.283335389663398],[76.47174294231701,10.283335390154738],[76.4666819596751,10.283335389674994],[76.4666819599538,10.28375263356946],[76.46668195959995,10.29243187124025],[76.46668196003581,10.300002059862257],[76.47174294201264,10.300002060021884],[76.48032962819242,10.300002060356206],[76.48334862955377,10.30000205979891],[76.48334863014013,10.292431871262437]]]}},{"type":"Feature","properties":{"grid":"D17","height":149,"airport":"CIAL"},"geometry":{"type":"Polygon","coordinates":[[[76.50001530013984,10.292431871256937],[76.5000152998428,10.283752633857578],[76.50001529957044,10.283335389558676],[76.49750300104982,10.283335389700657],[76.48891631492768,10.28333539011455],[76.48334862990215,10.283335389719536],[76.48334863017948,10.283752634284957],[76.48334863014013,10.292431871262437],[76.48334862955377,10.30000205979891],[76.48891631498837,10.300002060375636],[76.49750300130547,10.300002060080889],[76.5000153003732,10.3000020599992],[76.50001530013984,10.292431871256937]]]}},{"type":"Feature","properties":{"grid":"D18","height":149,"airport":"CIAL"},"geometry":{"type":"Polygon","coordinates":[[[76.51668197009415,10.292431871189876],[76.51668197036007,10.28375263405747],[76.51668197009202,10.283335390058406],[76.51467637293916,10.283335389871908],[76.50608968742148,10.283335390222286],[76.50001529957044,10.283335389558676],[76.5000152998428,10.283752633857578],[76.50001530013984,10.292431871256937],[76.5000153003732,10.3000020599992],[76.50608968696606,10.300002060372643],[76.51467637269685,10.300002060339027],[76.51668197025047,10.300002060441772],[76.51668197009415,10.292431871189876]]]}},{"type":"Feature","properties":{"grid":"D19","height":149,"airport":"CIAL"},"geometry":{"type":"Polygon","coordinates":[[[76.53334863958517,10.292431871031244],[76.53334864039597,10.283752633954734],[76.5333486401316,10.283335390288808],[76.53184974617919,10.283335390131978],[76.52326306016822,10.283335390441472],[76.51668197009202,10.283335390058406],[76.51668197036007,10.28375263405747],[76.51668197009415,10.292431871189876],[76.51668197025047,10.300002060441772],[76.5232630601418,10.300002059967944],[76.53184974638432,10.300002060172785],[76.53334863967646,10.300002060188305],[76.53334863958517,10.292431871031244]]]}},{"type":"Feature","properties":{"grid":"D20","height":149,"airport":"CIAL"},"geometry":{"type":"Polygon","coordinates":[[[76.5500153100208,10.292431870742009],[76.55001531044965,10.283752634418818],[76.55001531018394,10.28333539021527],[76.54902311930931,10.28333538954818],[76.54043643170732,10.283335389839772],[76.5333486401316,10.283335390288808],[76.53334864039597,10.283752633954734],[76.53334863958517,10.292431871031244],[76.53334863967646,10.300002060188305],[76.54043643215105,10.300002060041612],[76.54902311908593,10.300002059562132],[76.55001531006359,10.300002060103866],[76.5500153100208,10.292431870742009]]]}},{"type":"Feature","properties":{"grid":"D21","height":149,"airport":"CIAL"},"geometry":{"type":"Polygon","coordinates":[[[76.5666819800745,10.292431871199875],[76.5666819800941,10.283752633610893],[76.56668197983078,10.283335389807132],[76.56619649088205,10.283335389900076],[76.55760980515589,10.283335390175136],[76.55001531018394,10.28333539021527],[76.55001531044965,10.283752634418818],[76.5500153100208,10.292431870742009],[76.55001531006359,10.300002060103866],[76.55760980518544,10.30000205964355],[76.56619649118059,10.300002060277878],[76.56668198008109,10.30000206016203],[76.5666819800745,10.292431871199875]]]}},{"type":"Feature","properties":{"grid":"D22","height":149,"airport":"CIAL"},"geometry":{"type":"Polygon","coordinates":[[[76.58334865023227,10.29243187056122],[76.58334864983733,10.28375263420786],[76.5833486495712,10.283335389933098],[76.57478317722305,10.283335389619062],[76.56668197983078,10.283335389807132],[76.5666819800941,10.283752633610893],[76.5666819800745,10.292431871199875],[76.56668198008109,10.30000206016203],[76.57478317688046,10.300002059653252],[76.58334865022398,10.300002060327328],[76.58334865023227,10.29243187056122]]]}},{"type":"Feature","properties":{"grid":"D23","height":149,"airport":"CIAL"},"geometry":{"type":"Polygon","coordinates":[[[76.60001532008494,10.292431870602895],[76.60001532016503,10.283752634365651],[76.60001531989539,10.28333538965325],[76.591956550113,10.283335389932894],[76.58336986400134,10.283335390232486],[76.5833486495712,10.283335389933098],[76.58334864983733,10.28375263420786],[76.58334865023227,10.29243187056122],[76.58334865022398,10.300002060327328],[76.58336986393786,10.300002059565331],[76.59195655034493,10.300002060019278],[76.60001532006982,10.300002059664305],[76.60001532008494,10.292431870602895]]]}},{"type":"Feature","properties":{"grid":"E1","height":149,"airport":"CIAL"},"geometry":{"type":"Polygon","coordinates":[[[76.23334857998691,10.275073397161973],[76.23334858015038,10.266668719975174],[76.2313157258793,10.266668719677934],[76.22272904006606,10.266668719711623],[76.2166819098721,10.266668720296192],[76.21668191015517,10.27507339703211],[76.21668190975612,10.283335389874956],[76.2227290402256,10.283335390154996],[76.23131572618217,10.283335390327093],[76.23334858022712,10.283335390389311],[76.23334857998691,10.275073397161973]]]}},{"type":"Feature","properties":{"grid":"E2","height":149,"airport":"CIAL"},"geometry":{"type":"Polygon","coordinates":[[[76.25001525003357,10.275073397270134],[76.25001524971975,10.266668720306956],[76.24848909944191,10.266668720220174],[76.23990241300841,10.266668720147514],[76.23334858015038,10.266668719975174],[76.23334857998691,10.275073397161973],[76.23334858022712,10.283335390389311],[76.2399024125438,10.283335389748506],[76.24848909913561,10.283335390224817],[76.25001525001063,10.28333539022583],[76.25001525003357,10.275073397270134]]]}},{"type":"Feature","properties":{"grid":"E3","height":149,"airport":"CIAL"},"geometry":{"type":"Polygon","coordinates":[[[76.26668191987751,10.275073397331878],[76.26668191998489,10.266668720355632],[76.26566247132364,10.266668720060505],[76.25707578499781,10.266668719893097],[76.25001524971975,10.266668720306956],[76.25001525003357,10.275073397270134],[76.25001525001063,10.28333539022583],[76.25707578485553,10.283335389948155],[76.26566247135123,10.28333538981279],[76.26668191960576,10.283335390260618],[76.26668191987751,10.275073397331878]]]}},{"type":"Feature","properties":{"grid":"E4","height":149,"airport":"CIAL"},"geometry":{"type":"Polygon","coordinates":[[[76.28334859001409,10.275073397318637],[76.28334858961495,10.266668720099743],[76.28283584372404,10.266668720065605],[76.27424915823383,10.266668719815197],[76.26668191998489,10.266668720355632],[76.26668191987751,10.275073397331878],[76.26668191960576,10.283335390260618],[76.27424915844075,10.28333538981571],[76.28283584411614,10.28333538996116],[76.28334859041745,10.283335389557232],[76.28334859001409,10.275073397318637]]]}},{"type":"Feature","properties":{"grid":"E5","height":149,"airport":"CIAL"},"geometry":{"type":"Polygon","coordinates":[[[76.30001526002559,10.27507339720506],[76.30001526002168,10.266668720410987],[76.30000921701317,10.266668720204413],[76.2914225303476,10.266668719893758],[76.28334858961495,10.266668720099743],[76.28334859001409,10.275073397318637],[76.28334859041745,10.283335389557232],[76.29142253002148,10.283335390238957],[76.30000921688412,10.283335389738228],[76.30001526020939,10.283335389905929],[76.30001526002559,10.27507339720506]]]}},{"type":"Feature","properties":{"grid":"E6","height":149,"airport":"CIAL"},"geometry":{"type":"Polygon","coordinates":[[[76.3166819304073,10.275073396961789],[76.31668192987055,10.266668720363093],[76.30859590262213,10.266668720094065],[76.30001526002168,10.266668720410987],[76.30001526002559,10.27507339720506],[76.30001526020939,10.283335389905929],[76.3085959027035,10.28333539027167],[76.31668193038654,10.283335390369501],[76.3166819304073,10.275073396961789]]]}},{"type":"Feature","properties":{"grid":"E7","height":149,"airport":"CIAL"},"geometry":{"type":"Polygon","coordinates":[[[76.33334859982841,10.275073396566553],[76.33334859965656,10.26666871992643],[76.32576927542735,10.266668720384507],[76.31718258881835,10.266668719552335],[76.31668192987055,10.266668720363093],[76.3166819304073,10.275073396961789],[76.31668193038654,10.283335390369501],[76.31718258911624,10.283335390020488],[76.32576927503109,10.283335389889537],[76.33334859961448,10.283335390021477],[76.33334859982841,10.275073396566553]]]}},{"type":"Feature","properties":{"grid":"E8","height":149,"airport":"CIAL"},"geometry":{"type":"Polygon","coordinates":[[[76.35001526970093,10.27507339688977],[76.35001526987843,10.26666871997513],[76.34294264821636,10.26666871983256],[76.33435596225581,10.266668719874906],[76.33334859965656,10.26666871992643],[76.33334859982841,10.275073396566553],[76.33334859961448,10.283335390021477],[76.33435596209209,10.283335389868219],[76.3429426482913,10.283335389960925],[76.35001527021831,10.28333538972846],[76.35001526970093,10.27507339688977]]]}},{"type":"Feature","properties":{"grid":"E9","height":149,"airport":"CIAL"},"geometry":{"type":"Polygon","coordinates":[[[76.36668193960321,10.27507339700049],[76.36668194011435,10.266668719578277],[76.3601160204537,10.266668720218],[76.35152933403995,10.266668720250653],[76.35001526987843,10.26666871997513],[76.35001526970093,10.27507339688977],[76.35001527021831,10.28333538972846],[76.35152933435975,10.283335390160795],[76.3601160201116,10.283335389560516],[76.36668193995824,10.28333539037543],[76.36668193960321,10.27507339700049]]]}},{"type":"Feature","properties":{"grid":"E10","height":149,"airport":"CIAL"},"geometry":{"type":"Polygon","coordinates":[[[76.38334861003032,10.27507339686789],[76.38334860995012,10.266668719613113],[76.37728939341439,10.266668719695808],[76.36870270727553,10.266668719731431],[76.36668194011435,10.266668719578277],[76.36668193960321,10.27507339700049],[76.36668193995824,10.28333539037543],[76.3687027071986,10.283335389957607],[76.37728939269203,10.283335389552045],[76.38334861023483,10.28333539011937],[76.38334861003032,10.27507339686789]]]}},{"type":"Feature","properties":{"grid":"E11","height":149,"airport":"CIAL"},"geometry":{"type":"Polygon","coordinates":[[[76.4000152796553,10.275073397372653],[76.40001527988068,10.266668720048447],[76.39446276565003,10.26666872004878],[76.38587607868826,10.26666872010795],[76.38334860995012,10.266668719613113],[76.38334861003032,10.27507339686789],[76.38334861023483,10.28333539011937],[76.38587607915669,10.283335390137427],[76.39446276640274,10.283335389902089],[76.40001527972116,10.283335389840982],[76.4000152796553,10.275073397372653]]]}},{"type":"Feature","properties":{"grid":"E12","height":149,"airport":"CIAL"},"geometry":{"type":"Polygon","coordinates":[[[76.41668194987817,10.27507339667094],[76.4166819503968,10.26666871994849],[76.41163613843943,10.266668720335206],[76.40304945229576,10.266668720427],[76.40001527988068,10.266668720048447],[76.4000152796553,10.275073397372653],[76.40001527972116,10.283335389840982],[76.40304945242617,10.283335389754809],[76.411636137958,10.283335389688446],[76.41668194982944,10.283335390408915],[76.41668194987817,10.27507339667094]]]}},{"type":"Feature","properties":{"grid":"E13","height":149,"airport":"CIAL"},"geometry":{"type":"Polygon","coordinates":[[[76.43334862029289,10.275073397447196],[76.4333486201714,10.266668720193382],[76.42880951123517,10.266668719620744],[76.42022282389898,10.266668719770168],[76.4166819503968,10.26666871994849],[76.41668194987817,10.27507339667094],[76.41668194982944,10.283335390408915],[76.42022282372918,10.283335389695758],[76.42880951138368,10.283335389765368],[76.43334862013377,10.283335389986746],[76.43334862029289,10.275073397447196]]]}},{"type":"Feature","properties":{"grid":"E14","height":149,"airport":"CIAL"},"geometry":{"type":"Polygon","coordinates":[[[76.45001528955636,10.275073396964663],[76.45001528969512,10.266668719846713],[76.44598288258906,10.266668719687313],[76.43739619661432,10.266668719899648],[76.4333486201714,10.266668720193382],[76.43334862029289,10.275073397447196],[76.43334862013377,10.283335389986746],[76.43739619708764,10.283335389909988],[76.44598288339796,10.283335390114246],[76.45001529022437,10.283335390354415],[76.45001528955636,10.275073396964663]]]}},{"type":"Feature","properties":{"grid":"E15","height":149,"airport":"CIAL"},"geometry":{"type":"Polygon","coordinates":[[[76.46668195999746,10.275073396990823],[76.46668196037957,10.266668719775819],[76.46315625560533,10.26666871958372],[76.45456956989435,10.266668719880439],[76.45001528969512,10.266668719846713],[76.45001528955636,10.275073396964663],[76.45001529022437,10.283335390354415],[76.45456957013265,10.283335390374711],[76.46315625619259,10.283335389787934],[76.4666819596751,10.283335389674994],[76.46668195999746,10.275073396990823]]]}},{"type":"Feature","properties":{"grid":"E16","height":149,"airport":"CIAL"},"geometry":{"type":"Polygon","coordinates":[[[76.48334863028093,10.275073396596527],[76.48334862998068,10.26666871995989],[76.48032962791888,10.266668720190937],[76.47174294228276,10.266668719685597],[76.46668196037957,10.266668719775819],[76.46668195999746,10.275073396990823],[76.4666819596751,10.283335389674994],[76.47174294231701,10.283335390154738],[76.4803296283156,10.283335389663398],[76.48334862990215,10.283335389719536],[76.48334863028093,10.275073396596527]]]}},{"type":"Feature","properties":{"grid":"E17","height":149,"airport":"CIAL"},"geometry":{"type":"Polygon","coordinates":[[[76.50001529999282,10.275073396656651],[76.50001529990593,10.266668720361386],[76.4975030008036,10.26666871966082],[76.48891631506608,10.266668720179641],[76.48334862998068,10.26666871995989],[76.48334863028093,10.275073396596527],[76.48334862990215,10.283335389719536],[76.48891631492768,10.28333539011455],[76.49750300104982,10.283335389700657],[76.50001529957044,10.283335389558676],[76.50001529999282,10.275073396656651]]]}},{"type":"Feature","properties":{"grid":"E18","height":149,"airport":"CIAL"},"geometry":{"type":"Polygon","coordinates":[[[76.5166819696279,10.27507339713735],[76.51668196973262,10.266668720046496],[76.51467637281154,10.266668719773856],[76.50608968678372,10.266668720430852],[76.50001529990593,10.266668720361386],[76.50001529999282,10.275073396656651],[76.50001529957044,10.283335389558676],[76.50608968742148,10.283335390222286],[76.51467637293916,10.283335389871908],[76.51668197009202,10.283335390058406],[76.5166819696279,10.27507339713735]]]}},{"type":"Feature","properties":{"grid":"E19","height":149,"airport":"CIAL"},"geometry":{"type":"Polygon","coordinates":[[[76.53334863967648,10.275073397100241],[76.53334863995944,10.266668719885121],[76.53184974613346,10.266668719580855],[76.52326305963074,10.266668720394419],[76.51668196973262,10.266668720046496],[76.5166819696279,10.27507339713735],[76.51668197009202,10.283335390058406],[76.52326306016822,10.283335390441472],[76.53184974617919,10.283335390131978],[76.5333486401316,10.283335390288808],[76.53334863967648,10.275073397100241]]]}},{"type":"Feature","properties":{"grid":"E20","height":149,"airport":"CIAL"},"geometry":{"type":"Polygon","coordinates":[[[76.55001530972456,10.27507339741906],[76.55001531016796,10.266668719846898],[76.54902311931717,10.26666871995737],[76.5404364321506,10.266668720042],[76.53334863995944,10.266668719885121],[76.53334863967648,10.275073397100241],[76.5333486401316,10.283335390288808],[76.54043643170732,10.283335389839772],[76.54902311930931,10.28333538954818],[76.55001531018394,10.28333539021527],[76.55001530972456,10.27507339741906]]]}},{"type":"Feature","properties":{"grid":"E21","height":149,"airport":"CIAL"},"geometry":{"type":"Polygon","coordinates":[[[76.56668198026227,10.275073397154673],[76.5666819799396,10.26666871990122],[76.5661964909018,10.266668719970683],[76.55760980471688,10.266668720240535],[76.55001531016796,10.266668719846898],[76.55001530972456,10.27507339741906],[76.55001531018394,10.28333539021527],[76.55760980515589,10.283335390175136],[76.56619649088205,10.283335389900076],[76.56668197983078,10.283335389807132],[76.56668198026227,10.275073397154673]]]}},{"type":"Feature","properties":{"grid":"E22","height":149,"airport":"CIAL"},"geometry":{"type":"Polygon","coordinates":[[[76.58334864996273,10.275073397184581],[76.58334864976872,10.266668720012765],[76.57478317678144,10.266668720052664],[76.5666819799396,10.26666871990122],[76.56668198026227,10.275073397154673],[76.56668197983078,10.283335389807132],[76.57478317722305,10.283335389619062],[76.5833486495712,10.283335389933098],[76.58334864996273,10.275073397184581]]]}},{"type":"Feature","properties":{"grid":"E23","height":149,"airport":"CIAL"},"geometry":{"type":"Polygon","coordinates":[[[76.60001532022872,10.275073396564537],[76.60001532014951,10.26666872014576],[76.59195654963072,10.266668720340018],[76.58336986399496,10.266668719569829],[76.58334864976872,10.266668720012765],[76.58334864996273,10.275073397184581],[76.5833486495712,10.283335389933098],[76.58336986400134,10.283335390232486],[76.591956550113,10.283335389932894],[76.60001531989539,10.28333538965325],[76.60001532022872,10.275073396564537]]]}},{"type":"Feature","properties":{"grid":"F1","height":149,"airport":"CIAL"},"geometry":{"type":"Polygon","coordinates":[[[76.23334858006827,10.266394158563383],[76.23334857999319,10.257714921878701],[76.2333485797553,10.250002049552737],[76.23131572600342,10.250002049919274],[76.2227290396106,10.250002050150503],[76.216681910089,10.250002049782088],[76.21668191026596,10.257714922133644],[76.21668190956782,10.266394159083621],[76.2166819098721,10.266668720296192],[76.22272904006606,10.266668719711623],[76.2313157258793,10.266668719677934],[76.23334858015038,10.266668719975174],[76.23334858006827,10.266394158563383]]]}},{"type":"Feature","properties":{"grid":"F2","height":149,"airport":"CIAL"},"geometry":{"type":"Polygon","coordinates":[[[76.25001524985939,10.266394158717828],[76.25001524990944,10.257714922083808],[76.25001524960079,10.250002050399393],[76.24848909887865,10.250002050228888],[76.23990241278993,10.250002049643784],[76.2333485797553,10.250002049552737],[76.23334857999319,10.257714921878701],[76.23334858006827,10.266394158563383],[76.23334858015038,10.266668719975174],[76.23990241300841,10.266668720147514],[76.24848909944191,10.266668720220174],[76.25001524971975,10.266668720306956],[76.25001524985939,10.266394158717828]]]}},{"type":"Feature","properties":{"grid":"F3","height":149,"airport":"CIAL"},"geometry":{"type":"Polygon","coordinates":[[[76.2666819203459,10.266394158611089],[76.26668191959325,10.257714921820106],[76.26668192010963,10.250002049581154],[76.26566247095946,10.25000205034193],[76.25707578499348,10.250002049859757],[76.25001524960079,10.250002050399393],[76.25001524990944,10.257714922083808],[76.25001524985939,10.266394158717828],[76.25001524971975,10.266668720306956],[76.25707578499781,10.266668719893097],[76.26566247132364,10.266668720060505],[76.26668191998489,10.266668720355632],[76.2666819203459,10.266394158611089]]]}},{"type":"Feature","properties":{"grid":"F4","height":149,"airport":"CIAL"},"geometry":{"type":"Polygon","coordinates":[[[76.28334859020063,10.266394159125895],[76.28334859045607,10.257714921959652],[76.28334858996139,10.250002049789291],[76.28283584444131,10.2500020502208],[76.27424915841328,10.250002049856876],[76.26668192010963,10.250002049581154],[76.26668191959325,10.257714921820106],[76.2666819203459,10.266394158611089],[76.26668191998489,10.266668720355632],[76.27424915823383,10.266668719815197],[76.28283584372404,10.266668720065605],[76.28334858961495,10.266668720099743],[76.28334859020063,10.266394159125895]]]}},{"type":"Feature","properties":{"grid":"F5","height":149,"airport":"CIAL"},"geometry":{"type":"Polygon","coordinates":[[[76.30001525991504,10.266394159329176],[76.30001526025035,10.257714921580122],[76.30001525964728,10.250002050090764],[76.30000921695499,10.25000204984531],[76.29142252976722,10.250002049618772],[76.28334858996139,10.250002049789291],[76.28334859045607,10.257714921959652],[76.28334859020063,10.266394159125895],[76.28334858961495,10.266668720099743],[76.2914225303476,10.266668719893758],[76.30000921701317,10.266668720204413],[76.30001526002168,10.266668720410987],[76.30001525991504,10.266394159329176]]]}},{"type":"Feature","properties":{"grid":"F6","height":149,"airport":"CIAL"},"geometry":{"type":"Polygon","coordinates":[[[76.31668192998421,10.266394159191597],[76.31668193038756,10.257714921552825],[76.31668192965829,10.25000204955206],[76.30859590308023,10.250002050004088],[76.30001525964728,10.250002050090764],[76.30001526025035,10.257714921580122],[76.30001525991504,10.266394159329176],[76.30001526002168,10.266668720410987],[76.30859590262213,10.266668720094065],[76.31668192987055,10.266668720363093],[76.31668192998421,10.266394159191597]]]}},{"type":"Feature","properties":{"grid":"F7","height":149,"airport":"CIAL"},"geometry":{"type":"Polygon","coordinates":[[[76.33334859999012,10.266394158687184],[76.33334860044963,10.257714921851786],[76.33334859958356,10.250002049955643],[76.3257692750665,10.250002050091693],[76.31718258887378,10.250002050088478],[76.31668192965829,10.25000204955206],[76.31668193038756,10.257714921552825],[76.31668192998421,10.266394159191597],[76.31668192987055,10.266668720363093],[76.31718258881835,10.266668719552335],[76.32576927542735,10.266668720384507],[76.33334859965656,10.26666871992643],[76.33334859999012,10.266394158687184]]]}},{"type":"Feature","properties":{"grid":"F8","height":149,"airport":"CIAL"},"geometry":{"type":"Polygon","coordinates":[[[76.35001527043148,10.266394158690005],[76.35001527001847,10.257714922450717],[76.35001526991398,10.25000205036725],[76.3429426479213,10.250002049842244],[76.33435596238927,10.250002050006904],[76.33334859958356,10.250002049955643],[76.33334860044963,10.257714921851786],[76.33334859999012,10.266394158687184],[76.33334859965656,10.26666871992643],[76.33435596225581,10.266668719874906],[76.34294264821636,10.26666871983256],[76.35001526987843,10.26666871997513],[76.35001527043148,10.266394158690005]]]}},{"type":"Feature","properties":{"grid":"F9","height":149,"airport":"CIAL"},"geometry":{"type":"Polygon","coordinates":[[[76.36668193997747,10.266394159177242],[76.36668193958498,10.257714922415053],[76.36668194022735,10.250002049856041],[76.36011602019202,10.250002050135052],[76.35152933421925,10.250002049583362],[76.35001526991398,10.25000205036725],[76.35001527001847,10.257714922450717],[76.35001527043148,10.266394158690005],[76.35001526987843,10.26666871997513],[76.35152933403995,10.266668720250653],[76.3601160204537,10.266668720218],[76.36668194011435,10.266668719578277],[76.36668193997747,10.266394159177242]]]}},{"type":"Feature","properties":{"grid":"F10","height":149,"airport":"CIAL"},"geometry":{"type":"Polygon","coordinates":[[[76.38334861003202,10.26639415921005],[76.38334860964372,10.25771492171399],[76.38334861011298,10.250002050203484],[76.37728939315713,10.250002050029371],[76.36870270656277,10.250002049682005],[76.36668194022735,10.250002049856041],[76.36668193958498,10.257714922415053],[76.36668193997747,10.266394159177242],[76.36668194011435,10.266668719578277],[76.36870270727553,10.266668719731431],[76.37728939341439,10.266668719695808],[76.38334860995012,10.266668719613113],[76.38334861003202,10.26639415921005]]]}},{"type":"Feature","properties":{"grid":"F11","height":149,"airport":"CIAL"},"geometry":{"type":"Polygon","coordinates":[[[76.40001528017696,10.266394158761102],[76.40001527978426,10.257714922128528],[76.4000152800575,10.250002049570089],[76.39446276627692,10.250002050399907],[76.38587607887632,10.250002050273627],[76.38334861011298,10.250002050203484],[76.38334860964372,10.25771492171399],[76.38334861003202,10.26639415921005],[76.38334860995012,10.266668719613113],[76.38587607868826,10.26666872010795],[76.39446276565003,10.26666872004878],[76.40001527988068,10.266668720048447],[76.40001528017696,10.266394158761102]]]}},{"type":"Feature","properties":{"grid":"F12","height":149,"airport":"CIAL"},"geometry":{"type":"Polygon","coordinates":[[[76.4166819499981,10.266394158706916],[76.41668194958041,10.257714921822709],[76.41668194965035,10.250002049736606],[76.411636138091,10.250002050316805],[76.40304945243821,10.250002050416684],[76.4000152800575,10.250002049570089],[76.40001527978426,10.257714922128528],[76.40001528017696,10.266394158761102],[76.40001527988068,10.266668720048447],[76.40304945229576,10.266668720427],[76.41163613843943,10.266668720335206],[76.4166819503968,10.26666871994849],[76.4166819499981,10.266394158706916]]]}},{"type":"Feature","properties":{"grid":"F13","height":149,"airport":"CIAL"},"geometry":{"type":"Polygon","coordinates":[[[76.43334861999023,10.266394159015567],[76.43334862044357,10.257714921664732],[76.4333486202948,10.250002049762966],[76.42880951079424,10.25000204973816],[76.42022282396607,10.250002050093071],[76.41668194965035,10.250002049736606],[76.41668194958041,10.257714921822709],[76.4166819499981,10.266394158706916],[76.4166819503968,10.26666871994849],[76.42022282389898,10.266668719770168],[76.42880951123517,10.266668719620744],[76.4333486201714,10.266668720193382],[76.43334861999023,10.266394159015567]]]}},{"type":"Feature","properties":{"grid":"F14","height":149,"airport":"CIAL"},"geometry":{"type":"Polygon","coordinates":[[[76.45001528973107,10.266394158754556],[76.45001529012954,10.257714921634365],[76.45001528974653,10.250002049628872],[76.4459828829382,10.250002050445804],[76.43739619657174,10.250002050160914],[76.4333486202948,10.250002049762966],[76.43334862044357,10.257714921664732],[76.43334861999023,10.266394159015567],[76.4333486201714,10.266668720193382],[76.43739619661432,10.266668719899648],[76.44598288258906,10.266668719687313],[76.45001528969512,10.266668719846713],[76.45001528973107,10.266394158754556]]]}},{"type":"Feature","properties":{"grid":"F15","height":149,"airport":"CIAL"},"geometry":{"type":"Polygon","coordinates":[[[76.46668195971932,10.266394158795357],[76.46668196004572,10.257714921694898],[76.46668196032964,10.250002050197772],[76.46315625579255,10.250002049688348],[76.45456956970737,10.25000204968527],[76.45001528974653,10.250002049628872],[76.45001529012954,10.257714921634365],[76.45001528973107,10.266394158754556],[76.45001528969512,10.266668719846713],[76.45456956989435,10.266668719880439],[76.46315625560533,10.26666871958372],[76.46668196037957,10.266668719775819],[76.46668195971932,10.266394158795357]]]}},{"type":"Feature","properties":{"grid":"F16","height":149,"airport":"CIAL"},"geometry":{"type":"Polygon","coordinates":[[[76.48334863044963,10.266394159104777],[76.48334862977359,10.257714921817392],[76.48334862979148,10.250002049640573],[76.48032962791308,10.250002050151144],[76.4717429419246,10.250002050447527],[76.46668196032964,10.250002050197772],[76.46668196004572,10.257714921694898],[76.46668195971932,10.266394158795357],[76.46668196037957,10.266668719775819],[76.47174294228276,10.266668719685597],[76.48032962791888,10.266668720190937],[76.48334862998068,10.26666871995989],[76.48334863044963,10.266394159104777]]]}},{"type":"Feature","properties":{"grid":"F17","height":149,"airport":"CIAL"},"geometry":{"type":"Polygon","coordinates":[[[76.5000152996736,10.266394158757743],[76.50001529980749,10.25771492196838],[76.50001529954741,10.250002049728097],[76.49750300057323,10.250002049986067],[76.48891631540569,10.250002049691522],[76.48334862979148,10.250002049640573],[76.48334862977359,10.257714921817392],[76.48334863044963,10.266394159104777],[76.48334862998068,10.26666871995989],[76.48891631506608,10.266668720179641],[76.4975030008036,10.26666871966082],[76.50001529990593,10.266668720361386],[76.5000152996736,10.266394158757743]]]}},{"type":"Feature","properties":{"grid":"F18","height":149,"airport":"CIAL"},"geometry":{"type":"Polygon","coordinates":[[[76.51668196971576,10.266394158616194],[76.51668196972888,10.257714922118247],[76.5166819700916,10.25000205042644],[76.51467637323334,10.250002050065296],[76.50608968688077,10.250002050110432],[76.50001529954741,10.250002049728097],[76.50001529980749,10.25771492196838],[76.5000152996736,10.266394158757743],[76.50001529990593,10.266668720361386],[76.50608968678372,10.266668720430852],[76.51467637281154,10.266668719773856],[76.51668196973262,10.266668720046496],[76.51668196971576,10.266394158616194]]]}},{"type":"Feature","properties":{"grid":"F19","height":149,"airport":"CIAL"},"geometry":{"type":"Polygon","coordinates":[[[76.53334864015761,10.266394158650048],[76.53334864003193,10.257714922232749],[76.53334864008383,10.250002049901632],[76.53184974626231,10.250002050352263],[76.52326306036167,10.250002049842863],[76.5166819700916,10.25000205042644],[76.51668196972888,10.257714922118247],[76.51668196971576,10.266394158616194],[76.51668196973262,10.266668720046496],[76.52326305963074,10.266668720394419],[76.53184974613346,10.266668719580855],[76.53334863995944,10.266668719885121],[76.53334864015761,10.266394158650048]]]}},{"type":"Feature","properties":{"grid":"F20","height":149,"airport":"CIAL"},"geometry":{"type":"Polygon","coordinates":[[[76.55001530966784,10.266394158833345],[76.55001531029801,10.257714922281579],[76.55001531002671,10.25000204992744],[76.54902311911178,10.25000204991015],[76.54043643165734,10.250002049777482],[76.53334864008383,10.250002049901632],[76.53334864003193,10.257714922232749],[76.53334864015761,10.266394158650048],[76.53334863995944,10.266668719885121],[76.5404364321506,10.266668720042],[76.54902311931717,10.26666871995737],[76.55001531016796,10.266668719846898],[76.55001530966784,10.266394158833345]]]}},{"type":"Feature","properties":{"grid":"F21","height":149,"airport":"CIAL"},"geometry":{"type":"Polygon","coordinates":[[[76.56668197965367,10.266394159126774],[76.56668198010836,10.257714922234177],[76.56668198040983,10.250002049564767],[76.56619649124201,10.250002049610126],[76.55760980478789,10.250002049859932],[76.55001531002671,10.25000204992744],[76.55001531029801,10.257714922281579],[76.55001530966784,10.266394158833345],[76.55001531016796,10.266668719846898],[76.55760980471688,10.266668720240535],[76.5661964909018,10.266668719970683],[76.5666819799396,10.26666871990122],[76.56668197965367,10.266394159126774]]]}},{"type":"Feature","properties":{"grid":"F22","height":149,"airport":"CIAL"},"geometry":{"type":"Polygon","coordinates":[[[76.58334864969201,10.266394158595249],[76.58334864995706,10.257714922055222],[76.58334864990587,10.250002049691204],[76.57478317738362,10.250002050065596],[76.56668198040983,10.250002049564767],[76.56668198010836,10.257714922234177],[76.56668197965367,10.266394159126774],[76.5666819799396,10.26666871990122],[76.57478317678144,10.266668720052664],[76.58334864976872,10.266668720012765],[76.58334864969201,10.266394158595249]]]}},{"type":"Feature","properties":{"grid":"F23","height":149,"airport":"CIAL"},"geometry":{"type":"Polygon","coordinates":[[[76.60001532028606,10.26639415901116],[76.60001532033809,10.257714921708985],[76.60001531992157,10.250002050266652],[76.59195654981323,10.250002050356517],[76.58336986393901,10.25000205031413],[76.58334864990587,10.250002049691204],[76.58334864995706,10.257714922055222],[76.58334864969201,10.266394158595249],[76.58334864976872,10.266668720012765],[76.58336986399496,10.266668719569829],[76.59195654963072,10.266668720340018],[76.60001532014951,10.26666872014576],[76.60001532028606,10.26639415901116]]]}},{"type":"Feature","properties":{"grid":"G1","height":149,"airport":"CIAL"},"geometry":{"type":"Polygon","coordinates":[[[76.23334857975192,10.249035684398828],[76.23334858026166,10.240356447028091],[76.2333485799636,10.233335380048043],[76.23131572564333,10.233335380175637],[76.22272903977036,10.23333537968512],[76.2166819104189,10.23333538016643],[76.21668191002637,10.240356446742918],[76.2166819104174,10.249035684384145],[76.216681910089,10.250002049782088],[76.2227290396106,10.250002050150503],[76.23131572600342,10.250002049919274],[76.2333485797553,10.250002049552737],[76.23334857975192,10.249035684398828]]]}},{"type":"Feature","properties":{"grid":"G2","height":149,"airport":"CIAL"},"geometry":{"type":"Polygon","coordinates":[[[76.25001525017024,10.24903568375475],[76.25001524974381,10.240356447354614],[76.25001524965552,10.23333537962417],[76.24848909927708,10.233335380269176],[76.23990241281368,10.233335380067567],[76.2333485799636,10.233335380048043],[76.23334858026166,10.240356447028091],[76.23334857975192,10.249035684398828],[76.2333485797553,10.250002049552737],[76.23990241278993,10.250002049643784],[76.24848909887865,10.250002050228888],[76.25001524960079,10.250002050399393],[76.25001525017024,10.24903568375475]]]}},{"type":"Feature","properties":{"grid":"G3","height":149,"airport":"CIAL"},"geometry":{"type":"Polygon","coordinates":[[[76.26668192034833,10.249035684239148],[76.26668191987672,10.240356446786684],[76.26668191999259,10.23333537977087],[76.26566247117344,10.233335379774536],[76.25707578484791,10.233335379873408],[76.25001524965552,10.23333537962417],[76.25001524974381,10.240356447354614],[76.25001525017024,10.24903568375475],[76.25001524960079,10.250002050399393],[76.25707578499348,10.250002049859757],[76.26566247095946,10.25000205034193],[76.26668192010963,10.250002049581154],[76.26668192034833,10.249035684239148]]]}},{"type":"Feature","properties":{"grid":"G4","height":149,"airport":"CIAL"},"geometry":{"type":"Polygon","coordinates":[[[76.28334858986095,10.249035684018676],[76.2833485902492,10.240356447107734],[76.28334858963993,10.233335379562536],[76.28283584444384,10.233335379554966],[76.27424915807158,10.233335379969603],[76.26668191999259,10.23333537977087],[76.26668191987672,10.240356446786684],[76.26668192034833,10.249035684239148],[76.26668192010963,10.250002049581154],[76.27424915841328,10.250002049856876],[76.28283584444131,10.2500020502208],[76.28334858996139,10.250002049789291],[76.28334858986095,10.249035684018676]]]}},{"type":"Feature","properties":{"grid":"G5","height":149,"airport":"CIAL"},"geometry":{"type":"Polygon","coordinates":[[[76.3000152601193,10.249035683965106],[76.30001526043927,10.240356447388258],[76.30001526000832,10.233335379870965],[76.30000921671886,10.233335379590297],[76.29142253011536,10.233335380336163],[76.28334858963993,10.233335379562536],[76.2833485902492,10.240356447107734],[76.28334858986095,10.249035684018676],[76.28334858996139,10.250002049789291],[76.29142252976722,10.250002049618772],[76.30000921695499,10.25000204984531],[76.30001525964728,10.250002050090764],[76.3000152601193,10.249035683965106]]]}},{"type":"Feature","properties":{"grid":"G6","height":149,"airport":"CIAL"},"geometry":{"type":"Polygon","coordinates":[[[76.31668192979221,10.249035684056409],[76.31668193002481,10.2403564466985],[76.31668192976277,10.233335379769962],[76.30859590317044,10.233335380030608],[76.30001526000832,10.233335379870965],[76.30001526043927,10.240356447388258],[76.3000152601193,10.249035683965106],[76.30001525964728,10.250002050090764],[76.30859590308023,10.250002050004088],[76.31668192965829,10.25000204955206],[76.31668192979221,10.249035684056409]]]}},{"type":"Feature","properties":{"grid":"G7","height":149,"airport":"CIAL"},"geometry":{"type":"Polygon","coordinates":[[[76.33334860028725,10.249035684259255],[76.3333486004205,10.240356446813596],[76.33334860031401,10.233335380130454],[76.32576927487099,10.233335379936639],[76.3171825892806,10.233335379845649],[76.31668192976277,10.233335379769962],[76.31668193002481,10.2403564466985],[76.31668192979221,10.249035684056409],[76.31668192965829,10.25000204955206],[76.31718258887378,10.250002050088478],[76.3257692750665,10.250002050091693],[76.33334859958356,10.250002049955643],[76.33334860028725,10.249035684259255]]]}},{"type":"Feature","properties":{"grid":"G8","height":49,"airport":"CIAL"},"geometry":{"type":"Polygon","coordinates":[[[76.35001527026938,10.249035683646872],[76.35001527029128,10.240356446806748],[76.35001527032684,10.233335380025682],[76.34294264832471,10.233335380011251],[76.33435596158527,10.233335380293049],[76.33334860031401,10.233335380130454],[76.3333486004205,10.240356446813596],[76.33334860028725,10.249035684259255],[76.33334859958356,10.250002049955643],[76.33435596238927,10.250002050006904],[76.3429426479213,10.250002049842244],[76.35001526991398,10.25000205036725],[76.35001527026938,10.249035683646872]]]}},{"type":"Feature","properties":{"grid":"G9","height":49,"airport":"CIAL"},"geometry":{"type":"Polygon","coordinates":[[[76.36668194024075,10.249035683997262],[76.36668194013144,10.240356446647633],[76.36668194029922,10.23333538032956],[76.3601160202492,10.233335380237063],[76.35152933399814,10.233335379996149],[76.35001527032684,10.233335380025682],[76.35001527029128,10.240356446806748],[76.35001527026938,10.249035683646872],[76.35001526991398,10.25000205036725],[76.35152933421925,10.250002049583362],[76.36011602019202,10.250002050135052],[76.36668194022735,10.250002049856041],[76.36668194024075,10.249035683997262]]]}},{"type":"Feature","properties":{"grid":"G10","height":49,"airport":"CIAL"},"geometry":{"type":"Polygon","coordinates":[[[76.38334860977916,10.249035684379345],[76.38334861043916,10.240356447209658],[76.38334860980854,10.233335380111003],[76.37728939283525,10.233335379669665],[76.36870270689192,10.233335379826617],[76.36668194029922,10.23333538032956],[76.36668194013144,10.240356446647633],[76.36668194024075,10.249035683997262],[76.36668194022735,10.250002049856041],[76.36870270656277,10.250002049682005],[76.37728939315713,10.250002050029371],[76.38334861011298,10.250002050203484],[76.38334860977916,10.249035684379345]]]}},{"type":"Feature","properties":{"grid":"G11","height":49,"airport":"CIAL"},"geometry":{"type":"Polygon","coordinates":[[[76.40001528028797,10.249035683853903],[76.4000152798751,10.240356446661105],[76.40001528026562,10.233335380239183],[76.39446276554669,10.23333538008803],[76.38587607880991,10.233335379759183],[76.38334860980854,10.233335380111003],[76.38334861043916,10.240356447209658],[76.38334860977916,10.249035684379345],[76.38334861011298,10.250002050203484],[76.38587607887632,10.250002050273627],[76.39446276627692,10.250002050399907],[76.4000152800575,10.250002049570089],[76.40001528028797,10.249035683853903]]]}},{"type":"Feature","properties":{"grid":"G12","height":49,"airport":"CIAL"},"geometry":{"type":"Polygon","coordinates":[[[76.41668195044372,10.249035684205491],[76.41668194985422,10.240356446774918],[76.41668195033483,10.233335379786244],[76.4116361378317,10.23333537965417],[76.40304945194667,10.233335379752722],[76.40001528026562,10.233335380239183],[76.4000152798751,10.240356446661105],[76.40001528028797,10.249035683853903],[76.4000152800575,10.250002049570089],[76.40304945243821,10.250002050416684],[76.411636138091,10.250002050316805],[76.41668194965035,10.250002049736606],[76.41668195044372,10.249035684205491]]]}},{"type":"Feature","properties":{"grid":"G13","height":49,"airport":"CIAL"},"geometry":{"type":"Polygon","coordinates":[[[76.43334861981982,10.249035683597953],[76.43334861995378,10.240356446618982],[76.4333486196013,10.233335379628528],[76.42880951097985,10.233335380138458],[76.42022282393252,10.233335379785187],[76.41668195033483,10.233335379786244],[76.41668194985422,10.240356446774918],[76.41668195044372,10.249035684205491],[76.41668194965035,10.250002049736606],[76.42022282396607,10.250002050093071],[76.42880951079424,10.25000204973816],[76.4333486202948,10.250002049762966],[76.43334861981982,10.249035683597953]]]}},{"type":"Feature","properties":{"grid":"G14","height":49,"airport":"CIAL"},"geometry":{"type":"Polygon","coordinates":[[[76.45001528983157,10.249035683803324],[76.45001528975911,10.240356447069194],[76.45001529038466,10.233335379725743],[76.4459828826134,10.233335379710182],[76.43739619696188,10.233335379814502],[76.4333486196013,10.233335379628528],[76.43334861995378,10.240356446618982],[76.43334861981982,10.249035683597953],[76.4333486202948,10.250002049762966],[76.43739619657174,10.250002050160914],[76.4459828829382,10.250002050445804],[76.45001528974653,10.250002049628872],[76.45001528983157,10.249035683803324]]]}},{"type":"Feature","properties":{"grid":"G15","height":49,"airport":"CIAL"},"geometry":{"type":"Polygon","coordinates":[[[76.46668196005626,10.249035683888785],[76.46668195976021,10.240356447188772],[76.46668196044031,10.233335380057358],[76.46315625584762,10.233335380130733],[76.45456956957788,10.23333537981402],[76.45001529038466,10.233335379725743],[76.45001528975911,10.240356447069194],[76.45001528983157,10.249035683803324],[76.45001528974653,10.250002049628872],[76.45456956970737,10.25000204968527],[76.46315625579255,10.250002049688348],[76.46668196032964,10.250002050197772],[76.46668196005626,10.249035683888785]]]}},{"type":"Feature","properties":{"grid":"G16","height":149,"airport":"CIAL"},"geometry":{"type":"Polygon","coordinates":[[[76.48334863007523,10.249035683825367],[76.48334863045096,10.240356446944668],[76.48334863025798,10.233335379686283],[76.48032962830446,10.233335379568762],[76.47174294214913,10.233335379748743],[76.46668196044031,10.233335380057358],[76.46668195976021,10.240356447188772],[76.46668196005626,10.249035683888785],[76.46668196032964,10.250002050197772],[76.4717429419246,10.250002050447527],[76.48032962791308,10.250002050151144],[76.48334862979148,10.250002049640573],[76.48334863007523,10.249035683825367]]]}},{"type":"Feature","properties":{"grid":"G17","height":149,"airport":"CIAL"},"geometry":{"type":"Polygon","coordinates":[[[76.50001530038256,10.249035683579686],[76.50001529959107,10.240356447220089],[76.50001530033977,10.23333538038746],[76.49750300127361,10.233335379792798],[76.48891631504425,10.233335379583211],[76.48334863025798,10.233335379686283],[76.48334863045096,10.240356446944668],[76.48334863007523,10.249035683825367],[76.48334862979148,10.250002049640573],[76.48891631540569,10.250002049691522],[76.49750300057323,10.250002049986067],[76.50001529954741,10.250002049728097],[76.50001530038256,10.249035683579686]]]}},{"type":"Feature","properties":{"grid":"G18","height":149,"airport":"CIAL"},"geometry":{"type":"Polygon","coordinates":[[[76.51668196965095,10.249035684030513],[76.51668197040863,10.240356447064574],[76.51668197025822,10.233335380323034],[76.51467637329388,10.233335379871031],[76.50608968681044,10.233335380194086],[76.50001530033977,10.23333538038746],[76.50001529959107,10.240356447220089],[76.50001530038256,10.249035683579686],[76.50001529954741,10.250002049728097],[76.50608968688077,10.250002050110432],[76.51467637323334,10.250002050065296],[76.5166819700916,10.25000205042644],[76.51668196965095,10.249035684030513]]]}},{"type":"Feature","properties":{"grid":"G19","height":149,"airport":"CIAL"},"geometry":{"type":"Polygon","coordinates":[[[76.53334864019584,10.249035684231025],[76.53334863975049,10.240356447365023],[76.53334863959843,10.233335380367295],[76.53184974564648,10.233335379762792],[76.52326305963328,10.233335379728425],[76.51668197025822,10.233335380323034],[76.51668197040863,10.240356447064574],[76.51668196965095,10.249035684030513],[76.5166819700916,10.25000205042644],[76.52326306036167,10.250002049842863],[76.53184974626231,10.250002050352263],[76.53334864008383,10.250002049901632],[76.53334864019584,10.249035684231025]]]}},{"type":"Feature","properties":{"grid":"G20","height":149,"airport":"CIAL"},"geometry":{"type":"Polygon","coordinates":[[[76.5500153097727,10.249035684159537],[76.55001530993175,10.240356447174285],[76.55001530976241,10.233335379577348],[76.54902311870418,10.233335380335246],[76.54043643206417,10.233335379966256],[76.53334863959843,10.233335380367295],[76.53334863975049,10.240356447365023],[76.53334864019584,10.249035684231025],[76.53334864008383,10.250002049901632],[76.54043643165734,10.250002049777482],[76.54902311911178,10.25000204991015],[76.55001531002671,10.25000204992744],[76.5500153097727,10.249035684159537]]]}},{"type":"Feature","properties":{"grid":"G21","height":149,"airport":"CIAL"},"geometry":{"type":"Polygon","coordinates":[[[76.56668197978826,10.249035683776828],[76.56668197962489,10.240356447370216],[76.56668198033968,10.233335379730768],[76.566196491001,10.233335379751471],[76.55760980537997,10.233335379962012],[76.55001530976241,10.233335379577348],[76.55001530993175,10.240356447174285],[76.5500153097727,10.249035684159537],[76.55001531002671,10.25000204992744],[76.55760980478789,10.250002049859932],[76.56619649124201,10.250002049610126],[76.56668198040983,10.250002049564767],[76.56668197978826,10.249035683776828]]]}},{"type":"Feature","properties":{"grid":"G22","height":149,"airport":"CIAL"},"geometry":{"type":"Polygon","coordinates":[[[76.58334864982794,10.24903568395605],[76.58334865023191,10.240356447009015],[76.5833486499939,10.233335379896971],[76.57478317721065,10.233335379691248],[76.56668198033968,10.233335379730768],[76.56668197962489,10.240356447370216],[76.56668197978826,10.249035683776828],[76.56668198040983,10.250002049564767],[76.57478317738362,10.250002050065596],[76.58334864990587,10.250002049691204],[76.58334864982794,10.24903568395605]]]}},{"type":"Feature","properties":{"grid":"G23","height":149,"airport":"CIAL"},"geometry":{"type":"Polygon","coordinates":[[[76.60001532038116,10.249035683757366],[76.60001532042536,10.240356446967928],[76.60001532013123,10.233335380035935],[76.59195654975447,10.233335380011393],[76.58336986382677,10.233335379777621],[76.5833486499939,10.233335379896971],[76.58334865023191,10.240356447009015],[76.58334864982794,10.24903568395605],[76.58334864990587,10.250002049691204],[76.58336986393901,10.25000205031413],[76.59195654981323,10.250002050356517],[76.60001531992157,10.250002050266652],[76.60001532038116,10.249035683757366]]]}},{"type":"Feature","properties":{"grid":"H1","height":149,"airport":"CIAL"},"geometry":{"type":"Polygon","coordinates":[[[76.23334857969729,10.231677209777006],[76.2333485798819,10.222997971737957],[76.2333485798606,10.21666870968142],[76.23131572571367,10.216668709564663],[76.22272903964459,10.21666871015267],[76.21668190994724,10.216668709669511],[76.21668191035863,10.222997971789386],[76.21668191001,10.23167721011438],[76.2166819104189,10.23333538016643],[76.22272903977036,10.23333537968512],[76.23131572564333,10.233335380175637],[76.2333485799636,10.233335380048043],[76.23334857969729,10.231677209777006]]]}},{"type":"Feature","properties":{"grid":"H2","height":149,"airport":"CIAL"},"geometry":{"type":"Polygon","coordinates":[[[76.25001525044608,10.231677210167279],[76.25001525045202,10.222997972203345],[76.25001524989632,10.216668709815043],[76.24848909881663,10.216668710373352],[76.23990241307789,10.216668709635721],[76.2333485798606,10.21666870968142],[76.2333485798819,10.222997971737957],[76.23334857969729,10.231677209777006],[76.2333485799636,10.233335380048043],[76.23990241281368,10.233335380067567],[76.24848909927708,10.233335380269176],[76.25001524965552,10.23333537962417],[76.25001525044608,10.231677210167279]]]}},{"type":"Feature","properties":{"grid":"H3","height":149,"airport":"CIAL"},"geometry":{"type":"Polygon","coordinates":[[[76.26668192000862,10.231677210363374],[76.26668191982111,10.222997972263673],[76.26668191963563,10.216668710045795],[76.26566247106518,10.21666871019559],[76.25707578456648,10.216668709959295],[76.25001524989632,10.216668709815043],[76.25001525045202,10.222997972203345],[76.25001525044608,10.231677210167279],[76.25001524965552,10.23333537962417],[76.25707578484791,10.233335379873408],[76.26566247117344,10.233335379774536],[76.26668191999259,10.23333537977087],[76.26668192000862,10.231677210363374]]]}},{"type":"Feature","properties":{"grid":"H4","height":149,"airport":"CIAL"},"geometry":{"type":"Polygon","coordinates":[[[76.2833485897921,10.231677210333352],[76.28334859030896,10.222997971883508],[76.28334858957258,10.216668710345296],[76.28283584374444,10.21666870990173],[76.27424915812709,10.216668710174995],[76.26668191963563,10.216668710045795],[76.26668191982111,10.222997972263673],[76.26668192000862,10.231677210363374],[76.26668191999259,10.23333537977087],[76.27424915807158,10.233335379969603],[76.28283584444384,10.233335379554966],[76.28334858963993,10.233335379562536],[76.2833485897921,10.231677210333352]]]}},{"type":"Feature","properties":{"grid":"H5","height":149,"airport":"CIAL"},"geometry":{"type":"Polygon","coordinates":[[[76.30001526029082,10.231677210048344],[76.30001525967474,10.222997971948937],[76.30001526019744,10.21666870978044],[76.30000921722683,10.216668710365091],[76.29142252956439,10.216668710269925],[76.28334858957258,10.216668710345296],[76.28334859030896,10.222997971883508],[76.2833485897921,10.231677210333352],[76.28334858963993,10.233335379562536],[76.29142253011536,10.233335380336163],[76.30000921671886,10.233335379590297],[76.30001526000832,10.233335379870965],[76.30001526029082,10.231677210048344]]]}},{"type":"Feature","properties":{"grid":"H6","height":149,"airport":"CIAL"},"geometry":{"type":"Polygon","coordinates":[[[76.31668193017696,10.23167721039057],[76.31668193023826,10.222997972423537],[76.3166819301858,10.21666871013774],[76.30859590289836,10.21666871019872],[76.30001526019744,10.21666870978044],[76.30001525967474,10.222997971948937],[76.30001526029082,10.231677210048344],[76.30001526000832,10.233335379870965],[76.30859590317044,10.233335380030608],[76.31668192976277,10.233335379769962],[76.31668193017696,10.23167721039057]]]}},{"type":"Feature","properties":{"grid":"H7","height":49,"airport":"CIAL"},"geometry":{"type":"Polygon","coordinates":[[[76.33334859994109,10.23167721042628],[76.33334859975136,10.222997972384539],[76.3333486000241,10.216668709579265],[76.32576927484641,10.216668709944482],[76.3171825891353,10.21666870975692],[76.3166819301858,10.21666871013774],[76.31668193023826,10.222997972423537],[76.31668193017696,10.23167721039057],[76.31668192976277,10.233335379769962],[76.3171825892806,10.233335379845649],[76.32576927487099,10.233335379936639],[76.33334860031401,10.233335380130454],[76.33334859994109,10.23167721042628]]]}},{"type":"Feature","properties":{"grid":"H8","height":49,"airport":"CIAL"},"geometry":{"type":"Polygon","coordinates":[[[76.35001527007732,10.231677210125524],[76.35001526962071,10.222997971798335],[76.35001527021372,10.216668709883505],[76.3429426476066,10.216668710372208],[76.3343559616715,10.21666870984673],[76.3333486000241,10.216668709579265],[76.33334859975136,10.222997972384539],[76.33334859994109,10.23167721042628],[76.33334860031401,10.233335380130454],[76.33435596158527,10.233335380293049],[76.34294264832471,10.233335380011251],[76.35001527032684,10.233335380025682],[76.35001527007732,10.231677210125524]]]}},{"type":"Feature","properties":{"grid":"H9","height":49,"airport":"CIAL"},"geometry":{"type":"Polygon","coordinates":[[[76.36668194017075,10.231677210365845],[76.36668194034792,10.222997972442883],[76.36668194033186,10.216668710119661],[76.36011601971433,10.216668709648705],[76.35152933428759,10.216668709701915],[76.35001527021372,10.216668709883505],[76.35001526962071,10.222997971798335],[76.35001527007732,10.231677210125524],[76.35001527032684,10.233335380025682],[76.35152933399814,10.233335379996149],[76.3601160202492,10.233335380237063],[76.36668194029922,10.23333538032956],[76.36668194017075,10.231677210365845]]]}},{"type":"Feature","properties":{"grid":"H10","height":49,"airport":"CIAL"},"geometry":{"type":"Polygon","coordinates":[[[76.38334860979879,10.231677210216201],[76.38334860967683,10.222997971586407],[76.38334860995946,10.216668710260933],[76.3772893933752,10.216668710446218],[76.36870270735591,10.216668710194167],[76.36668194033186,10.216668710119661],[76.36668194034792,10.222997972442883],[76.36668194017075,10.231677210365845],[76.36668194029922,10.23333538032956],[76.36870270689192,10.233335379826617],[76.37728939283525,10.233335379669665],[76.38334860980854,10.233335380111003],[76.38334860979879,10.231677210216201]]]}},{"type":"Feature","properties":{"grid":"H11","height":49,"airport":"CIAL"},"geometry":{"type":"Polygon","coordinates":[[[76.40001528036824,10.231677209641633],[76.40001527993857,10.222997971902707],[76.40001527959019,10.216668710276274],[76.39446276620778,10.216668710030547],[76.38587607941562,10.216668710394044],[76.38334860995946,10.216668710260933],[76.38334860967683,10.222997971586407],[76.38334860979879,10.231677210216201],[76.38334860980854,10.233335380111003],[76.38587607880991,10.233335379759183],[76.39446276554669,10.23333538008803],[76.40001528026562,10.233335380239183],[76.40001528036824,10.231677209641633]]]}},{"type":"Feature","properties":{"grid":"H12","height":49,"airport":"CIAL"},"geometry":{"type":"Polygon","coordinates":[[[76.41668194964254,10.231677210430714],[76.41668194979347,10.222997971559726],[76.41668194971768,10.216668710134247],[76.41163613767552,10.216668710180578],[76.4030494517479,10.216668710264472],[76.40001527959019,10.216668710276274],[76.40001527993857,10.222997971902707],[76.40001528036824,10.231677209641633],[76.40001528026562,10.233335380239183],[76.40304945194667,10.233335379752722],[76.4116361378317,10.23333537965417],[76.41668195033483,10.233335379786244],[76.41668194964254,10.231677210430714]]]}},{"type":"Feature","properties":{"grid":"H13","height":49,"airport":"CIAL"},"geometry":{"type":"Polygon","coordinates":[[[76.43334861992933,10.231677209831219],[76.43334861974327,10.222997972333998],[76.43334861992268,10.216668709806912],[76.42880951088117,10.216668709946411],[76.42022282380837,10.216668709775597],[76.41668194971768,10.216668710134247],[76.41668194979347,10.222997971559726],[76.41668194964254,10.231677210430714],[76.41668195033483,10.233335379786244],[76.42022282393252,10.233335379785187],[76.42880951097985,10.233335380138458],[76.4333486196013,10.233335379628528],[76.43334861992933,10.231677209831219]]]}},{"type":"Feature","properties":{"grid":"H14","height":49,"airport":"CIAL"},"geometry":{"type":"Polygon","coordinates":[[[76.45001528990483,10.231677209627184],[76.45001529027364,10.222997972384938],[76.45001528979006,10.216668710170286],[76.44598288254602,10.21666871021372],[76.43739619688215,10.216668709793494],[76.43334861992268,10.216668709806912],[76.43334861974327,10.222997972333998],[76.43334861992933,10.231677209831219],[76.4333486196013,10.233335379628528],[76.43739619696188,10.233335379814502],[76.4459828826134,10.233335379710182],[76.45001529038466,10.233335379725743],[76.45001528990483,10.231677209627184]]]}},{"type":"Feature","properties":{"grid":"H15","height":49,"airport":"CIAL"},"geometry":{"type":"Polygon","coordinates":[[[76.46668196006293,10.231677209786005],[76.4666819600525,10.222997971688066],[76.46668195980922,10.216668710287623],[76.46315625577257,10.21666871003154],[76.45456957042482,10.216668710287427],[76.45001528979006,10.216668710170286],[76.45001529027364,10.222997972384938],[76.45001528990483,10.231677209627184],[76.45001529038466,10.233335379725743],[76.45456956957788,10.23333537981402],[76.46315625584762,10.233335380130733],[76.46668196044031,10.233335380057358],[76.46668196006293,10.231677209786005]]]}},{"type":"Feature","properties":{"grid":"H16","height":49,"airport":"CIAL"},"geometry":{"type":"Polygon","coordinates":[[[76.4833486299847,10.231677210278786],[76.48334862958174,10.222997972018803],[76.48334862956084,10.216668710130111],[76.48032962819491,10.216668710281006],[76.4717429420623,10.21666871033057],[76.46668195980922,10.216668710287623],[76.4666819600525,10.222997971688066],[76.46668196006293,10.231677209786005],[76.46668196044031,10.233335380057358],[76.47174294214913,10.233335379748743],[76.48032962830446,10.233335379568762],[76.48334863025798,10.233335379686283],[76.4833486299847,10.231677210278786]]]}},{"type":"Feature","properties":{"grid":"H17","height":149,"airport":"CIAL"},"geometry":{"type":"Polygon","coordinates":[[[76.50001530015963,10.231677210168039],[76.50001530026354,10.222997972435449],[76.50001530045098,10.216668709660231],[76.49750300108974,10.216668710018267],[76.48891631490096,10.216668709875291],[76.48334862956084,10.216668710130111],[76.48334862958174,10.222997972018803],[76.4833486299847,10.231677210278786],[76.48334863025798,10.233335379686283],[76.48891631504425,10.233335379583211],[76.49750300127361,10.233335379792798],[76.50001530033977,10.23333538038746],[76.50001530015963,10.231677210168039]]]}},{"type":"Feature","properties":{"grid":"H18","height":149,"airport":"CIAL"},"geometry":{"type":"Polygon","coordinates":[[[76.51668197017287,10.231677210328307],[76.51668196984885,10.222997972012704],[76.51668197023899,10.216668709760935],[76.51467637300394,10.216668710119833],[76.50608968657491,10.216668709802363],[76.50001530045098,10.216668709660231],[76.50001530026354,10.222997972435449],[76.50001530015963,10.231677210168039],[76.50001530033977,10.23333538038746],[76.50608968681044,10.233335380194086],[76.51467637329388,10.233335379871031],[76.51668197025822,10.233335380323034],[76.51668197017287,10.231677210328307]]]}},{"type":"Feature","properties":{"grid":"H19","height":149,"airport":"CIAL"},"geometry":{"type":"Polygon","coordinates":[[[76.53334863960093,10.231677209825671],[76.53334863974804,10.222997971616458],[76.53334864033101,10.216668710394003],[76.53184974612674,10.216668709636705],[76.52326306019044,10.216668710062942],[76.51668197023899,10.216668709760935],[76.51668196984885,10.222997972012704],[76.51668197017287,10.231677210328307],[76.51668197025822,10.233335380323034],[76.52326305963328,10.233335379728425],[76.53184974564648,10.233335379762792],[76.53334863959843,10.233335380367295],[76.53334863960093,10.231677209825671]]]}},{"type":"Feature","properties":{"grid":"H20","height":149,"airport":"CIAL"},"geometry":{"type":"Polygon","coordinates":[[[76.55001530985882,10.231677210429556],[76.55001530954614,10.222997972120584],[76.55001531029882,10.216668709720993],[76.54902311900932,10.216668710348738],[76.54043643154769,10.21666870973748],[76.53334864033101,10.216668710394003],[76.53334863974804,10.222997971616458],[76.53334863960093,10.231677209825671],[76.53334863959843,10.233335380367295],[76.54043643206417,10.233335379966256],[76.54902311870418,10.233335380335246],[76.55001530976241,10.233335379577348],[76.55001530985882,10.231677210429556]]]}},{"type":"Feature","properties":{"grid":"H21","height":149,"airport":"CIAL"},"geometry":{"type":"Polygon","coordinates":[[[76.56668197960587,10.231677210305486],[76.56668197972772,10.222997971682021],[76.56668197973596,10.216668710423798],[76.56619649109822,10.21666871041484],[76.55760980466978,10.216668709675954],[76.55001531029882,10.216668709720993],[76.55001530954614,10.222997972120584],[76.55001530985882,10.231677210429556],[76.55001530976241,10.233335379577348],[76.55760980537997,10.233335379962012],[76.566196491001,10.233335379751471],[76.56668198033968,10.233335379730768],[76.56668197960587,10.231677210305486]]]}},{"type":"Feature","properties":{"grid":"H22","height":149,"airport":"CIAL"},"geometry":{"type":"Polygon","coordinates":[[[76.58334865025265,10.231677210317942],[76.58334864988215,10.222997972078065],[76.58334865003508,10.216668709750499],[76.5747831771865,10.21666870985379],[76.56668197973596,10.216668710423798],[76.56668197972772,10.222997971682021],[76.56668197960587,10.231677210305486],[76.56668198033968,10.233335379730768],[76.57478317721065,10.233335379691248],[76.5833486499939,10.233335379896971],[76.58334865025265,10.231677210317942]]]}},{"type":"Feature","properties":{"grid":"H23","height":149,"airport":"CIAL"},"geometry":{"type":"Polygon","coordinates":[[[76.60001531955433,10.23167721044454],[76.6000153195855,10.22299797237349],[76.60001531987714,10.216668710386605],[76.59195655037847,10.216668710228719],[76.58336986367397,10.216668709792984],[76.58334865003508,10.216668709750499],[76.58334864988215,10.222997972078065],[76.58334865025265,10.231677210317942],[76.5833486499939,10.233335379896971],[76.58336986382677,10.233335379777621],[76.59195654975447,10.233335380011393],[76.60001532013123,10.233335380035935],[76.60001531955433,10.23167721044454]]]}},{"type":"Feature","properties":{"grid":"I1","height":149,"airport":"CIAL"},"geometry":{"type":"Polygon","coordinates":[[[76.23334857991028,10.214318734726499],[76.23334857977622,10.205639496937703],[76.23334858037131,10.200002040283197],[76.2313157262266,10.200002039920157],[76.22272904014437,10.200002039766622],[76.21668190959899,10.20000204012173],[76.21668191035565,10.205639497305105],[76.2166819101739,10.214318735391894],[76.21668190994724,10.216668709669511],[76.22272903964459,10.21666871015267],[76.23131572571367,10.216668709564663],[76.2333485798606,10.21666870968142],[76.23334857991028,10.214318734726499]]]}},{"type":"Feature","properties":{"grid":"I2","height":39,"airport":"CIAL"},"geometry":{"type":"Polygon","coordinates":[[[76.2500152497695,10.214318735274812],[76.25001525021433,10.205639496665588],[76.25001525032489,10.200002040093052],[76.24848909932484,10.200002039655459],[76.23990241268199,10.200002040185481],[76.23334858037131,10.200002040283197],[76.23334857977622,10.205639496937703],[76.23334857991028,10.214318734726499],[76.2333485798606,10.21666870968142],[76.23990241307789,10.216668709635721],[76.24848909881663,10.216668710373352],[76.25001524989632,10.216668709815043],[76.2500152497695,10.214318735274812]]]}},{"type":"Feature","properties":{"grid":"I3","height":39,"airport":"CIAL"},"geometry":{"type":"Polygon","coordinates":[[[76.26668192023857,10.21431873520028],[76.26668192034174,10.205639497371862],[76.26668191995692,10.200002040427641],[76.26566247063299,10.200002039821864],[76.25707578506733,10.200002040139205],[76.25001525032489,10.200002040093052],[76.25001525021433,10.205639496665588],[76.2500152497695,10.214318735274812],[76.25001524989632,10.216668709815043],[76.25707578456648,10.216668709959295],[76.26566247106518,10.21666871019559],[76.26668191963563,10.216668710045795],[76.26668192023857,10.21431873520028]]]}},{"type":"Feature","properties":{"grid":"I4","height":39,"airport":"CIAL"},"geometry":{"type":"Polygon","coordinates":[[[76.28334858998933,10.214318735385767],[76.28334858973233,10.205639497223265],[76.28334858975751,10.20000204035434],[76.28283584417062,10.200002040374907],[76.27424915766879,10.200002039597655],[76.26668191995692,10.200002040427641],[76.26668192034174,10.205639497371862],[76.26668192023857,10.21431873520028],[76.26668191963563,10.216668710045795],[76.27424915812709,10.216668710174995],[76.28283584374444,10.21666870990173],[76.28334858957258,10.216668710345296],[76.28334858998933,10.214318735385767]]]}},{"type":"Feature","properties":{"grid":"I5","height":39,"airport":"CIAL"},"geometry":{"type":"Polygon","coordinates":[[[76.30001526042486,10.214318734894707],[76.3000152597961,10.205639497091733],[76.30001526022014,10.200002039844357],[76.3000092166514,10.200002040393741],[76.29142252994916,10.200002040342254],[76.28334858975751,10.20000204035434],[76.28334858973233,10.205639497223265],[76.28334858998933,10.214318735385767],[76.28334858957258,10.216668710345296],[76.29142252956439,10.216668710269925],[76.30000921722683,10.216668710365091],[76.30001526019744,10.21666870978044],[76.30001526042486,10.214318734894707]]]}},{"type":"Feature","properties":{"grid":"I6","height":39,"airport":"CIAL"},"geometry":{"type":"Polygon","coordinates":[[[76.316681930217,10.214318734609376],[76.31668193011393,10.205639496951623],[76.31668193001643,10.200002039780005],[76.3085959031787,10.200002039625746],[76.30001526022014,10.200002039844357],[76.3000152597961,10.205639497091733],[76.30001526042486,10.214318734894707],[76.30001526019744,10.21666870978044],[76.30859590289836,10.21666871019872],[76.3166819301858,10.21666871013774],[76.316681930217,10.214318734609376]]]}},{"type":"Feature","properties":{"grid":"I7","height":49,"airport":"CIAL"},"geometry":{"type":"Polygon","coordinates":[[[76.33334859986338,10.214318735404492],[76.33334860026669,10.20563949677711],[76.33334859963996,10.20000204013183],[76.32576927499838,10.200002040140335],[76.31718258935629,10.200002039843685],[76.31668193001643,10.200002039780005],[76.31668193011393,10.205639496951623],[76.316681930217,10.214318734609376],[76.3166819301858,10.21666871013774],[76.3171825891353,10.21666870975692],[76.32576927484641,10.216668709944482],[76.3333486000241,10.216668709579265],[76.33334859986338,10.214318735404492]]]}},{"type":"Feature","properties":{"grid":"I8","height":49,"airport":"CIAL"},"geometry":{"type":"Polygon","coordinates":[[[76.35001526985033,10.21431873544171],[76.35001526983893,10.205639497446217],[76.35001526958044,10.200002039965726],[76.34294264759455,10.200002040038461],[76.33435596174452,10.200002039601017],[76.33334859963996,10.20000204013183],[76.33334860026669,10.20563949677711],[76.33334859986338,10.214318735404492],[76.3333486000241,10.216668709579265],[76.3343559616715,10.21666870984673],[76.3429426476066,10.216668710372208],[76.35001527021372,10.216668709883505],[76.35001526985033,10.21431873544171]]]}},{"type":"Feature","properties":{"grid":"I9","height":49,"airport":"CIAL"},"geometry":{"type":"Polygon","coordinates":[[[76.36668193975866,10.214318734694487],[76.3666819402294,10.205639497116533],[76.36668194033501,10.200002040155578],[76.36011602042643,10.200002040195768],[76.3515293341843,10.200002039633707],[76.35001526958044,10.200002039965726],[76.35001526983893,10.205639497446217],[76.35001526985033,10.21431873544171],[76.35001527021372,10.216668709883505],[76.35152933428759,10.216668709701915],[76.36011601971433,10.216668709648705],[76.36668194033186,10.216668710119661],[76.36668193975866,10.214318734694487]]]}},{"type":"Feature","properties":{"grid":"I10","height":49,"airport":"CIAL"},"geometry":{"type":"Polygon","coordinates":[[[76.3833486100897,10.214318734940507],[76.38334861010976,10.205639496669182],[76.38334860965493,10.20000203977797],[76.37728939294553,10.200002039679212],[76.36870270704388,10.200002039909307],[76.36668194033501,10.200002040155578],[76.3666819402294,10.205639497116533],[76.36668193975866,10.214318734694487],[76.36668194033186,10.216668710119661],[76.36870270735591,10.216668710194167],[76.3772893933752,10.216668710446218],[76.38334860995946,10.216668710260933],[76.3833486100897,10.214318734940507]]]}},{"type":"Feature","properties":{"grid":"I11","height":49,"airport":"CIAL"},"geometry":{"type":"Polygon","coordinates":[[[76.4000152804205,10.21431873524833],[76.40001527997741,10.205639496977371],[76.40001527986284,10.200002039698473],[76.39446276644043,10.200002040260234],[76.38587607886588,10.200002040402632],[76.38334860965493,10.20000203977797],[76.38334861010976,10.205639496669182],[76.3833486100897,10.214318734940507],[76.38334860995946,10.216668710260933],[76.38587607941562,10.216668710394044],[76.39446276620778,10.216668710030547],[76.40001527959019,10.216668710276274],[76.4000152804205,10.21431873524833]]]}},{"type":"Feature","properties":{"grid":"I12","height":49,"airport":"CIAL"},"geometry":{"type":"Polygon","coordinates":[[[76.41668195032788,10.214318734686302],[76.41668195032182,10.205639497105444],[76.41668194962661,10.200002039893402],[76.41163613762042,10.200002040112624],[76.40304945183993,10.200002040168531],[76.40001527986284,10.200002039698473],[76.40001527997741,10.205639496977371],[76.4000152804205,10.21431873524833],[76.40001527959019,10.216668710276274],[76.4030494517479,10.216668710264472],[76.41163613767552,10.216668710180578],[76.41668194971768,10.216668710134247],[76.41668195032788,10.214318734686302]]]}},{"type":"Feature","properties":{"grid":"I13","height":49,"airport":"CIAL"},"geometry":{"type":"Polygon","coordinates":[[[76.43334862031335,10.21431873503098],[76.43334861981081,10.20563949702956],[76.43334862035215,10.20000204032703],[76.42880951142106,10.20000204008702],[76.42022282359972,10.20000204008921],[76.41668194962661,10.200002039893402],[76.41668195032182,10.205639497105444],[76.41668195032788,10.214318734686302],[76.41668194971768,10.216668710134247],[76.42022282380837,10.216668709775597],[76.42880951088117,10.216668709946411],[76.43334861992268,10.216668709806912],[76.43334862031335,10.21431873503098]]]}},{"type":"Feature","properties":{"grid":"I14","height":49,"airport":"CIAL"},"geometry":{"type":"Polygon","coordinates":[[[76.45001528995367,10.214318735350025],[76.45001528985038,10.205639496713603],[76.45001528979041,10.200002040075038],[76.44598288273394,10.200002040172961],[76.43739619725139,10.200002040118683],[76.43334862035215,10.20000204032703],[76.43334861981081,10.20563949702956],[76.43334862031335,10.21431873503098],[76.43334861992268,10.216668709806912],[76.43739619688215,10.216668709793494],[76.44598288254602,10.21666871021372],[76.45001528979006,10.216668710170286],[76.45001528995367,10.214318735350025]]]}},{"type":"Feature","properties":{"grid":"I15","height":39,"airport":"CIAL"},"geometry":{"type":"Polygon","coordinates":[[[76.46668195973812,10.214318734706747],[76.46668196002513,10.205639497033152],[76.46668196026397,10.200002040001035],[76.46315625557783,10.200002040319724],[76.45456957042468,10.200002040234342],[76.45001528979041,10.200002040075038],[76.45001528985038,10.205639496713603],[76.45001528995367,10.214318735350025],[76.45001528979006,10.216668710170286],[76.45456957042482,10.216668710287427],[76.46315625577257,10.21666871003154],[76.46668195980922,10.216668710287623],[76.46668195973812,10.214318734706747]]]}},{"type":"Feature","properties":{"grid":"I16","height":39,"airport":"CIAL"},"geometry":{"type":"Polygon","coordinates":[[[76.48334863016831,10.214318734876457],[76.48334862991142,10.205639497055277],[76.48334863044049,10.200002040080197],[76.48032962757824,10.200002039600188],[76.47174294166204,10.200002040409515],[76.46668196026397,10.200002040001035],[76.46668196002513,10.205639497033152],[76.46668195973812,10.214318734706747],[76.46668195980922,10.216668710287623],[76.4717429420623,10.21666871033057],[76.48032962819491,10.216668710281006],[76.48334862956084,10.216668710130111],[76.48334863016831,10.214318734876457]]]}},{"type":"Feature","properties":{"grid":"I17","height":39,"airport":"CIAL"},"geometry":{"type":"Polygon","coordinates":[[[76.50001529990797,10.214318734929954],[76.50001530000233,10.205639496746684],[76.50001529990026,10.200002040283499],[76.4975030009366,10.200002039778848],[76.4889163149779,10.200002039688352],[76.48334863044049,10.200002040080197],[76.48334862991142,10.205639497055277],[76.48334863016831,10.214318734876457],[76.48334862956084,10.216668710130111],[76.48891631490096,10.216668709875291],[76.49750300108974,10.216668710018267],[76.50001530045098,10.216668709660231],[76.50001529990797,10.214318734929954]]]}},{"type":"Feature","properties":{"grid":"I18","height":39,"airport":"CIAL"},"geometry":{"type":"Polygon","coordinates":[[[76.51668197036311,10.214318734829371],[76.51668196988246,10.205639496982025],[76.51668197004471,10.20000203966898],[76.51467637327843,10.20000203992804],[76.50608968709753,10.200002039859898],[76.50001529990026,10.200002040283499],[76.50001530000233,10.205639496746684],[76.50001529990797,10.214318734929954],[76.50001530045098,10.216668709660231],[76.50608968657491,10.216668709802363],[76.51467637300394,10.216668710119833],[76.51668197023899,10.216668709760935],[76.51668197036311,10.214318734829371]]]}},{"type":"Feature","properties":{"grid":"I19","height":39,"airport":"CIAL"},"geometry":{"type":"Polygon","coordinates":[[[76.53334864020142,10.214318734549092],[76.53334864004059,10.205639496823105],[76.53334863954987,10.200002040019289],[76.53184974588405,10.200002040007233],[76.52326306020981,10.200002039975491],[76.51668197004471,10.20000203966898],[76.51668196988246,10.205639496982025],[76.51668197036311,10.214318734829371],[76.51668197023899,10.216668709760935],[76.52326306019044,10.216668710062942],[76.53184974612674,10.216668709636705],[76.53334864033101,10.216668710394003],[76.53334864020142,10.214318734549092]]]}},{"type":"Feature","properties":{"grid":"I20","height":39,"airport":"CIAL"},"geometry":{"type":"Polygon","coordinates":[[[76.5500153099205,10.21431873495885],[76.55001531006131,10.205639497143926],[76.55001530981703,10.200002040391658],[76.549023119121,10.20000203997962],[76.5404364319443,10.200002040011254],[76.53334863954987,10.200002040019289],[76.53334864004059,10.205639496823105],[76.53334864020142,10.214318734549092],[76.53334864033101,10.216668710394003],[76.54043643154769,10.21666870973748],[76.54902311900932,10.216668710348738],[76.55001531029882,10.216668709720993],[76.5500153099205,10.21431873495885]]]}},{"type":"Feature","properties":{"grid":"I21","height":39,"airport":"CIAL"},"geometry":{"type":"Polygon","coordinates":[[[76.5666819800091,10.214318735119681],[76.56668198043319,10.205639497005523],[76.56668198042188,10.2000020398514],[76.5661964906188,10.200002039820955],[76.55760980540659,10.200002039917358],[76.55001530981703,10.200002040391658],[76.55001531006131,10.205639497143926],[76.5500153099205,10.21431873495885],[76.55001531029882,10.216668709720993],[76.55760980466978,10.216668709675954],[76.56619649109822,10.21666871041484],[76.56668197973596,10.216668710423798],[76.5666819800091,10.214318735119681]]]}},{"type":"Feature","properties":{"grid":"I22","height":39,"airport":"CIAL"},"geometry":{"type":"Polygon","coordinates":[[[76.58334865004754,10.214318735000738],[76.58334864982812,10.205639497285643],[76.5833486500406,10.200002040180362],[76.57478317731344,10.200002039673677],[76.56668198042188,10.2000020398514],[76.56668198043319,10.205639497005523],[76.5666819800091,10.214318735119681],[76.56668197973596,10.216668710423798],[76.5747831771865,10.21666870985379],[76.58334865003508,10.216668709750499],[76.58334865004754,10.214318735000738]]]}},{"type":"Feature","properties":{"grid":"I23","height":39,"airport":"CIAL"},"geometry":{"type":"Polygon","coordinates":[[[76.60001531961612,10.214318734570911],[76.60001531964717,10.205639497040242],[76.60001532007422,10.200002040434553],[76.59195654986209,10.200002040137813],[76.58336986440001,10.200002040380284],[76.5833486500406,10.200002040180362],[76.58334864982812,10.205639497285643],[76.58334865004754,10.214318735000738],[76.58334865003508,10.216668709750499],[76.58336986367397,10.216668709792984],[76.59195655037847,10.216668710228719],[76.60001531987714,10.216668710386605],[76.60001531961612,10.214318734570911]]]}},{"type":"Feature","properties":{"grid":"J1","height":39,"airport":"CIAL"},"geometry":{"type":"Polygon","coordinates":[[[76.23334858040022,10.196960260180164],[76.23334857995047,10.188281022655906],[76.23334857966844,10.183335370077115],[76.23131572627102,10.183335370366636],[76.22272904036896,10.183335370364198],[76.21668191028516,10.183335369736586],[76.21668191002331,10.188281023318693],[76.21668191000208,10.19696026024872],[76.21668190959899,10.20000204012173],[76.22272904014437,10.200002039766622],[76.2313157262266,10.200002039920157],[76.23334858037131,10.200002040283197],[76.23334858040022,10.196960260180164]]]}},{"type":"Feature","properties":{"grid":"J2","height":39,"airport":"CIAL"},"geometry":{"type":"Polygon","coordinates":[[[76.25001524997575,10.196960260003136],[76.2500152499567,10.188281022574845],[76.25001525003027,10.18333536958277],[76.24848909898843,10.18333536995625],[76.23990241344981,10.18333536992675],[76.23334857966844,10.183335370077115],[76.23334857995047,10.188281022655906],[76.23334858040022,10.196960260180164],[76.23334858037131,10.200002040283197],[76.23990241268199,10.200002040185481],[76.24848909932484,10.200002039655459],[76.25001525032489,10.200002040093052],[76.25001524997575,10.196960260003136]]]}},{"type":"Feature","properties":{"grid":"J3","height":39,"airport":"CIAL"},"geometry":{"type":"Polygon","coordinates":[[[76.266681920135,10.196960259686174],[76.26668191962267,10.188281023051053],[76.26668192004546,10.183335370040952],[76.26566247079857,10.183335369579302],[76.25707578544292,10.183335370441904],[76.25001525003027,10.18333536958277],[76.2500152499567,10.188281022574845],[76.25001524997575,10.196960260003136],[76.25001525032489,10.200002040093052],[76.25707578506733,10.200002040139205],[76.26566247063299,10.200002039821864],[76.26668191995692,10.200002040427641],[76.266681920135,10.196960259686174]]]}},{"type":"Feature","properties":{"grid":"J4","height":39,"airport":"CIAL"},"geometry":{"type":"Polygon","coordinates":[[[76.28334858954958,10.196960260112212],[76.28334859035101,10.188281023148352],[76.28334859020013,10.183335369614893],[76.28283584389857,10.183335370102668],[76.27424915762205,10.183335370067676],[76.26668192004546,10.183335370040952],[76.26668191962267,10.188281023051053],[76.266681920135,10.196960259686174],[76.26668191995692,10.200002040427641],[76.27424915766879,10.200002039597655],[76.28283584417062,10.200002040374907],[76.28334858975751,10.20000204035434],[76.28334858954958,10.196960260112212]]]}},{"type":"Feature","properties":{"grid":"J5","height":39,"airport":"CIAL"},"geometry":{"type":"Polygon","coordinates":[[[76.30001525962223,10.196960260344689],[76.30001525989667,10.18828102284874],[76.30001526008195,10.18333537008789],[76.3000092168237,10.183335369694182],[76.29142253035864,10.183335369677756],[76.28334859020013,10.183335369614893],[76.28334859035101,10.188281023148352],[76.28334858954958,10.196960260112212],[76.28334858975751,10.20000204035434],[76.29142252994916,10.200002040342254],[76.3000092166514,10.200002040393741],[76.30001526022014,10.200002039844357],[76.30001525962223,10.196960260344689]]]}},{"type":"Feature","properties":{"grid":"J6","height":39,"airport":"CIAL"},"geometry":{"type":"Polygon","coordinates":[[[76.3166819299336,10.196960260358047],[76.31668192966934,10.188281023023777],[76.31668193017681,10.183335369622423],[76.3085959031116,10.183335370148932],[76.30001526008195,10.18333537008789],[76.30001525989667,10.18828102284874],[76.30001525962223,10.196960260344689],[76.30001526022014,10.200002039844357],[76.3085959031787,10.200002039625746],[76.31668193001643,10.200002039780005],[76.3166819299336,10.196960260358047]]]}},{"type":"Feature","properties":{"grid":"J7","height":39,"airport":"CIAL"},"geometry":{"type":"Polygon","coordinates":[[[76.33334860006431,10.196960260126447],[76.33334860015854,10.188281022739726],[76.33334860007243,10.18333537000113],[76.32576927532874,10.183335369645139],[76.31718258903643,10.183335370134827],[76.31668193017681,10.183335369622423],[76.31668192966934,10.188281023023777],[76.3166819299336,10.196960260358047],[76.31668193001643,10.200002039780005],[76.31718258935629,10.200002039843685],[76.32576927499838,10.200002040140335],[76.33334859963996,10.20000204013183],[76.33334860006431,10.196960260126447]]]}},{"type":"Feature","properties":{"grid":"J8","height":39,"airport":"CIAL"},"geometry":{"type":"Polygon","coordinates":[[[76.35001526959495,10.196960259623783],[76.35001527003573,10.188281022878334],[76.35001527025821,10.183335370289925],[76.34294264829799,10.183335369939327],[76.33435596180996,10.183335369581002],[76.33334860007243,10.18333537000113],[76.33334860015854,10.188281022739726],[76.33334860006431,10.196960260126447],[76.33334859963996,10.20000204013183],[76.33435596174452,10.200002039601017],[76.34294264759455,10.200002040038461],[76.35001526958044,10.200002039965726],[76.35001526959495,10.196960259623783]]]}},{"type":"Feature","properties":{"grid":"J9","height":39,"airport":"CIAL"},"geometry":{"type":"Polygon","coordinates":[[[76.36668193993539,10.196960259720218],[76.3666819397941,10.188281023409422],[76.36668194031058,10.183335369558144],[76.36011601964535,10.183335370106338],[76.35152933369413,10.183335369816573],[76.35001527025821,10.183335370289925],[76.35001527003573,10.188281022878334],[76.35001526959495,10.196960259623783],[76.35001526958044,10.200002039965726],[76.3515293341843,10.200002039633707],[76.36011602042643,10.200002040195768],[76.36668194033501,10.200002040155578],[76.36668193993539,10.196960259720218]]]}},{"type":"Feature","properties":{"grid":"J10","height":39,"airport":"CIAL"},"geometry":{"type":"Polygon","coordinates":[[[76.38334860975354,10.196960260392716],[76.38334860992288,10.188281023398183],[76.38334860981747,10.183335369587441],[76.37728939338929,10.183335370098478],[76.36870270687832,10.183335369897433],[76.36668194031058,10.183335369558144],[76.3666819397941,10.188281023409422],[76.36668193993539,10.196960259720218],[76.36668194033501,10.200002040155578],[76.36870270704388,10.200002039909307],[76.37728939294553,10.200002039679212],[76.38334860965493,10.20000203977797],[76.38334860975354,10.196960260392716]]]}},{"type":"Feature","properties":{"grid":"J11","height":39,"airport":"CIAL"},"geometry":{"type":"Polygon","coordinates":[[[76.40001528044755,10.196960259798017],[76.4000152800023,10.18828102281745],[76.40001528018456,10.183335370342997],[76.39446276624668,10.183335369897897],[76.38587607899217,10.183335369802176],[76.38334860981747,10.183335369587441],[76.38334860992288,10.188281023398183],[76.38334860975354,10.196960260392716],[76.38334860965493,10.20000203977797],[76.38587607886588,10.200002040402632],[76.39446276644043,10.200002040260234],[76.40001527986284,10.200002039698473],[76.40001528044755,10.196960259798017]]]}},{"type":"Feature","properties":{"grid":"J12","height":39,"airport":"CIAL"},"geometry":{"type":"Polygon","coordinates":[[[76.41668194978017,10.196960259724822],[76.41668194962054,10.188281023448175],[76.4166819500715,10.183335369992804],[76.4116361376764,10.183335370379401],[76.40304945223258,10.183335370394053],[76.40001528018456,10.183335370342997],[76.4000152800023,10.18828102281745],[76.40001528044755,10.196960259798017],[76.40001527986284,10.200002039698473],[76.40304945183993,10.200002040168531],[76.41163613762042,10.200002040112624],[76.41668194962661,10.200002039893402],[76.41668194978017,10.196960259724822]]]}},{"type":"Feature","properties":{"grid":"J13","height":39,"airport":"CIAL"},"geometry":{"type":"Polygon","coordinates":[[[76.43334862007012,10.196960260133535],[76.43334862017535,10.188281023446281],[76.43334861997901,10.183335370313587],[76.42880951077615,10.183335369689054],[76.42022282422123,10.18333536984279],[76.4166819500715,10.183335369992804],[76.41668194962054,10.188281023448175],[76.41668194978017,10.196960259724822],[76.41668194962661,10.200002039893402],[76.42022282359972,10.20000204008921],[76.42880951142106,10.20000204008702],[76.43334862035215,10.20000204032703],[76.43334862007012,10.196960260133535]]]}},{"type":"Feature","properties":{"grid":"J14","height":39,"airport":"CIAL"},"geometry":{"type":"Polygon","coordinates":[[[76.45001528998101,10.196960260095773],[76.45001529033412,10.188281022787594],[76.45001529039588,10.183335370369013],[76.4459828831833,10.183335369612768],[76.43739619715892,10.183335369914861],[76.43334861997901,10.183335370313587],[76.43334862017535,10.188281023446281],[76.43334862007012,10.196960260133535],[76.43334862035215,10.20000204032703],[76.43739619725139,10.200002040118683],[76.44598288273394,10.200002040172961],[76.45001528979041,10.200002040075038],[76.45001528998101,10.196960260095773]]]}},{"type":"Feature","properties":{"grid":"J15","height":39,"airport":"CIAL"},"geometry":{"type":"Polygon","coordinates":[[[76.4666819600058,10.19696025957905],[76.46668195968518,10.188281023252094],[76.46668195998944,10.183335370134719],[76.46315625617814,10.183335370111868],[76.45456956958378,10.183335369679554],[76.45001529039588,10.183335370369013],[76.45001529033412,10.188281022787594],[76.45001528998101,10.196960260095773],[76.45001528979041,10.200002040075038],[76.45456957042468,10.200002040234342],[76.46315625557783,10.200002040319724],[76.46668196026397,10.200002040001035],[76.4666819600058,10.19696025957905]]]}},{"type":"Feature","properties":{"grid":"J16","height":39,"airport":"CIAL"},"geometry":{"type":"Polygon","coordinates":[[[76.48334862973307,10.1969602603629],[76.48334862962578,10.188281022994529],[76.483348630165,10.183335369573774],[76.48032962829865,10.18333537025527],[76.47174294186736,10.183335370006244],[76.46668195998944,10.183335370134719],[76.46668195968518,10.188281023252094],[76.4666819600058,10.19696025957905],[76.46668196026397,10.200002040001035],[76.47174294166204,10.200002040409515],[76.48032962757824,10.200002039600188],[76.48334863044049,10.200002040080197],[76.48334862973307,10.1969602603629]]]}},{"type":"Feature","properties":{"grid":"J17","height":39,"airport":"CIAL"},"geometry":{"type":"Polygon","coordinates":[[[76.50001529964325,10.196960259701624],[76.50001529974014,10.18828102288991],[76.50001529959401,10.183335369565398],[76.49750300082475,10.183335370003416],[76.48891631528558,10.183335369951305],[76.483348630165,10.183335369573774],[76.48334862962578,10.188281022994529],[76.48334862973307,10.1969602603629],[76.48334863044049,10.200002040080197],[76.4889163149779,10.200002039688352],[76.4975030009366,10.200002039778848],[76.50001529990026,10.200002040283499],[76.50001529964325,10.196960259701624]]]}},{"type":"Feature","properties":{"grid":"J18","height":39,"airport":"CIAL"},"geometry":{"type":"Polygon","coordinates":[[[76.51668197024185,10.196960260273915],[76.51668196960824,10.188281022908766],[76.51668196968178,10.183335370071797],[76.51467637321532,10.183335370228686],[76.50608968655929,10.18333537039982],[76.50001529959401,10.183335369565398],[76.50001529974014,10.18828102288991],[76.50001529964325,10.196960259701624],[76.50001529990026,10.200002040283499],[76.50608968709753,10.200002039859898],[76.51467637327843,10.20000203992804],[76.51668197004471,10.20000203966898],[76.51668197024185,10.196960260273915]]]}},{"type":"Feature","properties":{"grid":"J19","height":39,"airport":"CIAL"},"geometry":{"type":"Polygon","coordinates":[[[76.53334864018784,10.196960260245943],[76.53334863972276,10.188281023017108],[76.53334864000396,10.18333537015904],[76.53184974583334,10.183335369990619],[76.52326305970219,10.18333537039483],[76.51668196968178,10.183335370071797],[76.51668196960824,10.188281022908766],[76.51668197024185,10.196960260273915],[76.51668197004471,10.20000203966898],[76.52326306020981,10.200002039975491],[76.53184974588405,10.200002040007233],[76.53334863954987,10.200002040019289],[76.53334864018784,10.196960260245943]]]}},{"type":"Feature","properties":{"grid":"J20","height":39,"airport":"CIAL"},"geometry":{"type":"Polygon","coordinates":[[[76.55001530997393,10.196960259583395],[76.55001530966364,10.188281023184866],[76.55001531014028,10.18333536979702],[76.54902311905023,10.183335370156545],[76.54043643234344,10.183335369912387],[76.53334864000396,10.18333537015904],[76.53334863972276,10.188281023017108],[76.53334864018784,10.196960260245943],[76.53334863954987,10.200002040019289],[76.5404364319443,10.200002040011254],[76.549023119121,10.20000203997962],[76.55001530981703,10.200002040391658],[76.55001530997393,10.196960259583395]]]}},{"type":"Feature","properties":{"grid":"J21","height":39,"airport":"CIAL"},"geometry":{"type":"Polygon","coordinates":[[[76.56668198010156,10.196960260059724],[76.5666819799234,10.188281023377263],[76.56668197967487,10.183335369859481],[76.56619649140355,10.183335369793843],[76.5576098048545,10.183335369819748],[76.55001531014028,10.18333536979702],[76.55001530966364,10.188281023184866],[76.55001530997393,10.196960259583395],[76.55001530981703,10.200002040391658],[76.55760980540659,10.200002039917358],[76.5661964906188,10.200002039820955],[76.56668198042188,10.2000020398514],[76.56668198010156,10.196960260059724]]]}},{"type":"Feature","properties":{"grid":"J22","height":39,"airport":"CIAL"},"geometry":{"type":"Polygon","coordinates":[[[76.58334865014199,10.196960259835903],[76.58334865007741,10.18828102265942],[76.58334865001278,10.183335370307],[76.57478317668989,10.183335370083928],[76.56668197967487,10.183335369859481],[76.5666819799234,10.188281023377263],[76.56668198010156,10.196960260059724],[76.56668198042188,10.2000020398514],[76.57478317731344,10.200002039673677],[76.5833486500406,10.200002040180362],[76.58334865014199,10.196960259835903]]]}},{"type":"Feature","properties":{"grid":"J23","height":39,"airport":"CIAL"},"geometry":{"type":"Polygon","coordinates":[[[76.60001531967958,10.196960259784962],[76.60001531971433,10.1882810228085],[76.60001531981663,10.183335370208738],[76.59195655003747,10.183335369754245],[76.58336986417731,10.183335369764713],[76.58334865001278,10.183335370307],[76.58334865007741,10.18828102265942],[76.58334865014199,10.196960259835903],[76.5833486500406,10.200002040180362],[76.58336986440001,10.200002040380284],[76.59195654986209,10.200002040137813],[76.60001532007422,10.200002040434553],[76.60001531967958,10.196960259784962]]]}},{"type":"Feature","properties":{"grid":"K1","height":39,"airport":"CIAL"},"geometry":{"type":"Polygon","coordinates":[[[76.23334858025677,10.179601785265827],[76.23334858040705,10.170922548016971],[76.23334857958629,10.166668699985856],[76.23131572584876,10.166668700025207],[76.22272904031668,10.166668700162289],[76.21668191019221,10.166668700354727],[76.21668191027335,10.170922548046967],[76.21668191041316,10.179601784710137],[76.21668191028516,10.183335369736586],[76.22272904036896,10.183335370364198],[76.23131572627102,10.183335370366636],[76.23334857966844,10.183335370077115],[76.23334858025677,10.179601785265827]]]}},{"type":"Feature","properties":{"grid":"K2","height":39,"airport":"CIAL"},"geometry":{"type":"Polygon","coordinates":[[[76.25001525016145,10.179601785288552],[76.25001524967803,10.170922548151268],[76.2500152499376,10.166668700114453],[76.24848909872193,10.166668700393304],[76.23990241265187,10.166668699799475],[76.23334857958629,10.166668699985856],[76.23334858040705,10.170922548016971],[76.23334858025677,10.179601785265827],[76.23334857966844,10.183335370077115],[76.23990241344981,10.18333536992675],[76.24848909898843,10.18333536995625],[76.25001525003027,10.18333536958277],[76.25001525016145,10.179601785288552]]]}},{"type":"Feature","properties":{"grid":"K3","height":39,"airport":"CIAL"},"geometry":{"type":"Polygon","coordinates":[[[76.26668191970758,10.179601784753809],[76.26668192040471,10.170922548414959],[76.26668191991017,10.166668699815258],[76.26566247065809,10.166668700400958],[76.25707578478239,10.166668699991943],[76.2500152499376,10.166668700114453],[76.25001524967803,10.170922548151268],[76.25001525016145,10.179601785288552],[76.25001525003027,10.18333536958277],[76.25707578544292,10.183335370441904],[76.26566247079857,10.183335369579302],[76.26668192004546,10.183335370040952],[76.26668191970758,10.179601784753809]]]}},{"type":"Feature","properties":{"grid":"K4","height":39,"airport":"CIAL"},"geometry":{"type":"Polygon","coordinates":[[[76.2833485903082,10.179601785438205],[76.28334859033833,10.170922547885981],[76.28334859000039,10.16666869996423],[76.28283584385011,10.166668700010867],[76.27424915798504,10.166668699801889],[76.26668191991017,10.166668699815258],[76.26668192040471,10.170922548414959],[76.26668191970758,10.179601784753809],[76.26668192004546,10.183335370040952],[76.27424915762205,10.183335370067676],[76.28283584389857,10.183335370102668],[76.28334859020013,10.183335369614893],[76.2833485903082,10.179601785438205]]]}},{"type":"Feature","properties":{"grid":"K5","height":39,"airport":"CIAL"},"geometry":{"type":"Polygon","coordinates":[[[76.30001525970742,10.179601784611037],[76.30001525997902,10.170922548344194],[76.30001525978479,10.166668699632027],[76.3000092168438,10.16666870010363],[76.29142252989288,10.16666870011365],[76.28334859000039,10.16666869996423],[76.28334859033833,10.170922547885981],[76.2833485903082,10.179601785438205],[76.28334859020013,10.183335369614893],[76.29142253035864,10.183335369677756],[76.3000092168237,10.183335369694182],[76.30001526008195,10.18333537008789],[76.30001525970742,10.179601784611037]]]}},{"type":"Feature","properties":{"grid":"K6","height":39,"airport":"CIAL"},"geometry":{"type":"Polygon","coordinates":[[[76.31668193023467,10.179601784948686],[76.31668192981236,10.170922547952102],[76.31668192975977,10.166668699693854],[76.30859590269525,10.166668699985024],[76.30001525978479,10.166668699632027],[76.30001525997902,10.170922548344194],[76.30001525970742,10.179601784611037],[76.30001526008195,10.18333537008789],[76.3085959031116,10.183335370148932],[76.31668193017681,10.183335369622423],[76.31668193023467,10.179601784948686]]]}},{"type":"Feature","properties":{"grid":"K7","height":39,"airport":"CIAL"},"geometry":{"type":"Polygon","coordinates":[[[76.33334859963747,10.17960178462423],[76.33334860033482,10.17092254758447],[76.33334860041812,10.16666870012021],[76.32576927493787,10.166668700296137],[76.31718258909034,10.166668699747584],[76.31668192975977,10.166668699693854],[76.31668192981236,10.170922547952102],[76.31668193023467,10.179601784948686],[76.31668193017681,10.183335369622423],[76.31718258903643,10.183335370134827],[76.32576927532874,10.183335369645139],[76.33334860007243,10.18333537000113],[76.33334859963747,10.17960178462423]]]}},{"type":"Feature","properties":{"grid":"K8","height":39,"airport":"CIAL"},"geometry":{"type":"Polygon","coordinates":[[[76.35001527024173,10.179601785408849],[76.35001527021758,10.170922548123015],[76.35001527042343,10.166668699984488],[76.34294264789713,10.16666870010738],[76.3343559618735,10.166668699811819],[76.33334860041812,10.16666870012021],[76.33334860033482,10.17092254758447],[76.33334859963747,10.17960178462423],[76.33334860007243,10.18333537000113],[76.33435596180996,10.183335369581002],[76.34294264829799,10.183335369939327],[76.35001527025821,10.183335370289925],[76.35001527024173,10.179601785408849]]]}},{"type":"Feature","properties":{"grid":"K9","height":39,"airport":"CIAL"},"geometry":{"type":"Polygon","coordinates":[[[76.36668193979088,10.179601784570957],[76.36668193994583,10.170922547729276],[76.3666819402721,10.16666870016079],[76.36011602011882,10.166668700298302],[76.35152933373544,10.166668700271835],[76.35001527042343,10.166668699984488],[76.35001527021758,10.170922548123015],[76.35001527024173,10.179601785408849],[76.35001527025821,10.183335370289925],[76.35152933369413,10.183335369816573],[76.36011601964535,10.183335370106338],[76.36668194031058,10.183335369558144],[76.36668193979088,10.179601784570957]]]}},{"type":"Feature","properties":{"grid":"K10","height":39,"airport":"CIAL"},"geometry":{"type":"Polygon","coordinates":[[[76.38334860970197,10.179601784788833],[76.38334861001992,10.170922548181041],[76.38334861045286,10.166668699714357],[76.37728939287912,10.16666869992839],[76.36870270686504,10.166668700183592],[76.3666819402721,10.16666870016079],[76.36668193994583,10.170922547729276],[76.36668193979088,10.179601784570957],[76.36668194031058,10.183335369558144],[76.36870270687832,10.183335369897433],[76.37728939338929,10.183335370098478],[76.38334860981747,10.183335369587441],[76.38334860970197,10.179601784788833]]]}},{"type":"Feature","properties":{"grid":"K11","height":39,"airport":"CIAL"},"geometry":{"type":"Polygon","coordinates":[[[76.4000152795513,10.179601785131126],[76.40001528001203,10.170922547642839],[76.40001527964073,10.166668700430366],[76.39446276563646,10.166668699872668],[76.3858760788954,10.166668700429897],[76.38334861045286,10.166668699714357],[76.38334861001992,10.170922548181041],[76.38334860970197,10.179601784788833],[76.38334860981747,10.183335369587441],[76.38587607899217,10.183335369802176],[76.39446276624668,10.183335369897897],[76.40001528018456,10.183335370342997],[76.4000152795513,10.179601785131126]]]}},{"type":"Feature","properties":{"grid":"K12","height":39,"airport":"CIAL"},"geometry":{"type":"Polygon","coordinates":[[[76.41668194982775,10.17960178466234],[76.41668195042259,10.170922547891683],[76.41668195014171,10.166668699557215],[76.41163613784543,10.166668700101694],[76.4030494520152,10.166668700065738],[76.40001527964073,10.166668700430366],[76.40001528001203,10.170922547642839],[76.4000152795513,10.179601785131126],[76.40001528018456,10.183335370342997],[76.40304945223258,10.183335370394053],[76.4116361376764,10.183335370379401],[76.4166819500715,10.183335369992804],[76.41668194982775,10.17960178466234]]]}},{"type":"Feature","properties":{"grid":"K13","height":39,"airport":"CIAL"},"geometry":{"type":"Polygon","coordinates":[[[76.43334862011928,10.179601785162978],[76.43334861991488,10.170922547999618],[76.43334861972215,10.166668699787483],[76.4288095107819,10.16666869967356],[76.42022282385757,10.166668699973375],[76.41668195014171,10.166668699557215],[76.41668195042259,10.170922547891683],[76.41668194982775,10.17960178466234],[76.4166819500715,10.183335369992804],[76.42022282422123,10.18333536984279],[76.42880951077615,10.183335369689054],[76.43334861997901,10.183335370313587],[76.43334862011928,10.179601785162978]]]}},{"type":"Feature","properties":{"grid":"K14","height":39,"airport":"CIAL"},"geometry":{"type":"Polygon","coordinates":[[[76.45001528999789,10.179601784796633],[76.45001528989408,10.170922547930662],[76.45001528978321,10.16666870018103],[76.44598288299571,10.16666870037033],[76.43739619661497,10.166668700111018],[76.43334861972215,10.166668699787483],[76.43334861991488,10.170922547999618],[76.43334862011928,10.179601785162978],[76.43334861997901,10.183335370313587],[76.43739619715892,10.183335369914861],[76.4459828831833,10.183335369612768],[76.45001529039588,10.183335370369013],[76.45001528999789,10.179601784796633]]]}},{"type":"Feature","properties":{"grid":"K15","height":39,"airport":"CIAL"},"geometry":{"type":"Polygon","coordinates":[[[76.46668195996439,10.179601785339226],[76.46668195993993,10.170922547656344],[76.46668195990047,10.166668699805244],[76.46315625575848,10.166668700345086],[76.45456956974186,10.16666870044811],[76.45001528978321,10.16666870018103],[76.45001528989408,10.170922547930662],[76.45001528999789,10.179601784796633],[76.45001529039588,10.183335370369013],[76.45456956958378,10.183335369679554],[76.46315625617814,10.183335370111868],[76.46668195998944,10.183335370134719],[76.46668195996439,10.179601785339226]]]}},{"type":"Feature","properties":{"grid":"K16","height":39,"airport":"CIAL"},"geometry":{"type":"Polygon","coordinates":[[[76.48334862959045,10.179601784953677],[76.4833486296363,10.170922548052111],[76.48334862966182,10.166668700439736],[76.48032962761187,10.166668699570945],[76.47174294177593,10.166668700053828],[76.46668195990047,10.166668699805244],[76.46668195993993,10.170922547656344],[76.46668195996439,10.179601785339226],[76.46668195998944,10.183335370134719],[76.47174294186736,10.183335370006244],[76.48032962829865,10.18333537025527],[76.483348630165,10.183335369573774],[76.48334862959045,10.179601784953677]]]}},{"type":"Feature","properties":{"grid":"K17","height":39,"airport":"CIAL"},"geometry":{"type":"Polygon","coordinates":[[[76.50001530028958,10.179601785410917],[76.50001530038406,10.170922548176463],[76.50001529955124,10.166668700243067],[76.49750300075634,10.166668699812558],[76.48891631491342,10.166668699788923],[76.48334862966182,10.166668700439736],[76.4833486296363,10.170922548052111],[76.48334862959045,10.179601784953677],[76.483348630165,10.183335369573774],[76.48891631528558,10.183335369951305],[76.49750300082475,10.183335370003416],[76.50001529959401,10.183335369565398],[76.50001530028958,10.179601785410917]]]}},{"type":"Feature","properties":{"grid":"K18","height":39,"airport":"CIAL"},"geometry":{"type":"Polygon","coordinates":[[[76.51668196980789,10.179601784881578],[76.51668196993757,10.170922548008328],[76.51668197006502,10.166668700085765],[76.51467637281682,10.16666870014234],[76.50608968678347,10.166668699630145],[76.50001529955124,10.166668700243067],[76.50001530038406,10.170922548176463],[76.50001530028958,10.179601785410917],[76.50001529959401,10.183335369565398],[76.50608968655929,10.18333537039982],[76.51467637321532,10.183335370228686],[76.51668196968178,10.183335370071797],[76.51668196980789,10.179601784881578]]]}},{"type":"Feature","properties":{"grid":"K19","height":39,"airport":"CIAL"},"geometry":{"type":"Polygon","coordinates":[[[76.53334863955897,10.17960178513582],[76.53334863970598,10.170922548413781],[76.53334863987011,10.16666869994234],[76.53184974598106,10.166668699611495],[76.52326305958242,10.166668700437256],[76.51668197006502,10.166668700085765],[76.51668196993757,10.170922548008328],[76.51668196980789,10.179601784881578],[76.51668196968178,10.183335370071797],[76.52326305970219,10.18333537039483],[76.53184974583334,10.183335369990619],[76.53334864000396,10.18333537015904],[76.53334863955897,10.17960178513582]]]}},{"type":"Feature","properties":{"grid":"K20","height":39,"airport":"CIAL"},"geometry":{"type":"Polygon","coordinates":[[[76.55001531003093,10.17960178523512],[76.5500153101728,10.170922547550212],[76.5500153103712,10.166668699774238],[76.54902311879923,10.16666870000006],[76.54043643184336,10.16666870037393],[76.53334863987011,10.16666869994234],[76.53334863970598,10.170922548413781],[76.53334863955897,10.17960178513582],[76.53334864000396,10.18333537015904],[76.54043643234344,10.183335369912387],[76.54902311905023,10.183335370156545],[76.55001531014028,10.18333536979702],[76.55001531003093,10.17960178523512]]]}},{"type":"Feature","properties":{"grid":"K21","height":39,"airport":"CIAL"},"geometry":{"type":"Polygon","coordinates":[[[76.56668197989083,10.17960178515337],[76.566681980018,10.170922548103855],[76.56668198023512,10.166668699555384],[76.56619649072117,10.16666870037117],[76.55760980484985,10.166668700303134],[76.5500153103712,10.166668699774238],[76.5500153101728,10.170922547550212],[76.55001531003093,10.17960178523512],[76.55001531014028,10.18333536979702],[76.5576098048545,10.183335369819748],[76.56619649140355,10.183335369793843],[76.56668197967487,10.183335369859481],[76.56668197989083,10.17960178515337]]]}},{"type":"Feature","properties":{"grid":"K22","height":39,"airport":"CIAL"},"geometry":{"type":"Polygon","coordinates":[[[76.58334864963092,10.179601784855535],[76.58334864972495,10.17092254823152],[76.5833486499583,10.166668700154903],[76.5747831771434,10.166668700196196],[76.56668198023512,10.166668699555384],[76.566681980018,10.170922548103855],[76.56668197989083,10.17960178515337],[76.56668197967487,10.183335369859481],[76.57478317668989,10.183335370083928],[76.58334865001278,10.183335370307],[76.58334864963092,10.179601784855535]]]}},{"type":"Feature","properties":{"grid":"K23","height":39,"airport":"CIAL"},"geometry":{"type":"Polygon","coordinates":[[[76.60001531974787,10.179601785210227],[76.60001531978564,10.170922547897707],[76.60001532002379,10.16666869972916],[76.5919565500032,10.166668700011062],[76.58336986393422,10.166668699774547],[76.5833486499583,10.166668700154903],[76.58334864972495,10.17092254823152],[76.58334864963092,10.179601784855535],[76.58334865001278,10.183335370307],[76.58336986417731,10.183335369764713],[76.59195655003747,10.183335369754245],[76.60001531981663,10.183335370208738],[76.60001531974787,10.179601785210227]]]}},{"type":"Feature","properties":{"grid":"L1","height":39,"airport":"CIAL"},"geometry":{"type":"Polygon","coordinates":[[[76.23334858039863,10.162243310008659],[76.23334858023915,10.153564073052957],[76.23334858012996,10.150002030034749],[76.2313157258812,10.150002029822014],[76.22272903999618,10.150002030090484],[76.21668191023119,10.15000203018962],[76.21668191020568,10.153564073330402],[76.21668190959092,10.162243309715798],[76.21668191019221,10.166668700354727],[76.22272904031668,10.166668700162289],[76.23131572584876,10.166668700025207],[76.23334857958629,10.166668699985856],[76.23334858039863,10.162243310008659]]]}},{"type":"Feature","properties":{"grid":"L2","height":39,"airport":"CIAL"},"geometry":{"type":"Polygon","coordinates":[[[76.25001525032908,10.162243310255398],[76.25001525029698,10.153564073419927],[76.2500152500451,10.150002029904929],[76.24848909943978,10.150002030084204],[76.23990241303159,10.150002029818584],[76.23334858012996,10.150002030034749],[76.23334858023915,10.153564073052957],[76.23334858039863,10.162243310008659],[76.23334857958629,10.166668699985856],[76.23990241265187,10.166668699799475],[76.24848909872193,10.166668700393304],[76.2500152499376,10.166668700114453],[76.25001525032908,10.162243310255398]]]}},{"type":"Feature","properties":{"grid":"L3","height":39,"airport":"CIAL"},"geometry":{"type":"Polygon","coordinates":[[[76.26668191987513,10.162243310428192],[76.26668191995213,10.153564072598488],[76.26668191955648,10.150002029775786],[76.26566247111886,10.150002029595871],[76.25707578492003,10.150002029711843],[76.2500152500451,10.150002029904929],[76.25001525029698,10.153564073419927],[76.25001525032908,10.162243310255398],[76.2500152499376,10.166668700114453],[76.25707578478239,10.166668699991943],[76.26566247065809,10.166668700400958],[76.26668191991017,10.166668699815258],[76.26668191987513,10.162243310428192]]]}},{"type":"Feature","properties":{"grid":"L4","height":39,"airport":"CIAL"},"geometry":{"type":"Polygon","coordinates":[[[76.28334859043855,10.162243309591005],[76.28334858970778,10.153564073273088],[76.2833485900692,10.150002029615527],[76.28283584403066,10.150002030124776],[76.27424915785403,10.15000202973331],[76.26668191955648,10.150002029775786],[76.26668191995213,10.153564072598488],[76.26668191987513,10.162243310428192],[76.26668191991017,10.166668699815258],[76.27424915798504,10.166668699801889],[76.28283584385011,10.166668700010867],[76.28334859000039,10.16666869996423],[76.28334859043855,10.162243309591005]]]}},{"type":"Feature","properties":{"grid":"L5","height":39,"airport":"CIAL"},"geometry":{"type":"Polygon","coordinates":[[[76.30001525978486,10.16224331043851],[76.30001526004571,10.153564072702356],[76.30001526025407,10.15000203030677],[76.30000921670988,10.15000202983886],[76.2914225303755,10.15000202985954],[76.2833485900692,10.150002029615527],[76.28334858970778,10.153564073273088],[76.28334859043855,10.162243309591005],[76.28334859000039,10.16666869996423],[76.29142252989288,10.16666870011365],[76.3000092168438,10.16666870010363],[76.30001525978479,10.166668699632027],[76.30001525978486,10.16224331043851]]]}},{"type":"Feature","properties":{"grid":"L6","height":39,"airport":"CIAL"},"geometry":{"type":"Polygon","coordinates":[[[76.31668193022118,10.16224331022183],[76.3166819296403,10.153564072672943],[76.31668192968361,10.150002030015756],[76.30859590285156,10.150002030059747],[76.30001526025407,10.15000203030677],[76.30001526004571,10.153564072702356],[76.30001525978486,10.16224331043851],[76.30001525978479,10.166668699632027],[76.30859590269525,10.166668699985024],[76.31668192975977,10.166668699693854],[76.31668193022118,10.16224331022183]]]}},{"type":"Feature","properties":{"grid":"L7","height":39,"airport":"CIAL"},"geometry":{"type":"Polygon","coordinates":[[[76.33334860041843,10.162243309822996],[76.3333485998967,10.153564073151806],[76.33334859976632,10.150002029613727],[76.32576927473667,10.150002030306343],[76.31718258861457,10.150002029615003],[76.31668192968361,10.150002030015756],[76.3166819296403,10.153564072672943],[76.31668193022118,10.16224331022183],[76.31668192975977,10.166668699693854],[76.31718258909034,10.166668699747584],[76.32576927493787,10.166668700296137],[76.33334860041812,10.16666870012021],[76.33334860041843,10.162243309822996]]]}},{"type":"Feature","properties":{"grid":"L8","height":39,"airport":"CIAL"},"geometry":{"type":"Polygon","coordinates":[[[76.3500152699603,10.162243310120225],[76.35001527039093,10.153564073208601],[76.35001527008569,10.150002029978737],[76.34294264821928,10.150002029656052],[76.33435596194074,10.150002030318591],[76.33334859976632,10.150002029613727],[76.3333485998967,10.153564073151806],[76.33334860041843,10.162243309822996],[76.33334860041812,10.16666870012021],[76.3343559618735,10.166668699811819],[76.34294264789713,10.16666870010738],[76.35001527042343,10.166668699984488],[76.3500152699603,10.162243310120225]]]}},{"type":"Feature","properties":{"grid":"L9","height":0,"airport":"CIAL"},"geometry":{"type":"Polygon","coordinates":[[[76.3666819402482,10.162243310175363],[76.36668193979001,10.153564072820757],[76.36668194021762,10.150002030180195],[76.36011602002341,10.150002029900087],[76.35152933431011,10.15000203012039],[76.35001527008569,10.150002029978737],[76.35001527039093,10.153564073208601],[76.3500152699603,10.162243310120225],[76.35001527042343,10.166668699984488],[76.35152933373544,10.166668700271835],[76.36011602011882,10.166668700298302],[76.3666819402721,10.16666870016079],[76.3666819402482,10.162243310175363]]]}},{"type":"Feature","properties":{"grid":"L15","height":19,"airport":"CIAL"},"geometry":{"type":"Polygon","coordinates":[[[76.46668195961267,10.162243310206966],[76.46668195989612,10.153564072990497],[76.46668196000732,10.150002029941586],[76.4631562561462,10.150002030131898],[76.45456956998004,10.150002029856456],[76.45001528978793,10.150002030431974],[76.45001529036664,10.153564073066919],[76.45001529001536,10.16224331038487],[76.45001528978321,10.16666870018103],[76.45456956974186,10.16666870044811],[76.46315625575848,10.166668700345086],[76.46668195990047,10.166668699805244],[76.46668195961267,10.162243310206966]]]}},{"type":"Feature","properties":{"grid":"L16","height":19,"airport":"CIAL"},"geometry":{"type":"Polygon","coordinates":[[[76.48334862975169,10.162243309580921],[76.4833486299542,10.153564073160158],[76.4833486298373,10.150002029986284],[76.48032962827456,10.150002030272097],[76.47174294230241,10.150002029668805],[76.46668196000732,10.150002029941586],[76.46668195989612,10.153564072990497],[76.46668195961267,10.162243310206966],[76.46668195990047,10.166668699805244],[76.47174294177593,10.166668700053828],[76.48032962761187,10.166668699570945],[76.48334862966182,10.166668700439736],[76.48334862975169,10.162243309580921]]]}},{"type":"Feature","properties":{"grid":"L17","height":0,"airport":"CIAL"},"geometry":{"type":"Polygon","coordinates":[[[76.5000153000203,10.162243310285897],[76.50001530011602,10.153564072642673],[76.50001529976556,10.150002029628823],[76.49750300074186,10.150002030135168],[76.48891631478462,10.150002030125927],[76.4833486298373,10.150002029986284],[76.4833486299542,10.153564073160158],[76.48334862975169,10.162243309580921],[76.48334862966182,10.166668700439736],[76.48891631491342,10.166668699788923],[76.49750300075634,10.166668699812558],[76.50001529955124,10.166668700243067],[76.5000153000203,10.162243310285897]]]}},{"type":"Feature","properties":{"grid":"L18","height":39,"airport":"CIAL"},"geometry":{"type":"Polygon","coordinates":[[[76.5166819699854,10.162243309580134],[76.51668196996933,10.153564073217],[76.51668197028816,10.15000202973978],[76.51467637300193,10.150002029689466],[76.50608968687648,10.150002030292217],[76.50001529976556,10.150002029628823],[76.50001530011602,10.153564072642673],[76.5000153000203,10.162243310285897],[76.50001529955124,10.166668700243067],[76.50608968678347,10.166668699630145],[76.51467637281682,10.16666870014234],[76.51668197006502,10.166668700085765],[76.5166819699854,10.162243309580134]]]}},{"type":"Feature","properties":{"grid":"L19","height":39,"airport":"CIAL"},"geometry":{"type":"Polygon","coordinates":[[[76.53334864015173,10.162243310142134],[76.53334863999751,10.153564073040975],[76.53334864007176,10.150002030293697],[76.53184974633801,10.15000202979866],[76.5232630598569,10.150002030127464],[76.51668197028816,10.15000202973978],[76.51668196996933,10.153564073217],[76.5166819699854,10.162243309580134],[76.51668197006502,10.166668700085765],[76.52326305958242,10.166668700437256],[76.53184974598106,10.166668699611495],[76.53334863987011,10.16666869994234],[76.53334864015173,10.162243310142134]]]}},{"type":"Feature","properties":{"grid":"L20","height":39,"airport":"CIAL"},"geometry":{"type":"Polygon","coordinates":[[[76.55001531009019,10.162243310133594],[76.55001530978404,10.153564072988756],[76.5500153096038,10.150002030352265],[76.54902311929145,10.150002030434539],[76.54043643226717,10.150002029603689],[76.53334864007176,10.150002030293697],[76.53334863999751,10.153564073040975],[76.53334864015173,10.162243310142134],[76.53334863987011,10.16666869994234],[76.54043643184336,10.16666870037393],[76.54902311879923,10.16666870000006],[76.5500153103712,10.166668699774238],[76.55001531009019,10.162243310133594]]]}},{"type":"Feature","properties":{"grid":"L21","height":39,"airport":"CIAL"},"geometry":{"type":"Polygon","coordinates":[[[76.56668198029702,10.162243310423987],[76.56668197982067,10.153564073025686],[76.56668198028838,10.150002029876525],[76.5661964913073,10.150002029756203],[76.5576098053904,10.150002029583886],[76.5500153096038,10.150002030352265],[76.55001530978404,10.153564072988756],[76.55001531009019,10.162243310133594],[76.5500153103712,10.166668699774238],[76.55760980484985,10.166668700303134],[76.56619649072117,10.16666870037117],[76.56668198023512,10.166668699555384],[76.56668198029702,10.162243310423987]]]}},{"type":"Feature","properties":{"grid":"L22","height":39,"airport":"CIAL"},"geometry":{"type":"Polygon","coordinates":[[[76.58334865034709,10.162243310078498],[76.58334864968651,10.153564073121112],[76.58334864988387,10.150002029748617],[76.57478317685542,10.150002030043817],[76.56668198028838,10.150002029876525],[76.56668197982067,10.153564073025686],[76.56668198029702,10.162243310423987],[76.56668198023512,10.166668699555384],[76.5747831771434,10.166668700196196],[76.5833486499583,10.166668700154903],[76.58334865034709,10.162243310078498]]]}},{"type":"Feature","properties":{"grid":"L23","height":39,"airport":"CIAL"},"geometry":{"type":"Polygon","coordinates":[[[76.6000153198241,10.162243309970302],[76.60001531987322,10.153564073239625],[76.60001531979438,10.150002029928835],[76.59195654976155,10.15000203002865],[76.58336986367746,10.150002030434292],[76.58334864988387,10.150002029748617],[76.58334864968651,10.153564073121112],[76.58334865034709,10.162243310078498],[76.5833486499583,10.166668700154903],[76.58336986393422,10.166668699774547],[76.5919565500032,10.166668700011062],[76.60001532002379,10.16666869972916],[76.6000153198241,10.162243309970302]]]}},{"type":"Feature","properties":{"grid":"M1","height":39,"airport":"CIAL"},"geometry":{"type":"Polygon","coordinates":[[[76.2333485799259,10.144884836249188],[76.23334858036534,10.136205597789031],[76.23334858039195,10.133335360252588],[76.2313157263735,10.133335359782388],[76.22272904032528,10.13333536017072],[76.21668191041061,10.133335360170898],[76.21668190982273,10.136205598293477],[76.21668191028269,10.144884836188455],[76.21668191023119,10.15000203018962],[76.22272903999618,10.150002030090484],[76.2313157258812,10.150002029822014],[76.23334858012996,10.150002030034749],[76.2333485799259,10.144884836249188]]]}},{"type":"Feature","properties":{"grid":"M2","height":39,"airport":"CIAL"},"geometry":{"type":"Polygon","coordinates":[[[76.2500152495755,10.144884835839978],[76.25001524999415,10.136205598416387],[76.2500152503615,10.133335359883755],[76.24848909932541,10.13333535996546],[76.2399024127688,10.133335360016332],[76.23334858039195,10.133335360252588],[76.23334858036534,10.136205597789031],[76.2333485799259,10.144884836249188],[76.23334858012996,10.150002030034749],[76.23990241303159,10.150002029818584],[76.24848909943978,10.150002030084204],[76.2500152500451,10.150002029904929],[76.2500152495755,10.144884835839978]]]}},{"type":"Feature","properties":{"grid":"M3","height":39,"airport":"CIAL"},"geometry":{"type":"Polygon","coordinates":[[[76.26668191972736,10.144884835837177],[76.26668192010709,10.136205598335833],[76.26668191990233,10.133335359944304],[76.26566247128424,10.133335359905514],[76.25707578494841,10.133335359630397],[76.2500152503615,10.133335359883755],[76.25001524999415,10.136205598416387],[76.2500152495755,10.144884835839978],[76.2500152500451,10.150002029904929],[76.25707578492003,10.150002029711843],[76.26566247111886,10.150002029595871],[76.26668191955648,10.150002029775786],[76.26668191972736,10.144884835837177]]]}},{"type":"Feature","properties":{"grid":"M4","height":39,"airport":"CIAL"},"geometry":{"type":"Polygon","coordinates":[[[76.28334858996128,10.144884836215978],[76.28334859028715,10.136205598426827],[76.28334859041917,10.133335360402468],[76.28283584444196,10.133335359565365],[76.27424915814707,10.133335359883642],[76.26668191990233,10.133335359944304],[76.26668192010709,10.136205598335833],[76.26668191972736,10.144884835837177],[76.26668191955648,10.150002029775786],[76.27424915785403,10.15000202973331],[76.28283584403066,10.150002030124776],[76.2833485900692,10.150002029615527],[76.28334858996128,10.144884836215978]]]}},{"type":"Feature","properties":{"grid":"M5","height":39,"airport":"CIAL"},"geometry":{"type":"Polygon","coordinates":[[[76.30001525985335,10.144884836047133],[76.30001526011026,10.136205597760124],[76.30001525966271,10.13333536033611],[76.30000921734371,10.133335359825681],[76.29142252999023,10.133335359852046],[76.28334859041917,10.133335360402468],[76.28334859028715,10.136205598426827],[76.28334858996128,10.144884836215978],[76.2833485900692,10.150002029615527],[76.2914225303755,10.15000202985954],[76.30000921670988,10.15000202983886],[76.30001526025407,10.15000203030677],[76.30001525985335,10.144884836047133]]]}},{"type":"Feature","properties":{"grid":"M6","height":39,"airport":"CIAL"},"geometry":{"type":"Polygon","coordinates":[[[76.31668192989947,10.144884836205872],[76.31668193007576,10.136205598115213],[76.3166819299501,10.13333535970911],[76.30859590267337,10.133335360401942],[76.30001525966271,10.13333536033611],[76.30001526011026,10.136205597760124],[76.30001525985335,10.144884836047133],[76.30001526025407,10.15000203030677],[76.30859590285156,10.150002030059747],[76.31668192968361,10.150002030015756],[76.31668192989947,10.144884836205872]]]}},{"type":"Feature","properties":{"grid":"M7","height":39,"airport":"CIAL"},"geometry":{"type":"Polygon","coordinates":[[[76.33334859967553,10.144884835762278],[76.33334859975574,10.136205597658002],[76.33334859995544,10.133335360307765],[76.32576927473069,10.133335359700922],[76.31718258943995,10.133335359754904],[76.3166819299501,10.13333535970911],[76.31668193007576,10.136205598115213],[76.31668192989947,10.144884836205872],[76.31668192968361,10.150002030015756],[76.31718258861457,10.150002029615003],[76.32576927473667,10.150002030306343],[76.33334859976632,10.150002029613727],[76.33334859967553,10.144884835762278]]]}},{"type":"Feature","properties":{"grid":"M8","height":39,"airport":"CIAL"},"geometry":{"type":"Polygon","coordinates":[[[76.35001526967744,10.144884835590846],[76.35001526964966,10.136205598167187],[76.35001527016333,10.133335360293966],[76.34294264836498,10.133335360422592],[76.33435596201362,10.133335360222222],[76.33334859995544,10.133335360307765],[76.33334859975574,10.136205597658002],[76.33334859967553,10.144884835762278],[76.33334859976632,10.150002029613727],[76.33435596194074,10.150002030318591],[76.34294264821928,10.150002029656052],[76.35001527008569,10.150002029978737],[76.35001526967744,10.144884835590846]]]}},{"type":"Feature","properties":{"grid":"M9","height":0,"airport":"CIAL"},"geometry":{"type":"Polygon","coordinates":[[[76.36668194039733,10.144884835661392],[76.3666819402419,10.136205597804189],[76.36668194015293,10.133335359641391],[76.36011602028131,10.133335359837165],[76.35152933360243,10.133335360299023],[76.35001527016333,10.133335360293966],[76.35001526964966,10.136205598167187],[76.35001526967744,10.144884835590846],[76.35001527008569,10.150002029978737],[76.35152933431011,10.15000203012039],[76.36011602002341,10.150002029900087],[76.36668194021762,10.150002030180195],[76.36668194039733,10.144884835661392]]]}},{"type":"Feature","properties":{"grid":"M15","height":39,"airport":"CIAL"},"geometry":{"type":"Polygon","coordinates":[[[76.46668195987853,10.14488483601454],[76.46668195955668,10.136205598378435],[76.46668196031206,10.133335359664423],[76.46315625643898,10.133335360405372],[76.45456957031261,10.133335359737732],[76.450015290412,10.133335360242562],[76.45001528993346,10.136205598232538],[76.4500152900362,10.144884835984373],[76.45001528978793,10.150002030431974],[76.45456956998004,10.150002029856456],[76.4631562561462,10.150002030131898],[76.46668196000732,10.150002029941586],[76.46668195987853,10.14488483601454]]]}},{"type":"Feature","properties":{"grid":"M16","height":39,"airport":"CIAL"},"geometry":{"type":"Polygon","coordinates":[[[76.48334863023214,10.1448848360809],[76.48334862967396,10.136205598350777],[76.48334862979341,10.13333536005063],[76.48032962754276,10.13333535968341],[76.47174294163206,10.13333535978834],[76.46668196031206,10.133335359664423],[76.46668195955668,10.136205598378435],[76.46668195987853,10.14488483601454],[76.46668196000732,10.150002029941586],[76.47174294230241,10.150002029668805],[76.48032962827456,10.150002030272097],[76.4833486298373,10.150002029986284],[76.48334863023214,10.1448848360809]]]}},{"type":"Feature","properties":{"grid":"M17","height":39,"airport":"CIAL"},"geometry":{"type":"Polygon","coordinates":[[[76.50001529976372,10.144884836158585],[76.50001529986426,10.136205598120567],[76.50001530025176,10.133335359555678],[76.49750300078344,10.133335360091847],[76.48891631490123,10.133335360082972],[76.48334862979341,10.13333536005063],[76.48334862967396,10.136205598350777],[76.48334863023214,10.1448848360809],[76.4833486298373,10.150002029986284],[76.48891631478462,10.150002030125927],[76.49750300074186,10.150002030135168],[76.50001529976556,10.150002029628823],[76.50001529976372,10.144884836158585]]]}},{"type":"Feature","properties":{"grid":"M18","height":39,"airport":"CIAL"},"geometry":{"type":"Polygon","coordinates":[[[76.51668196987747,10.144884836210002],[76.51668196970654,10.136205597658506],[76.51668197036189,10.133335359962663],[76.51467637286873,10.133335359803127],[76.506089686832,10.13333535969834],[76.50001530025176,10.133335359555678],[76.50001529986426,10.136205598120567],[76.50001529976372,10.144884836158585],[76.50001529976556,10.150002029628823],[76.50608968687648,10.150002030292217],[76.51467637300193,10.150002029689466],[76.51668197028816,10.15000202973978],[76.51668196987747,10.144884836210002]]]}},{"type":"Feature","properties":{"grid":"M19","height":39,"airport":"CIAL"},"geometry":{"type":"Polygon","coordinates":[[[76.5333486401525,10.144884836205414],[76.53334863969647,10.136205597834916],[76.5333486396985,10.133335360337892],[76.53184974599381,10.133335359676902],[76.52326305962382,10.133335360398497],[76.51668197036189,10.133335359962663],[76.51668196970654,10.136205597658506],[76.51668196987747,10.144884836210002],[76.51668197028816,10.15000202973978],[76.5232630598569,10.150002030127464],[76.53184974633801,10.15000202979866],[76.53334864007176,10.150002030293697],[76.5333486401525,10.144884836205414]]]}},{"type":"Feature","properties":{"grid":"M20","height":39,"airport":"CIAL"},"geometry":{"type":"Polygon","coordinates":[[[76.55001531016782,10.144884836114842],[76.55001531032121,10.136205597711418],[76.55001530966108,10.133335359738808],[76.54902311869967,10.133335359684976],[76.5404364318092,10.133335360347221],[76.5333486396985,10.133335360337892],[76.53334863969647,10.136205597834916],[76.5333486401525,10.144884836205414],[76.53334864007176,10.150002030293697],[76.54043643226717,10.150002029603689],[76.54902311929145,10.150002030434539],[76.5500153096038,10.150002030352265],[76.55001531016782,10.144884836114842]]]}},{"type":"Feature","properties":{"grid":"M21","height":39,"airport":"CIAL"},"geometry":{"type":"Polygon","coordinates":[[[76.56668198041497,10.14488483590371],[76.56668198025142,10.136205598166114],[76.56668197983697,10.13333535994336],[76.5661964913522,10.133335359790452],[76.55760980467082,10.133335360407584],[76.55001530966108,10.133335359738808],[76.55001531032121,10.136205597711418],[76.55001531016782,10.144884836114842],[76.5500153096038,10.150002030352265],[76.5576098053904,10.150002029583886],[76.5661964913073,10.150002029756203],[76.56668198028838,10.150002029876525],[76.56668198041497,10.14488483590371]]]}},{"type":"Feature","properties":{"grid":"M22","height":39,"airport":"CIAL"},"geometry":{"type":"Polygon","coordinates":[[[76.58334864956483,10.144884836449862],[76.58334864997403,10.136205598260025],[76.58334864980064,10.133335360016755],[76.57478317674516,10.133335359646924],[76.56668197983697,10.13333535994336],[76.56668198025142,10.136205598166114],[76.56668198041497,10.14488483590371],[76.56668198028838,10.150002029876525],[76.57478317685542,10.150002030043817],[76.58334864988387,10.150002029748617],[76.58334864956483,10.144884836449862]]]}},{"type":"Feature","properties":{"grid":"M23","height":39,"airport":"CIAL"},"geometry":{"type":"Polygon","coordinates":[[[76.60001531992494,10.144884835900992],[76.60001531998024,10.136205597957819],[76.6000153200432,10.133335359923722],[76.59195655023176,10.133335359827104],[76.58336986431725,10.13333535995588],[76.58334864980064,10.133335360016755],[76.58334864997403,10.136205598260025],[76.58334864956483,10.144884836449862],[76.58334864988387,10.150002029748617],[76.58336986367746,10.150002030434292],[76.59195654976155,10.15000203002865],[76.60001531979438,10.150002029928835],[76.60001531992494,10.144884835900992]]]}},{"type":"Feature","properties":{"grid":"N1","height":39,"airport":"CIAL"},"geometry":{"type":"Polygon","coordinates":[[[76.23334857974677,10.127526361299886],[76.23334857988235,10.118847123161512],[76.23334858037403,10.116668689760475],[76.23131572641819,10.11666868993512],[76.22272904039647,10.116668690431794],[76.21668190982308,10.116668690327305],[76.21668191004292,10.118847122961457],[76.21668190974256,10.127526360549947],[76.21668191041061,10.133335360170898],[76.22272904032528,10.13333536017072],[76.2313157263735,10.133335359782388],[76.23334858039195,10.133335360252588],[76.23334857974677,10.127526361299886]]]}},{"type":"Feature","properties":{"grid":"N2","height":39,"airport":"CIAL"},"geometry":{"type":"Polygon","coordinates":[[[76.25001524972843,10.127526361159699],[76.25001524968819,10.118847123165763],[76.25001524997951,10.116668690079713],[76.24848909929673,10.116668690058908],[76.23990241278136,10.1166686904146],[76.23334858037403,10.116668689760475],[76.23334857988235,10.118847123161512],[76.23334857974677,10.127526361299886],[76.23334858039195,10.133335360252588],[76.2399024127688,10.133335360016332],[76.24848909932541,10.13333535996546],[76.2500152503615,10.133335359883755],[76.25001524972843,10.127526361159699]]]}},{"type":"Feature","properties":{"grid":"N3","height":39,"airport":"CIAL"},"geometry":{"type":"Polygon","coordinates":[[[76.26668192018298,10.127526361005778],[76.26668191995225,10.118847122946367],[76.26668192004041,10.116668690349615],[76.26566247115605,10.116668690450952],[76.25707578487285,10.116668689772887],[76.25001524997951,10.116668690079713],[76.25001524968819,10.118847123165763],[76.25001524972843,10.127526361159699],[76.2500152503615,10.133335359883755],[76.25707578494841,10.133335359630397],[76.26566247128424,10.133335359905514],[76.26668191990233,10.133335359944304],[76.26668192018298,10.127526361005778]]]}},{"type":"Feature","properties":{"grid":"N4","height":39,"airport":"CIAL"},"geometry":{"type":"Polygon","coordinates":[[[76.28334858977716,10.127526360816963],[76.28334859025725,10.118847123382833],[76.2833485901323,10.116668689641216],[76.28283584418406,10.11666869016993],[76.27424915795692,10.116668690281696],[76.26668192004041,10.116668690349615],[76.26668191995225,10.118847122946367],[76.26668192018298,10.127526361005778],[76.26668191990233,10.133335359944304],[76.27424915814707,10.133335359883642],[76.28283584444196,10.133335359565365],[76.28334859041917,10.133335360402468],[76.28334858977716,10.127526360816963]]]}},{"type":"Feature","properties":{"grid":"N5","height":39,"airport":"CIAL"},"geometry":{"type":"Polygon","coordinates":[[[76.30001525991553,10.127526360561145],[76.3000152601752,10.118847122641741],[76.30001525984146,10.11666868973804],[76.30000921692553,10.116668690096525],[76.29142252965518,10.116668690112785],[76.2833485901323,10.116668689641216],[76.28334859025725,10.118847123382833],[76.28334858977716,10.127526360816963],[76.28334859041917,10.133335360402468],[76.29142252999023,10.133335359852046],[76.30000921734371,10.133335359825681],[76.30001525966271,10.13333536033611],[76.30001525991553,10.127526360561145]]]}},{"type":"Feature","properties":{"grid":"N6","height":39,"airport":"CIAL"},"geometry":{"type":"Polygon","coordinates":[[[76.31668193018102,10.127526361117182],[76.31668193020866,10.11884712340686],[76.31668192965591,10.116668689706927],[76.30859590307514,10.116668690128938],[76.30001525984146,10.11666868973804],[76.3000152601752,10.118847122641741],[76.30001525991553,10.127526360561145],[76.30001525966271,10.13333536033611],[76.30859590267337,10.133335360401942],[76.3166819299501,10.13333535970911],[76.31668193018102,10.127526361117182]]]}},{"type":"Feature","properties":{"grid":"N7","height":39,"airport":"CIAL"},"geometry":{"type":"Polygon","coordinates":[[[76.33334860014556,10.12752636065093],[76.33334859992573,10.118847122939892],[76.33334860007096,10.11666869042276],[76.32576927493294,10.11666869031342],[76.31718258883421,10.116668690203463],[76.31668192965591,10.116668689706927],[76.31668193020866,10.11884712340686],[76.31668193018102,10.127526361117182],[76.3166819299501,10.13333535970911],[76.31718258943995,10.133335359754904],[76.32576927473069,10.133335359700922],[76.33334859995544,10.133335360307765],[76.33334860014556,10.12752636065093]]]}},{"type":"Feature","properties":{"grid":"N8","height":39,"airport":"CIAL"},"geometry":{"type":"Polygon","coordinates":[[[76.35001527030832,10.12752636094116],[76.35001526982539,10.118847123019604],[76.35001526974565,10.11666869005485],[76.34294264832859,10.116668689719491],[76.3343559620977,10.116668689547863],[76.33334860007096,10.11666869042276],[76.33334859992573,10.118847122939892],[76.33334860014556,10.12752636065093],[76.33334859995544,10.133335360307765],[76.33435596201362,10.133335360222222],[76.34294264836498,10.133335360422592],[76.35001527016333,10.133335360293966],[76.35001527030832,10.12752636094116]]]}},{"type":"Feature","properties":{"grid":"N9","height":39,"airport":"CIAL"},"geometry":{"type":"Polygon","coordinates":[[[76.36668194024482,10.127526361057315],[76.36668194039541,10.118847122711689],[76.36668194009145,10.116668690377836],[76.36011601998567,10.11666869013841],[76.35152933435204,10.116668689917383],[76.35001526974565,10.11666869005485],[76.35001526982539,10.118847123019604],[76.35001527030832,10.12752636094116],[76.35001527016333,10.133335360293966],[76.35152933360243,10.133335360299023],[76.36011602028131,10.133335359837165],[76.36668194015293,10.133335359641391],[76.36668194024482,10.127526361057315]]]}},{"type":"Feature","properties":{"grid":"N10","height":39,"airport":"CIAL"},"geometry":{"type":"Polygon","coordinates":[[[76.38334861044667,10.127526360968966],[76.38334861030604,10.118847122897487],[76.38334860976717,10.116668689560466],[76.37728939300027,10.116668689718177],[76.36870270687216,10.116668690371943],[76.36668194009145,10.116668690377836],[76.36668194039541,10.118847122711689],[76.36668194024482,10.127526361057315],[76.36668194015293,10.133335359641391],[76.36870270731055,10.133335359941793],[76.37728939267885,10.133335359713197],[76.38334861042374,10.133335360127953],[76.38334861044667,10.127526360968966]]]}},{"type":"Feature","properties":{"grid":"N11","height":39,"airport":"CIAL"},"geometry":{"type":"Polygon","coordinates":[[[76.40001527958044,10.127526360653006],[76.4000152800449,10.118847122642048],[76.40001528018824,10.116668690280708],[76.39446276592105,10.116668690241825],[76.38587607910779,10.116668689978539],[76.38334860976717,10.116668689560466],[76.38334861030604,10.118847122897487],[76.38334861044667,10.127526360968966],[76.38334861042374,10.133335360127953],[76.38587607894543,10.133335360040974],[76.39446276592408,10.133335360017703],[76.40001527963474,10.133335359922146],[76.40001527958044,10.127526360653006]]]}},{"type":"Feature","properties":{"grid":"N12","height":39,"airport":"CIAL"},"geometry":{"type":"Polygon","coordinates":[[[76.4166819499667,10.127526360974699],[76.41668195010728,10.118847122818428],[76.41668195000936,10.116668689802566],[76.41163613819376,10.116668689871732],[76.40304945234122,10.116668689604499],[76.40001528018824,10.116668690280708],[76.4000152800449,10.118847122642048],[76.40001527958044,10.127526360653006],[76.40001527963474,10.133335359922146],[76.40304945160734,10.133335359647932],[76.41163613764189,10.133335359824855],[76.41668195010664,10.13333535988923],[76.4166819499667,10.127526360974699]]]}},{"type":"Feature","properties":{"grid":"N13","height":39,"airport":"CIAL"},"geometry":{"type":"Polygon","coordinates":[[[76.43334862026802,10.12752636100603],[76.43334862007208,10.11884712339897],[76.43334861972967,10.116668689902939],[76.42880951110469,10.116668690378676],[76.42022282420488,10.1166686901322],[76.41668195000936,10.116668689802566],[76.41668195010728,10.118847122818428],[76.4166819499667,10.127526360974699],[76.41668195010664,10.13333535988923],[76.42022282384146,10.133335359641057],[76.42880951094016,10.133335359993444],[76.43334861959347,10.133335360009324],[76.43334862026802,10.12752636100603]]]}},{"type":"Feature","properties":{"grid":"N14","height":39,"airport":"CIAL"},"geometry":{"type":"Polygon","coordinates":[[[76.4500152900633,10.127526360719099],[76.45001529042659,10.118847123447551],[76.45001528983646,10.116668689645728],[76.44598288318677,10.11666868992821],[76.43739619688179,10.116668689711661],[76.43334861972967,10.116668689902939],[76.43334862007208,10.11884712339897],[76.43334862026802,10.12752636100603],[76.43334861959347,10.133335360009324],[76.43739619692664,10.133335359982524],[76.44598288344356,10.133335359597018],[76.450015290412,10.133335360242562],[76.4500152900633,10.127526360719099]]]}},{"type":"Feature","properties":{"grid":"N15","height":39,"airport":"CIAL"},"geometry":{"type":"Polygon","coordinates":[[[76.46668195984809,10.127526360985774],[76.466681959837,10.118847122939975],[76.46668195991246,10.116668689906788],[76.46315625572637,10.116668690290252],[76.45456956983327,10.116668690120852],[76.45001528983646,10.116668689645728],[76.45001529042659,10.118847123447551],[76.4500152900633,10.127526360719099],[76.450015290412,10.133335360242562],[76.45456957031261,10.133335359737732],[76.46315625643898,10.133335360405372],[76.46668196031206,10.133335359664423],[76.46668195984809,10.127526360985774]]]}},{"type":"Feature","properties":{"grid":"N16","height":39,"airport":"CIAL"},"geometry":{"type":"Polygon","coordinates":[[[76.48334863010969,10.127526360869194],[76.48334862971109,10.11884712274371],[76.48334863044475,10.116668689749288],[76.4803296281686,10.116668689625621],[76.47174294159619,10.116668690429053],[76.46668195991246,10.116668689906788],[76.466681959837,10.118847122939975],[76.46668195984809,10.127526360985774],[76.46668196031206,10.133335359664423],[76.47174294163206,10.13333535978834],[76.48032962754276,10.13333535968341],[76.48334862979341,10.13333536005063],[76.48334863010969,10.127526360869194]]]}},{"type":"Feature","properties":{"grid":"N17","height":39,"airport":"CIAL"},"geometry":{"type":"Polygon","coordinates":[[[76.50001530043107,10.127526361244506],[76.50001529962752,10.118847122829827],[76.50001530010361,10.11666869005258],[76.4975030008874,10.11666868970734],[76.4889163152695,10.116668689684815],[76.48334863044475,10.116668689749288],[76.48334862971109,10.11884712274371],[76.48334863010969,10.127526360869194],[76.48334862979341,10.13333536005063],[76.48891631490123,10.133335360082972],[76.49750300078344,10.133335360091847],[76.50001530025176,10.133335359555678],[76.50001530043107,10.127526361244506]]]}},{"type":"Feature","properties":{"grid":"N18","height":39,"airport":"CIAL"},"geometry":{"type":"Polygon","coordinates":[[[76.51668197038687,10.12752636117832],[76.51668197007744,10.118847123164825],[76.5166819702884,10.116668689875016],[76.51467637333184,10.116668689599695],[76.50608968666484,10.116668689681516],[76.50001530010361,10.11666869005258],[76.50001529962752,10.118847122829827],[76.50001530043107,10.127526361244506],[76.50001530025176,10.133335359555678],[76.506089686832,10.13333535969834],[76.51467637286873,10.133335359803127],[76.51668197036189,10.133335359962663],[76.51668197038687,10.12752636117832]]]}},{"type":"Feature","properties":{"grid":"N19","height":39,"airport":"CIAL"},"geometry":{"type":"Polygon","coordinates":[[[76.53334863955577,10.127526360641115],[76.53334863972269,10.118847122819208],[76.53334863966937,10.11666869009534],[76.53184974587175,10.11666869017074],[76.52326305979778,10.116668690366689],[76.5166819702884,10.116668689875016],[76.51668197007744,10.118847123164825],[76.51668197038687,10.12752636117832],[76.51668197036189,10.133335359962663],[76.52326305962382,10.133335360398497],[76.53184974599381,10.133335359676902],[76.5333486396985,10.133335360337892],[76.53334863955577,10.127526360641115]]]}},{"type":"Feature","properties":{"grid":"N20","height":39,"airport":"CIAL"},"geometry":{"type":"Polygon","coordinates":[[[76.55001531026251,10.127526361398433],[76.55001530997099,10.118847122658766],[76.55001530964566,10.116668689771084],[76.54902311886414,10.11666868957566],[76.54043643228803,10.11666868990824],[76.53334863966937,10.11666869009534],[76.53334863972269,10.118847122819208],[76.53334863955577,10.127526360641115],[76.5333486396985,10.133335360337892],[76.5404364318092,10.133335360347221],[76.54902311869967,10.133335359684976],[76.55001530966108,10.133335359738808],[76.55001531026251,10.127526361398433]]]}},{"type":"Feature","properties":{"grid":"N21","height":39,"airport":"CIAL"},"geometry":{"type":"Polygon","coordinates":[[[76.56668198024785,10.127526360716166],[76.56668198040079,10.118847122653179],[76.56668197980001,10.116668689776068],[76.56619649085816,10.116668689594361],[76.55760980542205,10.11666869007352],[76.55001530964566,10.116668689771084],[76.55001530997099,10.118847122658766],[76.55001531026251,10.127526361398433],[76.55001530966108,10.133335359738808],[76.55760980467082,10.133335360407584],[76.5661964913522,10.133335359790452],[76.56668197983697,10.13333535994336],[76.56668198024785,10.127526360716166]]]}},{"type":"Feature","properties":{"grid":"N22","height":39,"airport":"CIAL"},"geometry":{"type":"Polygon","coordinates":[[[76.58334865001594,10.127526361271785],[76.58334864967817,10.11884712277628],[76.58334864971084,10.116668690079745],[76.57478317682369,10.116668689934208],[76.56668197980001,10.116668689776068],[76.56668198040079,10.118847122653179],[76.56668198024785,10.127526360716166],[76.56668197983697,10.13333535994336],[76.57478317674516,10.133335359646924],[76.58334864980064,10.133335360016755],[76.58334865001594,10.127526361271785]]]}},{"type":"Feature","properties":{"grid":"N23","height":39,"airport":"CIAL"},"geometry":{"type":"Polygon","coordinates":[[[76.60001532004902,10.127526361221777],[76.60001532011881,10.118847122984048],[76.6000153198645,10.116668689742735],[76.59195654960003,10.116668690343873],[76.58336986404422,10.116668690180859],[76.58334864971084,10.116668690079745],[76.58334864967817,10.11884712277628],[76.58334865001594,10.127526361271785],[76.58334864980064,10.133335360016755],[76.58336986431725,10.13333535995588],[76.59195655023176,10.133335359827104],[76.6000153200432,10.133335359923722],[76.60001532004902,10.127526361221777]]]}},{"type":"Feature","properties":{"grid":"O1","height":39,"airport":"CIAL"},"geometry":{"type":"Polygon","coordinates":[[[76.23334857987055,10.110167886093645],[76.23334857970866,10.10148864919561],[76.23334858008835,10.100002020392216],[76.23131572602051,10.100002020305542],[76.22272904021149,10.100002019994825],[76.2166819102954,10.100002019773244],[76.21668190996621,10.101488649174874],[76.21668190981529,10.110167886439191],[76.21668190982308,10.116668690327305],[76.22272904039647,10.116668690431794],[76.23131572641819,10.11666868993512],[76.23334858037403,10.116668689760475],[76.23334857987055,10.110167886093645]]]}},{"type":"Feature","properties":{"grid":"O2","height":39,"airport":"CIAL"},"geometry":{"type":"Polygon","coordinates":[[[76.25001524988117,10.110167886246638],[76.25001525030109,10.101488648597403],[76.25001524981349,10.100002019610395],[76.24848909935899,10.100002020389853],[76.23990241307101,10.100002020134477],[76.23334858008835,10.100002020392216],[76.23334857970866,10.10148864919561],[76.23334857987055,10.110167886093645],[76.23334858037403,10.116668689760475],[76.23990241278136,10.1166686904146],[76.24848909929673,10.116668690058908],[76.25001524997951,10.116668690079713],[76.25001524988117,10.110167886246638]]]}},{"type":"Feature","properties":{"grid":"O3","height":39,"airport":"CIAL"},"geometry":{"type":"Polygon","coordinates":[[[76.26668192033534,10.110167885966092],[76.26668192041689,10.101488649167832],[76.26668191997254,10.100002020112752],[76.2656624707361,10.100002020353234],[76.25707578469866,10.100002020164625],[76.25001524981349,10.100002019610395],[76.25001525030109,10.101488648597403],[76.25001524988117,10.110167886246638],[76.25001524997951,10.116668690079713],[76.25707578487285,10.116668689772887],[76.26566247115605,10.116668690450952],[76.26668192004041,10.116668690349615],[76.26668192033534,10.110167885966092]]]}},{"type":"Feature","properties":{"grid":"O4","height":39,"airport":"CIAL"},"geometry":{"type":"Polygon","coordinates":[[[76.28334858990307,10.110167886135134],[76.2833485896279,10.10148864907386],[76.28334859013741,10.10000202006611],[76.28283584416775,10.100002020151683],[76.2742491581979,10.100002020044963],[76.26668191997254,10.100002020112752],[76.26668192041689,10.101488649167832],[76.26668192033534,10.110167885966092],[76.26668192004041,10.116668690349615],[76.27424915795692,10.116668690281696],[76.28283584418406,10.11666869016993],[76.2833485901323,10.116668689641216],[76.28334858990307,10.110167886135134]]]}},{"type":"Feature","properties":{"grid":"O5","height":39,"airport":"CIAL"},"geometry":{"type":"Polygon","coordinates":[[[76.30001525998482,10.1101678858175],[76.30001526025401,10.101488649184155],[76.3000152598904,10.100002020349802],[76.30000921728234,10.100002019765174],[76.29142253028466,10.100002019759188],[76.28334859013741,10.10000202006611],[76.2833485896279,10.10148864907386],[76.28334858990307,10.110167886135134],[76.2833485901323,10.116668689641216],[76.29142252965518,10.116668690112785],[76.30000921692553,10.116668690096525],[76.30001525984146,10.11666868973804],[76.30001525998482,10.1101678858175]]]}},{"type":"Feature","properties":{"grid":"O6","height":39,"airport":"CIAL"},"geometry":{"type":"Polygon","coordinates":[[[76.31668193016318,10.11016788589205],[76.31668193004533,10.101488648576302],[76.31668192971918,10.10000202003075],[76.30859590315345,10.100002020173788],[76.3000152598904,10.100002020349802],[76.30001526025401,10.101488649184155],[76.30001525998482,10.1101678858175],[76.30001525984146,10.11666868973804],[76.30859590307514,10.116668690128938],[76.31668192965591,10.116668689706927],[76.31668193016318,10.11016788589205]]]}},{"type":"Feature","properties":{"grid":"O7","height":39,"airport":"CIAL"},"geometry":{"type":"Polygon","coordinates":[[[76.3333486000171,10.110167886333146],[76.33334860041295,10.101488649025857],[76.33334860011853,10.100002019983865],[76.32576927534151,10.1000020203606],[76.31718258862442,10.1000020200743],[76.31668192971918,10.10000202003075],[76.31668193004533,10.101488648576302],[76.31668193016318,10.11016788589205],[76.31668192965591,10.116668689706927],[76.31718258883421,10.116668690203463],[76.32576927493294,10.11666869031342],[76.33334860007096,10.11666869042276],[76.3333486000171,10.110167886333146]]]}},{"type":"Feature","properties":{"grid":"O8","height":39,"airport":"CIAL"},"geometry":{"type":"Polygon","coordinates":[[[76.35001527003428,10.110167886206982],[76.35001527001569,10.101488648702176],[76.35001526975469,10.10000202018692],[76.3429426481271,10.10000202028448],[76.33435596220612,10.100002020129036],[76.33334860011853,10.100002019983865],[76.33334860041295,10.101488649025857],[76.3333486000171,10.110167886333146],[76.33334860007096,10.11666869042276],[76.3343559620977,10.116668689547863],[76.34294264832859,10.116668689719491],[76.35001526974565,10.11666869005485],[76.35001527003428,10.110167886206982]]]}},{"type":"Feature","properties":{"grid":"O9","height":39,"airport":"CIAL"},"geometry":{"type":"Polygon","coordinates":[[[76.36668193979726,10.110167886391435],[76.3666819402647,10.101488649379947],[76.36668194002748,10.100002019702005],[76.36011602005098,10.100002019920927],[76.35152933383077,10.100002019915998],[76.35001526975469,10.10000202018692],[76.35001527001569,10.101488648702176],[76.35001527003428,10.110167886206982],[76.35001526974565,10.11666869005485],[76.35152933435204,10.116668689917383],[76.36011601998567,10.11666869013841],[76.36668194009145,10.116668690377836],[76.36668193979726,10.110167886391435]]]}},{"type":"Feature","properties":{"grid":"O10","height":39,"airport":"CIAL"},"geometry":{"type":"Polygon","coordinates":[[[76.38334860979352,10.110167885951967],[76.38334860981854,10.101488649227946],[76.38334860961062,10.100002020314678],[76.37728939330754,10.100002020134255],[76.3687027066053,10.100002020296133],[76.36668194002748,10.100002019702005],[76.3666819402647,10.101488649379947],[76.36668193979726,10.110167886391435],[76.36668194009145,10.116668690377836],[76.36870270687216,10.116668690371943],[76.37728939300027,10.116668689718177],[76.38334860976717,10.116668689560466],[76.38334860979352,10.110167885951967]]]}},{"type":"Feature","properties":{"grid":"O11","height":39,"airport":"CIAL"},"geometry":{"type":"Polygon","coordinates":[[[76.40001527960563,10.110167885765794],[76.40001528008452,10.101488649115813],[76.40001527989997,10.100002020182018],[76.39446276643366,10.100002019995001],[76.38587607906662,10.100002020340169],[76.38334860961062,10.100002020314678],[76.38334860981854,10.101488649227946],[76.38334860979352,10.110167885951967],[76.38334860976717,10.116668689560466],[76.38587607910779,10.116668689978539],[76.39446276592105,10.116668690241825],[76.40001528018824,10.116668690280708],[76.40001527960563,10.110167885765794]]]}},{"type":"Feature","properties":{"grid":"O12","height":39,"airport":"CIAL"},"geometry":{"type":"Polygon","coordinates":[[[76.41668194972482,10.110167885801776],[76.4166819497287,10.101488649020155],[76.4166819495654,10.100002020184808],[76.41163613797394,10.100002020382012],[76.40304945158029,10.100002020015172],[76.40001527989997,10.100002020182018],[76.40001528008452,10.101488649115813],[76.40001527960563,10.110167885765794],[76.40001528018824,10.116668690280708],[76.40304945234122,10.116668689604499],[76.41163613819376,10.116668689871732],[76.41668195000936,10.116668689802566],[76.41668194972482,10.110167885801776]]]}},{"type":"Feature","properties":{"grid":"O13","height":39,"airport":"CIAL"},"geometry":{"type":"Polygon","coordinates":[[[76.4333486197298,10.11016788603229],[76.4333486201545,10.101488648905573],[76.43334862001028,10.10000202028766],[76.42880951102735,10.100002020345867],[76.42022282360335,10.100002020195863],[76.4166819495654,10.100002020184808],[76.4166819497287,10.101488649020155],[76.41668194972482,10.110167885801776],[76.41668195000936,10.116668689802566],[76.42022282420488,10.1166686901322],[76.42880951110469,10.116668690378676],[76.43334861972967,10.116668689902939],[76.4333486197298,10.11016788603229]]]}},{"type":"Feature","properties":{"grid":"O14","height":39,"airport":"CIAL"},"geometry":{"type":"Polygon","coordinates":[[[76.45001529011168,10.11016788642543],[76.4500152900279,10.101488648748088],[76.45001528989657,10.100002019562433],[76.44598288322194,10.100002019864334],[76.43739619732222,10.100002019936362],[76.43334862001028,10.10000202028766],[76.4333486201545,10.101488648905573],[76.4333486197298,10.11016788603229],[76.43334861972967,10.116668689902939],[76.43739619688179,10.116668689711661],[76.44598288318677,10.11666868992821],[76.45001528983646,10.116668689645728],[76.45001529011168,10.11016788642543]]]}},{"type":"Feature","properties":{"grid":"O15","height":39,"airport":"CIAL"},"geometry":{"type":"Polygon","coordinates":[[[76.46668196044499,10.11016788604878],[76.46668195984388,10.101488649419688],[76.46668195972315,10.100002019785299],[76.46315625583959,10.100002019803233],[76.454569570369,10.10000202011843],[76.45001528989657,10.100002019562433],[76.4500152900279,10.101488648748088],[76.45001529011168,10.11016788642543],[76.45001528983646,10.116668689645728],[76.45456956983327,10.116668690120852],[76.46315625572637,10.116668690290252],[76.46668195991246,10.116668689906788],[76.46668196044499,10.11016788604878]]]}},{"type":"Feature","properties":{"grid":"O16","height":39,"airport":"CIAL"},"geometry":{"type":"Polygon","coordinates":[[[76.48334863031226,10.110167885777935],[76.48334863008503,10.101488649079407],[76.48334862997677,10.10000202001943],[76.4803296283333,10.100002020131768],[76.47174294219263,10.100002019807468],[76.46668195972315,10.100002019785299],[76.46668195984388,10.101488649419688],[76.46668196044499,10.11016788604878],[76.46668195991246,10.116668689906788],[76.47174294159619,10.116668690429053],[76.4803296281686,10.116668689625621],[76.48334863044475,10.116668689749288],[76.48334863031226,10.110167885777935]]]}},{"type":"Feature","properties":{"grid":"O17","height":39,"airport":"CIAL"},"geometry":{"type":"Polygon","coordinates":[[[76.50001530020448,10.11016788557992],[76.50001530033373,10.101488648602515],[76.50001530023575,10.10000202023594],[76.49750300106423,10.100002019910555],[76.4889163149874,10.100002019864515],[76.48334862997677,10.10000202001943],[76.48334863008503,10.101488649079407],[76.48334863031226,10.110167885777935],[76.48334863044475,10.116668689749288],[76.4889163152695,10.116668689684815],[76.4975030008874,10.11666868970734],[76.50001530010361,10.11666869005258],[76.50001530020448,10.11016788557992]]]}},{"type":"Feature","properties":{"grid":"O18","height":39,"airport":"CIAL"},"geometry":{"type":"Polygon","coordinates":[[[76.51668196970435,10.110167886329696],[76.51668197017247,10.10148864886395],[76.51668197007831,10.100002020405622],[76.51467637257699,10.1000020200164],[76.50608968729378,10.100002020262318],[76.50001530023575,10.10000202023594],[76.50001530033373,10.101488648602515],[76.50001530020448,10.11016788557992],[76.50001530010361,10.11666869005258],[76.50608968666484,10.116668689681516],[76.51467637333184,10.116668689599695],[76.5166819702884,10.116668689875016],[76.51668196970435,10.110167886329696]]]}},{"type":"Feature","properties":{"grid":"O19","height":39,"airport":"CIAL"},"geometry":{"type":"Polygon","coordinates":[[[76.53334864020671,10.110167886180976],[76.53334864008771,10.101488648925857],[76.53334863999076,10.100002019590693],[76.53184974597399,10.10000202040072],[76.5232630603852,10.100002020056696],[76.51668197007831,10.100002020405622],[76.51668197017247,10.10148864886395],[76.51668196970435,10.110167886329696],[76.5166819702884,10.116668689875016],[76.52326305979778,10.116668690366689],[76.53184974587175,10.11666869017074],[76.53334863966937,10.11666869009534],[76.53334864020671,10.110167886180976]]]}},{"type":"Feature","properties":{"grid":"O20","height":39,"airport":"CIAL"},"geometry":{"type":"Polygon","coordinates":[[[76.55001531038167,10.1101678860122],[76.55001530965761,10.101488648758425],[76.5500153095598,10.100002019569555],[76.54902311887889,10.100002020135465],[76.54043643189382,10.100002020128226],[76.53334863999076,10.100002019590693],[76.53334864008771,10.101488648925857],[76.53334864020671,10.110167886180976],[76.53334863966937,10.11666869009534],[76.54043643228803,10.11666868990824],[76.54902311886414,10.11666868957566],[76.55001530964566,10.116668689771084],[76.55001531038167,10.1101678860122]]]}},{"type":"Feature","properties":{"grid":"O21","height":39,"airport":"CIAL"},"geometry":{"type":"Polygon","coordinates":[[[76.56668197980754,10.110167885793237],[76.56668198028945,10.101488649226969],[76.56668198018839,10.100002020303402],[76.56619649074864,10.100002020092289],[76.55760980492197,10.100002020427478],[76.5500153095598,10.100002019569555],[76.55001530965761,10.101488648758425],[76.55001531038167,10.1101678860122],[76.55001530964566,10.116668689771084],[76.55760980542205,10.11666869007352],[76.56619649085816,10.116668689594361],[76.56668197980001,10.116668689776068],[76.56668197980754,10.110167885793237]]]}},{"type":"Feature","properties":{"grid":"O22","height":39,"airport":"CIAL"},"geometry":{"type":"Polygon","coordinates":[[[76.58334864989185,10.110167886389007],[76.5833486497322,10.101488649405498],[76.58334864962113,10.100002019962133],[76.57478317709317,10.100002020026102],[76.56668198018839,10.100002020303402],[76.56668198028945,10.101488649226969],[76.56668197980754,10.110167885793237],[76.56668197980001,10.116668689776068],[76.57478317682369,10.116668689934208],[76.58334864971084,10.116668690079745],[76.58334864989185,10.110167886389007]]]}},{"type":"Feature","properties":{"grid":"O23","height":39,"airport":"CIAL"},"geometry":{"type":"Polygon","coordinates":[[[76.60001532020398,10.110167885960337],[76.600015320301,10.101488649250063],[76.60001532018194,10.100002020310042],[76.5919565496891,10.100002019786423],[76.58336986377307,10.10000202022526],[76.58334864962113,10.100002019962133],[76.5833486497322,10.101488649405498],[76.58334864989185,10.110167886389007],[76.58334864971084,10.116668690079745],[76.58336986404422,10.116668690180859],[76.59195654960003,10.116668690343873],[76.6000153198645,10.116668689742735],[76.60001532020398,10.110167885960337]]]}},{"type":"Feature","properties":{"grid":"P1","height":39,"airport":"CIAL"},"geometry":{"type":"Polygon","coordinates":[[[76.23334858030303,10.092809410659115],[76.23334857984315,10.084130174111502],[76.2333485804457,10.083335350361297],[76.23131572609475,10.083335350011378],[76.22272903977894,10.083335349789413],[76.21668191001442,10.08333535034934],[76.21668190958822,10.08413017424969],[76.21668190958383,10.092809411175477],[76.2166819102954,10.100002019773244],[76.22272904021149,10.100002019994825],[76.23131572602051,10.100002020305542],[76.23334858008835,10.100002020392216],[76.23334858030303,10.092809410659115]]]}},{"type":"Feature","properties":{"grid":"P2","height":39,"airport":"CIAL"},"geometry":{"type":"Polygon","coordinates":[[[76.25001525003967,10.09280941112938],[76.25001525001015,10.084130173842649],[76.25001524987563,10.083335350309616],[76.24848909860148,10.083335350082859],[76.2399024127339,10.083335350108994],[76.2333485804457,10.083335350361297],[76.23334857984315,10.084130174111502],[76.23334858030303,10.092809410659115],[76.23334858008835,10.100002020392216],[76.23990241307101,10.100002020134477],[76.24848909935899,10.100002020389853],[76.25001524981349,10.100002019610395],[76.25001525003967,10.09280941112938]]]}},{"type":"Feature","properties":{"grid":"P3","height":39,"airport":"CIAL"},"geometry":{"type":"Polygon","coordinates":[[[76.26668192019055,10.092809410746678],[76.26668191967131,10.084130174323132],[76.26668191970762,10.083335350163225],[76.2656624709422,10.083335349634135],[76.25707578534005,10.083335349923216],[76.25001524987563,10.083335350309616],[76.25001525001015,10.084130173842649],[76.25001525003967,10.09280941112938],[76.25001524981349,10.100002019610395],[76.25707578469866,10.100002020164625],[76.2656624707361,10.100002020353234],[76.26668191997254,10.100002020112752],[76.26668192019055,10.092809410746678]]]}},{"type":"Feature","properties":{"grid":"P4","height":39,"airport":"CIAL"},"geometry":{"type":"Polygon","coordinates":[[[76.28334859034142,10.092809411294818],[76.28334859022299,10.084130173712886],[76.28334859043262,10.083335349893972],[76.28283584440196,10.083335350440116],[76.27424915796647,10.08333535010649],[76.26668191970762,10.083335350163225],[76.26668191967131,10.084130174323132],[76.26668192019055,10.092809410746678],[76.26668191997254,10.100002020112752],[76.2742491581979,10.100002020044963],[76.28283584416775,10.100002020151683],[76.28334859013741,10.10000202006611],[76.28334859034142,10.092809411294818]]]}},{"type":"Feature","properties":{"grid":"P5","height":39,"airport":"CIAL"},"geometry":{"type":"Polygon","coordinates":[[[76.30001526006377,10.092809410940433],[76.30001526033828,10.084130173798961],[76.3000152598078,10.083335350388195],[76.30000921659823,10.083335349768241],[76.29142253006268,10.083335349727905],[76.28334859043262,10.083335349893972],[76.28334859022299,10.084130173712886],[76.28334859034142,10.092809411294818],[76.28334859013741,10.10000202006611],[76.29142253028466,10.100002019759188],[76.30000921728234,10.100002019765174],[76.3000152598904,10.100002020349802],[76.30001526006377,10.092809410940433]]]}},{"type":"Feature","properties":{"grid":"P6","height":39,"airport":"CIAL"},"geometry":{"type":"Polygon","coordinates":[[[76.31668192985225,10.09280941055893],[76.31668192959208,10.084130173651959],[76.31668193014167,10.083335349801539],[76.30859590291017,10.08333534965747],[76.3000152598078,10.083335350388195],[76.30001526033828,10.084130173798961],[76.30001526006377,10.092809410940433],[76.3000152598904,10.100002020349802],[76.30859590315345,10.100002020173788],[76.31668192971918,10.10000202003075],[76.31668192985225,10.09280941055893]]]}},{"type":"Feature","properties":{"grid":"P7","height":39,"airport":"CIAL"},"geometry":{"type":"Polygon","coordinates":[[[76.33334860020162,10.092809411025264],[76.33334860030378,10.084130174139602],[76.33334860010744,10.083335349920434],[76.32576927504954,10.083335349871296],[76.31718258881972,10.08333535029685],[76.31668193014167,10.083335349801539],[76.31668192959208,10.084130173651959],[76.31668192985225,10.09280941055893],[76.31668192971918,10.10000202003075],[76.31718258862442,10.1000020200743],[76.32576927534151,10.1000020203606],[76.33334860011853,10.100002019983865],[76.33334860020162,10.092809411025264]]]}},{"type":"Feature","properties":{"grid":"P8","height":39,"airport":"CIAL"},"geometry":{"type":"Polygon","coordinates":[[[76.35001526977426,10.092809411412944],[76.3500152702232,10.084130174339078],[76.35001527019226,10.083335349811115],[76.34294264775866,10.083335350334284],[76.334355962337,10.083335350182516],[76.33334860010744,10.083335349920434],[76.33334860030378,10.084130174139602],[76.33334860020162,10.092809411025264],[76.33334860011853,10.100002019983865],[76.33435596220612,10.100002020129036],[76.3429426481271,10.10000202028448],[76.35001526975469,10.10000202018692],[76.35001526977426,10.092809411412944]]]}},{"type":"Feature","properties":{"grid":"P9","height":49,"airport":"CIAL"},"geometry":{"type":"Polygon","coordinates":[[[76.36668193996978,10.092809410784128],[76.36668193984104,10.084130174220501],[76.36668193997818,10.083335350351563],[76.36011601957424,10.083335350117746],[76.35152933386938,10.083335350312492],[76.35001527019226,10.083335349811115],[76.3500152702232,10.084130174339078],[76.35001526977426,10.092809411412944],[76.35001526975469,10.10000202018692],[76.35152933383077,10.100002019915998],[76.36011602005098,10.100002019920927],[76.36668194002748,10.100002019702005],[76.36668193996978,10.092809410784128]]]}},{"type":"Feature","properties":{"grid":"P10","height":49,"airport":"CIAL"},"geometry":{"type":"Polygon","coordinates":[[[76.38334861037418,10.092809410920568],[76.38334860964795,10.084130173753605],[76.38334860994827,10.08333534970309],[76.37728939269014,10.083335350086111],[76.36870270742807,10.083335349735645],[76.36668193997818,10.083335350351563],[76.36668193984104,10.084130174220501],[76.36668193996978,10.092809410784128],[76.36668194002748,10.100002019702005],[76.3687027066053,10.100002020296133],[76.37728939330754,10.100002020134255],[76.38334860961062,10.100002020314678],[76.38334861037418,10.092809410920568]]]}},{"type":"Feature","properties":{"grid":"P11","height":49,"airport":"CIAL"},"geometry":{"type":"Polygon","coordinates":[[[76.40001527964964,10.092809410895036],[76.40001528013843,10.084130173811792],[76.40001527968836,10.083335349647198],[76.3944627656468,10.083335350214133],[76.38587607882387,10.083335350246681],[76.38334860994827,10.08333534970309],[76.38334860964795,10.084130173753605],[76.38334861037418,10.092809410920568],[76.38334860961062,10.100002020314678],[76.38587607906662,10.100002020340169],[76.39446276643366,10.100002019995001],[76.40001527989997,10.100002020182018],[76.40001527964964,10.092809410895036]]]}},{"type":"Feature","properties":{"grid":"P12","height":49,"airport":"CIAL"},"geometry":{"type":"Polygon","coordinates":[[[76.4166819501118,10.092809410668746],[76.41668194997835,10.084130174371701],[76.41668194968916,10.083335350152801],[76.41163613789301,10.083335349568399],[76.40304945206398,10.083335349989097],[76.40001527968836,10.083335349647198],[76.40001528013843,10.084130173811792],[76.40001527964964,10.092809410895036],[76.40001527989997,10.100002020182018],[76.40304945158029,10.100002020015172],[76.41163613797394,10.100002020382012],[76.4166819495654,10.100002020184808],[76.4166819501118,10.092809410668746]]]}},{"type":"Feature","properties":{"grid":"P13","height":49,"airport":"CIAL"},"geometry":{"type":"Polygon","coordinates":[[[76.43334862043051,10.092809411122145],[76.43334861965033,10.08413017359362],[76.43334862043724,10.083335350284253],[76.42880951071419,10.083335349919922],[76.42022282386775,10.083335349849145],[76.41668194968916,10.083335350152801],[76.41668194997835,10.084130174371701],[76.4166819501118,10.092809410668746],[76.4166819495654,10.100002020184808],[76.42022282360335,10.100002020195863],[76.42880951102735,10.100002020345867],[76.43334862001028,10.10000202028766],[76.43334862043051,10.092809411122145]]]}},{"type":"Feature","properties":{"grid":"P14","height":49,"airport":"CIAL"},"geometry":{"type":"Polygon","coordinates":[[[76.45001529018013,10.092809411323191],[76.4500152896568,10.084130174158256],[76.45001528968588,10.083335350021612],[76.44598288264673,10.083335350338407],[76.43739619733746,10.083335349781372],[76.43334862043724,10.083335350284253],[76.43334861965033,10.08413017359362],[76.43334862043051,10.092809411122145],[76.43334862001028,10.10000202028766],[76.43739619732222,10.100002019936362],[76.44598288322194,10.100002019864334],[76.45001528989657,10.100002019562433],[76.45001529018013,10.092809411323191]]]}},{"type":"Feature","properties":{"grid":"P15","height":49,"airport":"CIAL"},"geometry":{"type":"Polygon","coordinates":[[[76.46668195985126,10.09280941123976],[76.46668195956786,10.084130174229033],[76.46668195975433,10.083335350228934],[76.46315625587634,10.083335349877396],[76.454569570101,10.083335349763408],[76.45001528968588,10.083335350021612],[76.4500152896568,10.084130174158256],[76.45001529018013,10.092809411323191],[76.45001528989657,10.100002019562433],[76.454569570369,10.10000202011843],[76.46315625583959,10.100002019803233],[76.46668195972315,10.100002019785299],[76.46668195985126,10.09280941123976]]]}},{"type":"Feature","properties":{"grid":"P16","height":49,"airport":"CIAL"},"geometry":{"type":"Polygon","coordinates":[[[76.48334862993445,10.092809410839251],[76.48334862987383,10.084130173773408],[76.48334863021648,10.083335349973488],[76.48032962803897,10.0833353503225],[76.471742941611,10.083335349764862],[76.46668195975433,10.083335350228934],[76.46668195956786,10.084130174229033],[76.46668195985126,10.09280941123976],[76.46668195972315,10.100002019785299],[76.47174294219263,10.100002019807468],[76.4803296283333,10.100002020131768],[76.48334862997677,10.10000202001943],[76.48334862993445,10.092809410839251]]]}},{"type":"Feature","properties":{"grid":"P17","height":49,"airport":"CIAL"},"geometry":{"type":"Polygon","coordinates":[[[76.500015300012,10.092809410996937],[76.50001530015675,10.08413017366666],[76.50001529974206,10.083335350134668],[76.49750300131602,10.083335349822098],[76.4889163149695,10.083335349738586],[76.48334863021648,10.083335349973488],[76.48334862987383,10.084130173773408],[76.48334862993445,10.092809410839251],[76.48334862997677,10.10000202001943],[76.4889163149874,10.100002019864515],[76.49750300106423,10.100002019910555],[76.50001530023575,10.10000202023594],[76.500015300012,10.092809410996937]]]}},{"type":"Feature","properties":{"grid":"P18","height":149,"airport":"CIAL"},"geometry":{"type":"Polygon","coordinates":[[[76.51668196965785,10.092809410779475],[76.51668196999465,10.084130173879648],[76.51668196972955,10.083335349770987],[76.51467637334355,10.083335350161256],[76.5060896868919,10.083335349665534],[76.50001529974206,10.083335350134668],[76.50001530015675,10.08413017366666],[76.500015300012,10.092809410996937],[76.50001530023575,10.10000202023594],[76.50608968729378,10.100002020262318],[76.51467637257699,10.1000020200164],[76.51668197007831,10.100002020405622],[76.51668196965785,10.092809410779475]]]}},{"type":"Feature","properties":{"grid":"P19","height":149,"airport":"CIAL"},"geometry":{"type":"Polygon","coordinates":[[[76.53334864027904,10.092809411053114],[76.53334863987781,10.08413017437873],[76.533348639761,10.083335349757014],[76.5318497463069,10.08333535039154],[76.52326305957195,10.083335350405827],[76.51668196972955,10.083335349770987],[76.51668196999465,10.084130173879648],[76.51668196965785,10.092809410779475],[76.51668197007831,10.100002020405622],[76.5232630603852,10.100002020056696],[76.53184974597399,10.10000202040072],[76.53334863999076,10.100002019590693],[76.53334864027904,10.092809411053114]]]}},{"type":"Feature","properties":{"grid":"P20","height":119,"airport":"CIAL"},"geometry":{"type":"Polygon","coordinates":[[[76.5500153096246,10.092809410892356],[76.55001531029212,10.084130174225697],[76.55001531032663,10.083335350058706],[76.54902311874177,10.08333534958083],[76.54043643245357,10.083335350119123],[76.533348639761,10.083335349757014],[76.53334863987781,10.08413017437873],[76.53334864027904,10.092809411053114],[76.53334863999076,10.100002019590693],[76.54043643189382,10.100002020128226],[76.54902311887889,10.100002020135465],[76.5500153095598,10.100002019569555],[76.5500153096246,10.092809410892356]]]}},{"type":"Feature","properties":{"grid":"P21","height":119,"airport":"CIAL"},"geometry":{"type":"Polygon","coordinates":[[[76.5666819800139,10.092809411158338],[76.56668197990732,10.08413017429881],[76.56668198008757,10.083335349746037],[76.56619649102576,10.083335350404717],[76.55760980499332,10.083335349677212],[76.55001531032663,10.083335350058706],[76.55001531029212,10.084130174225697],[76.5500153096246,10.092809410892356],[76.5500153095598,10.100002019569555],[76.55760980492197,10.100002020427478],[76.56619649074864,10.100002020092289],[76.56668198018839,10.100002020303402],[76.5666819800139,10.092809411158338]]]}},{"type":"Feature","properties":{"grid":"P22","height":149,"airport":"CIAL"},"geometry":{"type":"Polygon","coordinates":[[[76.5833486501081,10.092809410920735],[76.58334865012145,10.084130173654886],[76.58334865045052,10.08333534968407],[76.57478317664787,10.08333534995155],[76.56668198008757,10.083335349746037],[76.56668197990732,10.08413017429881],[76.5666819800139,10.092809411158338],[76.56668198018839,10.100002020303402],[76.57478317709317,10.100002020026102],[76.58334864962113,10.100002019962133],[76.5833486501081,10.092809410920735]]]}},{"type":"Feature","properties":{"grid":"P23","height":149,"airport":"CIAL"},"geometry":{"type":"Polygon","coordinates":[[[76.6000153204019,10.092809411048444],[76.60001531960867,10.084130174075696],[76.60001532008089,10.083335349846365],[76.59195654960212,10.083335349991902],[76.58336986442283,10.083335350109234],[76.58334865045052,10.08333534968407],[76.58334865012145,10.084130173654886],[76.5833486501081,10.092809410920735],[76.58334864962113,10.100002019962133],[76.58336986377307,10.10000202022526],[76.5919565496891,10.100002019786423],[76.60001532018194,10.100002020310042],[76.6000153204019,10.092809411048444]]]}},{"type":"Feature","properties":{"grid":"Q1","height":149,"airport":"CIAL"},"geometry":{"type":"Polygon","coordinates":[[[76.233348580141,10.075450935932576],[76.2333485802951,10.066771698842066],[76.23334857962632,10.066668679699871],[76.23131572573698,10.066668679985643],[76.2227290400164,10.066668679837582],[76.21668190989092,10.06666868026913],[76.21668190983057,10.06677169911548],[76.21668190996986,10.075450935688371],[76.21668191001442,10.08333535034934],[76.22272903977894,10.083335349789413],[76.23131572609475,10.083335350011378],[76.2333485804457,10.083335350361297],[76.233348580141,10.075450935932576]]]}},{"type":"Feature","properties":{"grid":"Q2","height":149,"airport":"CIAL"},"geometry":{"type":"Polygon","coordinates":[[[76.25001525020983,10.075450935836555],[76.25001524973392,10.066771698926614],[76.25001525016415,10.066668680394233],[76.24848909885787,10.066668680060566],[76.23990241268773,10.066668680360063],[76.23334857962632,10.066668679699871],[76.2333485802951,10.066771698842066],[76.233348580141,10.075450935932576],[76.2333485804457,10.083335350361297],[76.2399024127339,10.083335350108994],[76.24848909860148,10.083335350082859],[76.25001524987563,10.083335350309616],[76.25001525020983,10.075450935836555]]]}},{"type":"Feature","properties":{"grid":"Q3","height":149,"airport":"CIAL"},"geometry":{"type":"Polygon","coordinates":[[[76.2666819197582,10.07545093628033],[76.26668191955012,10.066771699338036],[76.26668192015984,10.066668679618637],[76.26566247087426,10.066668680130924],[76.25707578498087,10.066668679985145],[76.25001525016415,10.066668680394233],[76.25001524973392,10.066771698926614],[76.25001525020983,10.075450935836555],[76.25001524987563,10.083335350309616],[76.25707578534005,10.083335349923216],[76.2656624709422,10.083335349634135],[76.26668191970762,10.083335350163225],[76.2666819197582,10.07545093628033]]]}},{"type":"Feature","properties":{"grid":"Q4","height":149,"airport":"CIAL"},"geometry":{"type":"Polygon","coordinates":[[[76.28334859018584,10.075450936328092],[76.28334859023076,10.066771699143995],[76.28334859011446,10.066668680057806],[76.28283584397606,10.066668680159793],[76.27424915817686,10.06666867958379],[76.26668192015984,10.066668679618637],[76.26668191955012,10.066771699338036],[76.2666819197582,10.07545093628033],[76.26668191970762,10.083335350163225],[76.27424915796647,10.08333535010649],[76.28283584440196,10.083335350440116],[76.28334859043262,10.083335349893972],[76.28334859018584,10.075450936328092]]]}},{"type":"Feature","properties":{"grid":"Q5","height":149,"airport":"CIAL"},"geometry":{"type":"Polygon","coordinates":[[[76.30001526015856,10.075450935958447],[76.30001526044506,10.066771699227315],[76.30001525959906,10.066668679878433],[76.30000921670359,10.066668680123758],[76.29142252990715,10.06666868004056],[76.28334859011446,10.066668680057806],[76.28334859023076,10.066771699143995],[76.28334859018584,10.075450936328092],[76.28334859043262,10.083335349893972],[76.29142253006268,10.083335349727905],[76.30000921659823,10.083335349768241],[76.3000152598078,10.083335350388195],[76.30001526015856,10.075450935958447]]]}},{"type":"Feature","properties":{"grid":"Q6","height":149,"airport":"CIAL"},"geometry":{"type":"Polygon","coordinates":[[[76.31668193017063,10.075450936046844],[76.31668192976755,10.06677169865867],[76.31668193002014,10.066668679952349],[76.30859590327054,10.066668680409986],[76.30001525959906,10.066668679878433],[76.30001526044506,10.066771699227315],[76.30001526015856,10.075450935958447],[76.3000152598078,10.083335350388195],[76.30859590291017,10.08333534965747],[76.31668193014167,10.083335349801539],[76.31668193017063,10.075450936046844]]]}},{"type":"Feature","properties":{"grid":"Q7","height":49,"airport":"CIAL"},"geometry":{"type":"Polygon","coordinates":[[[76.33334859979668,10.07545093566353],[76.33334859960836,10.066771699213733],[76.33334860004332,10.066668680257608],[76.32576927497877,10.066668679771192],[76.31718258942188,10.06666867999204],[76.31668193002014,10.066668679952349],[76.31668192976755,10.06677169865867],[76.31668193017063,10.075450936046844],[76.31668193014167,10.083335349801539],[76.31718258881972,10.08333535029685],[76.32576927504954,10.083335349871296],[76.33334860010744,10.083335349920434],[76.33334859979668,10.07545093566353]]]}},{"type":"Feature","properties":{"grid":"Q8","height":49,"airport":"CIAL"},"geometry":{"type":"Polygon","coordinates":[[[76.35001527044334,10.075450935679465],[76.35001527045053,10.066771699054463],[76.35001527015535,10.066668679860477],[76.34294264814129,10.066668679890299],[76.33435596158353,10.066668679737079],[76.33334860004332,10.066668680257608],[76.33334859960836,10.066771699213733],[76.33334859979668,10.07545093566353],[76.33334860010744,10.083335349920434],[76.334355962337,10.083335350182516],[76.34294264775866,10.083335350334284],[76.35001527019226,10.083335349811115],[76.35001527044334,10.075450935679465]]]}},{"type":"Feature","properties":{"grid":"Q9","height":49,"airport":"CIAL"},"geometry":{"type":"Polygon","coordinates":[[[76.36668193986402,10.075450936075857],[76.36668194005098,10.066771699066301],[76.36668193993785,10.066668679639003],[76.36011602038224,10.066668679842266],[76.35152933355724,10.066668680231505],[76.35001527015535,10.066668679860477],[76.35001527045053,10.066771699054463],[76.35001527044334,10.075450935679465],[76.35001527019226,10.083335349811115],[76.35152933386938,10.083335350312492],[76.36011601957424,10.083335350117746],[76.36668193997818,10.083335350351563],[76.36668193986402,10.075450936075857]]]}},{"type":"Feature","properties":{"grid":"Q10","height":49,"airport":"CIAL"},"geometry":{"type":"Polygon","coordinates":[[[76.38334861037026,10.075450935910728],[76.38334860981237,10.066771699215307],[76.38334860988115,10.066668679562916],[76.37728939297878,10.066668679591164],[76.36870270661278,10.066668679631121],[76.36668193993785,10.066668679639003],[76.36668194005098,10.066771699066301],[76.36668193986402,10.075450936075857],[76.36668193997818,10.083335350351563],[76.36870270742807,10.083335349735645],[76.37728939269014,10.083335350086111],[76.38334860994827,10.08333534970309],[76.38334861037026,10.075450935910728]]]}},{"type":"Feature","properties":{"grid":"Q11","height":49,"airport":"CIAL"},"geometry":{"type":"Polygon","coordinates":[[[76.40001527971911,10.075450936068984],[76.40001528022115,10.066771698566601],[76.4000152795632,10.066668679605412],[76.39446276629964,10.066668680008467],[76.38587607929779,10.066668679719294],[76.38334860988115,10.066668679562916],[76.38334860981237,10.066771699215307],[76.38334861037026,10.075450935910728],[76.38334860994827,10.08333534970309],[76.38587607882387,10.083335350246681],[76.3944627656468,10.083335350214133],[76.40001527968836,10.083335349647198],[76.40001527971911,10.075450936068984]]]}},{"type":"Feature","properties":{"grid":"Q12","height":49,"airport":"CIAL"},"geometry":{"type":"Polygon","coordinates":[[[76.41668195022186,10.075450935607748],[76.41668194995053,10.066771698905205],[76.41668195038653,10.066668679731539],[76.41163613796866,10.066668680168426],[76.40304945197326,10.066668679559015],[76.4000152795632,10.066668679605412],[76.40001528022115,10.066771698566601],[76.40001527971911,10.075450936068984],[76.40001527968836,10.083335349647198],[76.40304945206398,10.083335349989097],[76.41163613789301,10.083335349568399],[76.41668194968916,10.083335350152801],[76.41668195022186,10.075450935607748]]]}},{"type":"Feature","properties":{"grid":"Q13","height":49,"airport":"CIAL"},"geometry":{"type":"Polygon","coordinates":[[[76.43334861963963,10.075450936315638],[76.43334862039917,10.066771699291678],[76.43334862010425,10.066668679921584],[76.42880951108756,10.066668680025995],[76.4202228240955,10.066668680025085],[76.41668195038653,10.066668679731539],[76.41668194995053,10.066771698905205],[76.41668195022186,10.075450935607748],[76.41668194968916,10.083335350152801],[76.42022282386775,10.083335349849145],[76.42880951071419,10.083335349919922],[76.43334862043724,10.083335350284253],[76.43334861963963,10.075450936315638]]]}},{"type":"Feature","properties":{"grid":"Q14","height":49,"airport":"CIAL"},"geometry":{"type":"Polygon","coordinates":[[[76.45001529027954,10.075450936344616],[76.45001529022848,10.066771698797957],[76.45001529011884,10.066668680139925],[76.44598288328393,10.066668679559008],[76.43739619693766,10.066668680175757],[76.43334862010425,10.066668679921584],[76.43334862039917,10.066771699291678],[76.43334861963963,10.075450936315638],[76.43334862043724,10.083335350284253],[76.43739619733746,10.083335349781372],[76.44598288264673,10.083335350338407],[76.45001528968588,10.083335350021612],[76.45001529027954,10.075450936344616]]]}},{"type":"Feature","properties":{"grid":"Q15","height":49,"airport":"CIAL"},"geometry":{"type":"Polygon","coordinates":[[[76.46668195989467,10.075450935674493],[76.46668195993652,10.06677169920031],[76.46668196000802,10.0666686803584],[76.46315625583873,10.06666867963343],[76.45456956995191,10.066668679980786],[76.45001529011884,10.066668680139925],[76.45001529022848,10.066771698797957],[76.45001529027954,10.075450936344616],[76.45001528968588,10.083335350021612],[76.454569570101,10.083335349763408],[76.46315625587634,10.083335349877396],[76.46668195975433,10.083335350228934],[76.46668195989467,10.075450935674493]]]}},{"type":"Feature","properties":{"grid":"Q16","height":49,"airport":"CIAL"},"geometry":{"type":"Polygon","coordinates":[[[76.48334862989574,10.075450936077074],[76.48334863000521,10.066771698657897],[76.48334863025767,10.066668679640351],[76.48032962820423,10.066668680218516],[76.47174294168228,10.066668680317918],[76.46668196000802,10.0666686803584],[76.46668195993652,10.06677169920031],[76.46668195989467,10.075450935674493],[76.46668195975433,10.083335350228934],[76.471742941611,10.083335349764862],[76.48032962803897,10.0833353503225],[76.48334863021648,10.083335349973488],[76.48334862989574,10.075450936077074]]]}},{"type":"Feature","properties":{"grid":"Q17","height":149,"airport":"CIAL"},"geometry":{"type":"Polygon","coordinates":[[[76.50001529985235,10.075450935715196],[76.50001530002035,10.066771698950207],[76.50001530045358,10.066668679765238],[76.49750300074089,10.066668680375027],[76.48891631522618,10.066668680235951],[76.48334863025767,10.066668679640351],[76.48334863000521,10.066771698657897],[76.48334862989574,10.075450936077074],[76.48334863021648,10.083335349973488],[76.4889163149695,10.083335349738586],[76.49750300131602,10.083335349822098],[76.50001529974206,10.083335350134668],[76.50001529985235,10.075450935715196]]]}},{"type":"Feature","properties":{"grid":"Q18","height":149,"airport":"CIAL"},"geometry":{"type":"Polygon","coordinates":[[[76.51668197026291,10.075450936363879],[76.51668196955546,10.066771699143986],[76.51668197016929,10.066668679799863],[76.51467637290071,10.066668680071544],[76.50608968729867,10.066668679715848],[76.50001530045358,10.066668679765238],[76.50001530002035,10.066771698950207],[76.50001529985235,10.075450935715196],[76.50001529974206,10.083335350134668],[76.5060896868919,10.083335349665534],[76.51467637334355,10.083335350161256],[76.51668196972955,10.083335349770987],[76.51668197026291,10.075450936363879]]]}},{"type":"Feature","properties":{"grid":"Q19","height":149,"airport":"CIAL"},"geometry":{"type":"Polygon","coordinates":[[[76.53334863978444,10.075450936189549],[76.53334864001266,10.066771699201443],[76.53334863989461,10.066668679710611],[76.53184974596459,10.066668680172105],[76.52326306009303,10.066668679617857],[76.51668197016929,10.066668679799863],[76.51668196955546,10.066771699143986],[76.51668197026291,10.075450936363879],[76.51668196972955,10.083335349770987],[76.52326305957195,10.083335350405827],[76.5318497463069,10.08333535039154],[76.533348639761,10.083335349757014],[76.53334863978444,10.075450936189549]]]}},{"type":"Feature","properties":{"grid":"Q20","height":149,"airport":"CIAL"},"geometry":{"type":"Polygon","coordinates":[[[76.55001530982346,10.075450936058143],[76.55001531005713,10.066771699096972],[76.55001531012365,10.066668680367608],[76.54902311938028,10.066668679740324],[76.54043643214902,10.06666867991416],[76.53334863989461,10.066668679710611],[76.53334864001266,10.066771699201443],[76.53334863978444,10.075450936189549],[76.533348639761,10.083335349757014],[76.54043643245357,10.083335350119123],[76.54902311874177,10.08333534958083],[76.55001531032663,10.083335350058706],[76.55001530982346,10.075450936058143]]]}},{"type":"Feature","properties":{"grid":"Q21","height":149,"airport":"CIAL"},"geometry":{"type":"Polygon","coordinates":[[[76.56668197995755,10.075450935939514],[76.56668198017859,10.066771698796254],[76.56668198042522,10.066668679932443],[76.56619649077942,10.06666867965643],[76.55760980473896,10.066668679659868],[76.55001531012365,10.066668680367608],[76.55001531005713,10.066771699096972],[76.55001530982346,10.075450936058143],[76.55001531032663,10.083335350058706],[76.55760980499332,10.083335349677212],[76.56619649102576,10.083335350404717],[76.56668198008757,10.083335349746037],[76.56668197995755,10.075450935939514]]]}},{"type":"Feature","properties":{"grid":"Q22","height":149,"airport":"CIAL"},"geometry":{"type":"Polygon","coordinates":[[[76.5833486497643,10.0754509358032],[76.5833486499588,10.066771699172987],[76.58334865038536,10.066668680182985],[76.57478317731908,10.066668679726394],[76.56668198042522,10.066668679932443],[76.56668198017859,10.066771698796254],[76.56668197995755,10.075450935939514],[76.56668198008757,10.083335349746037],[76.57478317664787,10.08333534995155],[76.58334865045052,10.08333534968407],[76.5833486497643,10.0754509358032]]]}},{"type":"Feature","properties":{"grid":"Q23","height":149,"airport":"CIAL"},"geometry":{"type":"Polygon","coordinates":[[[76.60001531973359,10.075450935614096],[76.60001531988304,10.066771699287953],[76.60001531957707,10.066668680184426],[76.59195655025361,10.066668680076328],[76.58336986417542,10.066668679866101],[76.58334865038536,10.066668680182985],[76.5833486499588,10.066771699172987],[76.5833486497643,10.0754509358032],[76.58334865045052,10.08333534968407],[76.58336986442283,10.083335350109234],[76.59195654960212,10.083335349991902],[76.60001532008089,10.083335349846365],[76.60001531973359,10.075450935614096]]]}},{"type":"Feature","properties":{"grid":"R1","height":149,"airport":"CIAL"},"geometry":{"type":"Polygon","coordinates":[[[76.23334858030277,10.058092461939314],[76.23334858037954,10.050002010231598],[76.23131572586482,10.05000201025029],[76.22272904001652,10.050002010168082],[76.21668190993006,10.05000200955798],[76.21668191007339,10.058092461818458],[76.21668190989092,10.06666868026913],[76.2227290400164,10.066668679837582],[76.23131572573698,10.066668679985643],[76.23334857962632,10.066668679699871],[76.23334858030277,10.058092461939314]]]}},{"type":"Feature","properties":{"grid":"R2","height":149,"airport":"CIAL"},"geometry":{"type":"Polygon","coordinates":[[[76.25001525040452,10.058092462205252],[76.25001524977193,10.050002009893015],[76.24848909922086,10.050002010351783],[76.23990241293419,10.050002010008793],[76.23334858037954,10.050002010231598],[76.23334858030277,10.058092461939314],[76.23334857962632,10.066668679699871],[76.23990241268773,10.066668680360063],[76.24848909885787,10.066668680060566],[76.25001525016415,10.066668680394233],[76.25001525040452,10.058092462205252]]]}},{"type":"Feature","properties":{"grid":"R3","height":149,"airport":"CIAL"},"geometry":{"type":"Polygon","coordinates":[[[76.26668191995316,10.058092461687885],[76.26668192042911,10.05000201031621],[76.26566247144287,10.05000201005695],[76.25707578545128,10.050002010368793],[76.25001524977193,10.050002009893015],[76.25001525040452,10.058092462205252],[76.25001525016415,10.066668680394233],[76.25707578498087,10.066668679985145],[76.26566247087426,10.066668680130924],[76.26668192015984,10.066668679618637],[76.26668191995316,10.058092461687885]]]}},{"type":"Feature","properties":{"grid":"R4","height":149,"airport":"CIAL"},"geometry":{"type":"Polygon","coordinates":[[[76.28334859035846,10.058092462164174],[76.28334859009718,10.050002009675106],[76.28283584381147,10.050002010236676],[76.27424915792906,10.050002010314117],[76.26668192042911,10.05000201031621],[76.26668191995316,10.058092461687885],[76.26668192015984,10.066668679618637],[76.27424915817686,10.06666867958379],[76.28283584397606,10.066668680159793],[76.28334859011446,10.066668680057806],[76.28334859035846,10.058092462164174]]]}},{"type":"Feature","properties":{"grid":"R5","height":149,"airport":"CIAL"},"geometry":{"type":"Polygon","coordinates":[[[76.30001526027893,10.058092461804263],[76.30001526018567,10.050002009746366],[76.30000921668777,10.05000200995635],[76.29142252981988,10.050002009818183],[76.28334859009718,10.050002009675106],[76.28334859035846,10.058092462164174],[76.28334859011446,10.066668680057806],[76.29142252990715,10.06666868004056],[76.30000921670359,10.066668680123758],[76.30001525959906,10.066668679878433],[76.30001526027893,10.058092461804263]]]}},{"type":"Feature","properties":{"grid":"R6","height":149,"airport":"CIAL"},"geometry":{"type":"Polygon","coordinates":[[[76.31668193021207,10.05809246238789],[76.31668193026884,10.050002009600519],[76.30859590331667,10.05000200974753],[76.30001526018567,10.050002009746366],[76.30001526027893,10.058092461804263],[76.30001525959906,10.066668679878433],[76.30859590327054,10.066668680409986],[76.31668193002014,10.066668679952349],[76.31668193021207,10.05809246238789]]]}},{"type":"Feature","properties":{"grid":"R7","height":149,"airport":"CIAL"},"geometry":{"type":"Polygon","coordinates":[[[76.33334859972847,10.058092462081136],[76.33334859992804,10.050002010116305],[76.3257692751347,10.05000201008548],[76.31718258861535,10.050002010096597],[76.31668193026884,10.050002009600519],[76.31668193021207,10.05809246238789],[76.31668193002014,10.066668679952349],[76.31718258942188,10.06666867999204],[76.32576927497877,10.066668679771192],[76.33334860004332,10.066668680257608],[76.33334859972847,10.058092462081136]]]}},{"type":"Feature","properties":{"grid":"R8","height":49,"airport":"CIAL"},"geometry":{"type":"Polygon","coordinates":[[[76.35001527023432,10.05809246175502],[76.35001526964967,10.050002010360098],[76.34294264837193,10.050002009885596],[76.33435596177983,10.050002009714767],[76.33334859992804,10.050002010116305],[76.33334859972847,10.058092462081136],[76.33334860004332,10.066668680257608],[76.33435596158353,10.066668679737079],[76.34294264814129,10.066668679890299],[76.35001527015535,10.066668679860477],[76.35001527023432,10.05809246175502]]]}},{"type":"Feature","properties":{"grid":"R9","height":49,"airport":"CIAL"},"geometry":{"type":"Polygon","coordinates":[[[76.36668194039883,10.058092462291201],[76.36668193992364,10.050002010301972],[76.36011601974724,10.050002010035039],[76.35152933381244,10.05000200969445],[76.35001526964967,10.050002010360098],[76.35001527023432,10.05809246175502],[76.35001527015535,10.066668679860477],[76.35152933355724,10.066668680231505],[76.36011602038224,10.066668679842266],[76.36668193993785,10.066668679639003],[76.36668194039883,10.058092462291201]]]}},{"type":"Feature","properties":{"grid":"R10","height":49,"airport":"CIAL"},"geometry":{"type":"Polygon","coordinates":[[[76.38334860979224,10.058092461854885],[76.38334861032749,10.050002009915405],[76.3772893932706,10.050002009582508],[76.36870270690237,10.050002009996254],[76.36668193992364,10.050002010301972],[76.36668194039883,10.058092462291201],[76.36668193993785,10.066668679639003],[76.36870270661278,10.066668679631121],[76.37728939297878,10.066668679591164],[76.38334860988115,10.066668679562916],[76.38334860979224,10.058092461854885]]]}},{"type":"Feature","properties":{"grid":"R11","height":49,"airport":"CIAL"},"geometry":{"type":"Polygon","coordinates":[[[76.40001527982456,10.058092462220069],[76.40001528044262,10.050002010077833],[76.39446276566481,10.050002010318757],[76.38587607867326,10.050002009694866],[76.38334861032749,10.050002009915405],[76.38334860979224,10.058092461854885],[76.38334860988115,10.066668679562916],[76.38587607929779,10.066668679719294],[76.39446276629964,10.066668680008467],[76.4000152795632,10.066668679605412],[76.40001527982456,10.058092462220069]]]}},{"type":"Feature","properties":{"grid":"R12","height":49,"airport":"CIAL"},"geometry":{"type":"Polygon","coordinates":[[[76.41668195006571,10.05809246155115],[76.41668194984268,10.050002009857973],[76.41163613819892,10.050002010398693],[76.40304945223032,10.050002009650242],[76.40001528044262,10.050002010077833],[76.40001527982456,10.058092462220069],[76.4000152795632,10.066668679605412],[76.40304945197326,10.066668679559015],[76.41163613796866,10.066668680168426],[76.41668195038653,10.066668679731539],[76.41668195006571,10.05809246155115]]]}},{"type":"Feature","properties":{"grid":"R13","height":49,"airport":"CIAL"},"geometry":{"type":"Polygon","coordinates":[[[76.43334862010113,10.058092461629055],[76.4333486199337,10.0500020101248],[76.42880951123706,10.05000200978882],[76.42022282428863,10.050002009844485],[76.41668194984268,10.050002009857973],[76.41668195006571,10.05809246155115],[76.41668195038653,10.066668679731539],[76.4202228240955,10.066668680025085],[76.42880951108756,10.066668680025995],[76.43334862010425,10.066668679921584],[76.43334862010113,10.058092461629055]]]}},{"type":"Feature","properties":{"grid":"R14","height":49,"airport":"CIAL"},"geometry":{"type":"Polygon","coordinates":[[[76.45001529042084,10.05809246242199],[76.45001529028912,10.05000200994632],[76.44598288332689,10.050002010271543],[76.43739619703713,10.050002010236282],[76.4333486199337,10.0500020101248],[76.43334862010113,10.058092461629055],[76.43334862010425,10.066668679921584],[76.43739619693766,10.066668680175757],[76.44598288328393,10.066668679559008],[76.45001529011884,10.066668680139925],[76.45001529042084,10.05809246242199]]]}},{"type":"Feature","properties":{"grid":"R15","height":119,"airport":"CIAL"},"geometry":{"type":"Polygon","coordinates":[[[76.46668195968202,10.058092462097548],[76.46668195957807,10.050002010202595],[76.4631562557369,10.050002010000336],[76.45456956992375,10.05000200989127],[76.45001529028912,10.05000200994632],[76.45001529042084,10.05809246242199],[76.45001529011884,10.066668680139925],[76.45456956995191,10.066668679980786],[76.46315625583873,10.06666867963343],[76.46668196000802,10.0666686803584],[76.46668195968202,10.058092462097548]]]}},{"type":"Feature","properties":{"grid":"R16","height":149,"airport":"CIAL"},"geometry":{"type":"Polygon","coordinates":[[[76.48334863020722,10.05809246242355],[76.4833486301107,10.05000200994899],[76.48032962792296,10.05000200984873],[76.47174294240432,10.050002009683187],[76.46668195957807,10.050002010202595],[76.46668195968202,10.058092462097548],[76.46668196000802,10.0666686803584],[76.47174294168228,10.066668680317918],[76.48032962820423,10.066668680218516],[76.48334863025767,10.066668679640351],[76.48334863020722,10.05809246242355]]]}},{"type":"Feature","properties":{"grid":"R17","height":149,"airport":"CIAL"},"geometry":{"type":"Polygon","coordinates":[[[76.500015299741,10.058092461571007],[76.50001529964379,10.050002010068988],[76.49750300116145,10.050002009777549],[76.48891631484301,10.050002009577215],[76.4833486301107,10.05000200994899],[76.48334863020722,10.05809246242355],[76.48334863025767,10.066668679640351],[76.48891631522618,10.066668680235951],[76.49750300074089,10.066668680375027],[76.50001530045358,10.066668679765238],[76.500015299741,10.058092461571007]]]}},{"type":"Feature","properties":{"grid":"R18","height":149,"airport":"CIAL"},"geometry":{"type":"Polygon","coordinates":[[[76.51668196969783,10.058092462215077],[76.51668196957502,10.050002009621217],[76.51467637307958,10.050002009763636],[76.50608968669577,10.050002010446363],[76.50001529964379,10.050002010068988],[76.500015299741,10.058092461571007],[76.50001530045358,10.066668679765238],[76.50608968729867,10.066668679715848],[76.51467637290071,10.066668680071544],[76.51668197016929,10.066668679799863],[76.51668196969783,10.058092462215077]]]}},{"type":"Feature","properties":{"grid":"R19","height":149,"airport":"CIAL"},"geometry":{"type":"Polygon","coordinates":[[[76.53334863964254,10.05809246161389],[76.53334864040225,10.050002010380286],[76.53184974586586,10.050002009762856],[76.52326306014285,10.050002010438313],[76.51668196957502,10.050002009621217],[76.51668196969783,10.058092462215077],[76.51668197016929,10.066668679799863],[76.52326306009303,10.066668679617857],[76.53184974596459,10.066668680172105],[76.53334863989461,10.066668679710611],[76.53334863964254,10.05809246161389]]]}},{"type":"Feature","properties":{"grid":"R20","height":149,"airport":"CIAL"},"geometry":{"type":"Polygon","coordinates":[[[76.55001531007744,10.058092462445819],[76.55001530986542,10.050002009612488],[76.54902311897195,10.050002009743016],[76.54043643190326,10.050002010437835],[76.53334864040225,10.050002010380286],[76.53334863964254,10.05809246161389],[76.53334863989461,10.066668679710611],[76.54043643214902,10.06666867991416],[76.54902311938028,10.066668679740324],[76.55001531012365,10.066668680367608],[76.55001531007744,10.058092462445819]]]}},{"type":"Feature","properties":{"grid":"R21","height":149,"airport":"CIAL"},"geometry":{"type":"Polygon","coordinates":[[[76.5666819796547,10.05809246197273],[76.56668198029121,10.050002009987475],[76.56619649093717,10.050002009675971],[76.55760980507767,10.050002010395778],[76.55001530986542,10.050002009612488],[76.55001531007744,10.058092462445819],[76.55001531012365,10.066668680367608],[76.55760980473896,10.066668679659868],[76.56619649077942,10.06666867965643],[76.56668198042522,10.066668679932443],[76.5666819796547,10.05809246197273]]]}},{"type":"Feature","properties":{"grid":"R22","height":149,"airport":"CIAL"},"geometry":{"type":"Polygon","coordinates":[[[76.58334864978468,10.058092461963863],[76.58334865033581,10.050002009670823],[76.57478317729314,10.05000201028804],[76.56668198029121,10.050002009987475],[76.5666819796547,10.05809246197273],[76.56668198042522,10.066668679932443],[76.57478317731908,10.066668679726394],[76.58334865038536,10.066668680182985],[76.58334864978468,10.058092461963863]]]}},{"type":"Feature","properties":{"grid":"R23","height":149,"airport":"CIAL"},"geometry":{"type":"Polygon","coordinates":[[[76.60001532004462,10.058092462388435],[76.60001531958503,10.05000201044017],[76.59195654982568,10.05000201007303],[76.58336986395426,10.050002010420144],[76.58334865033581,10.050002009670823],[76.58334864978468,10.058092461963863],[76.58334865038536,10.066668680182985],[76.58336986417542,10.066668679866101],[76.59195655025361,10.066668680076328],[76.60001531957707,10.066668680184426],[76.60001532004462,10.058092462388435]]]}},{"type":"Feature","properties":{"grid":"S1","height":149,"airport":"CIAL"},"geometry":{"type":"Polygon","coordinates":[[[76.23334858016132,10.04941322432364],[76.23334857987493,10.04073398690287],[76.23334857996639,10.033335340183571],[76.23131572556755,10.033335339929863],[76.22272903978103,10.033335339902077],[76.2166819101436,10.033335340049844],[76.21668190989006,10.040733986881662],[76.21668190978659,10.049413223804281],[76.21668190993006,10.05000200955798],[76.22272904001652,10.050002010168082],[76.23131572586482,10.05000201025029],[76.23334858037954,10.050002010231598],[76.23334858016132,10.04941322432364]]]}},{"type":"Feature","properties":{"grid":"S2","height":149,"airport":"CIAL"},"geometry":{"type":"Polygon","coordinates":[[[76.2500152503906,10.049413223874488],[76.2500152497034,10.040733986650586],[76.25001524962005,10.03333533973208],[76.24848909877986,10.033335340081056],[76.23990241256956,10.03333533998821],[76.23334857996639,10.033335340183571],[76.23334857987493,10.04073398690287],[76.23334858016132,10.04941322432364],[76.23334858037954,10.050002010231598],[76.23990241293419,10.050002010008793],[76.24848909922086,10.050002010351783],[76.25001524977193,10.050002009893015],[76.2500152503906,10.049413223874488]]]}},{"type":"Feature","properties":{"grid":"S3","height":149,"airport":"CIAL"},"geometry":{"type":"Polygon","coordinates":[[[76.26668192005918,10.049413224241155],[76.26668191986896,10.040733987001438],[76.26668191959786,10.033335339572039],[76.26566247083215,10.033335340348708],[76.25707578492822,10.033335340202166],[76.25001524962005,10.03333533973208],[76.2500152497034,10.040733986650586],[76.2500152503906,10.049413223874488],[76.25001524977193,10.050002009893015],[76.25707578545128,10.050002010368793],[76.26566247144287,10.05000201005695],[76.26668192042911,10.05000201031621],[76.26668192005918,10.049413224241155]]]}},{"type":"Feature","properties":{"grid":"S4","height":149,"airport":"CIAL"},"geometry":{"type":"Polygon","coordinates":[[[76.28334858965023,10.049413223587269],[76.2833485899458,10.040733987026679],[76.28334859038964,10.033335339675407],[76.2828358439099,10.03333533979181],[76.27424915813019,10.03333533960657],[76.26668191959786,10.033335339572039],[76.26668191986896,10.040733987001438],[76.26668192005918,10.049413224241155],[76.26668192042911,10.05000201031621],[76.27424915792906,10.050002010314117],[76.28283584381147,10.050002010236676],[76.28334859009718,10.050002009675106],[76.28334858965023,10.049413223587269]]]}},{"type":"Feature","properties":{"grid":"S5","height":149,"airport":"CIAL"},"geometry":{"type":"Polygon","coordinates":[[[76.30001525966097,10.049413223692866],[76.3000152604238,10.04073398669795],[76.30001525974832,10.03333534002441],[76.30000921655986,10.03333534019546],[76.29142252980986,10.03333533999028],[76.28334859038964,10.033335339675407],[76.2833485899458,10.040733987026679],[76.28334858965023,10.049413223587269],[76.28334859009718,10.050002009675106],[76.29142252981988,10.050002009818183],[76.30000921668777,10.05000200995635],[76.30001526018567,10.050002009746366],[76.30001525966097,10.049413223692866]]]}},{"type":"Feature","properties":{"grid":"S6","height":149,"airport":"CIAL"},"geometry":{"type":"Polygon","coordinates":[[[76.31668192966556,10.049413223628514],[76.31668192997182,10.040733986897896],[76.31668192998461,10.033335339679072],[76.30859590306498,10.033335340407943],[76.30001525974832,10.03333534002441],[76.3000152604238,10.04073398669795],[76.30001525966097,10.049413223692866],[76.30001526018567,10.050002009746366],[76.30859590331667,10.05000200974753],[76.31668193026884,10.050002009600519],[76.31668192966556,10.049413223628514]]]}},{"type":"Feature","properties":{"grid":"S7","height":149,"airport":"CIAL"},"geometry":{"type":"Polygon","coordinates":[[[76.33334860015778,10.04941322426931],[76.33334859998843,10.040733986689652],[76.3333485997709,10.033335340425946],[76.32576927460688,10.033335339938759],[76.31718258913908,10.03333533972055],[76.31668192998461,10.033335339679072],[76.31668192997182,10.040733986897896],[76.31668192966556,10.049413223628514],[76.31668193026884,10.050002009600519],[76.31718258861535,10.050002010096597],[76.3257692751347,10.05000201008548],[76.33334859992804,10.050002010116305],[76.33334860015778,10.04941322426931]]]}},{"type":"Feature","properties":{"grid":"S8","height":149,"airport":"CIAL"},"geometry":{"type":"Polygon","coordinates":[[[76.35001526979552,10.049413223784644],[76.35001527005475,10.040733986951619],[76.35001526958949,10.0333353404272],[76.3429426484562,10.033335340345293],[76.33435596201907,10.033335340144387],[76.3333485997709,10.033335340425946],[76.33334859998843,10.040733986689652],[76.33334860015778,10.04941322426931],[76.33334859992804,10.050002010116305],[76.33435596177983,10.050002009714767],[76.34294264837193,10.050002009885596],[76.35001526964967,10.050002010360098],[76.35001526979552,10.049413223784644]]]}},{"type":"Feature","properties":{"grid":"S9","height":149,"airport":"CIAL"},"geometry":{"type":"Polygon","coordinates":[[[76.36668193998852,10.049413223949458],[76.36668193974457,10.040733986753448],[76.36668193992985,10.033335339652993],[76.36011602040821,10.033335339805708],[76.351529333732,10.03333533963433],[76.35001526958949,10.0333353404272],[76.35001527005475,10.040733986951619],[76.35001526979552,10.049413223784644],[76.35001526964967,10.050002010360098],[76.35152933381244,10.05000200969445],[76.36011601974724,10.050002010035039],[76.36668193992364,10.050002010301972],[76.36668193998852,10.049413223949458]]]}},{"type":"Feature","properties":{"grid":"S10","height":149,"airport":"CIAL"},"geometry":{"type":"Polygon","coordinates":[[[76.3833486103106,10.049413223832989],[76.38334860955135,10.040733986969165],[76.38334861037681,10.033335339885232],[76.37728939265905,10.033335340088936],[76.36870270738628,10.03333533995576],[76.36668193992985,10.033335339652993],[76.36668193974457,10.040733986753448],[76.36668193998852,10.049413223949458],[76.36668193992364,10.050002010301972],[76.36870270690237,10.050002009996254],[76.3772893932706,10.050002009582508],[76.38334861032749,10.050002009915405],[76.3833486103106,10.049413223832989]]]}},{"type":"Feature","properties":{"grid":"S11","height":119,"airport":"CIAL"},"geometry":{"type":"Polygon","coordinates":[[[76.40001528034315,10.049413224312653],[76.40001527996093,10.040733986663982],[76.40001527959161,10.033335340196833],[76.39446276556897,10.033335340258162],[76.38587607878081,10.033335340190812],[76.38334861037681,10.033335339885232],[76.38334860955135,10.040733986969165],[76.3833486103106,10.049413223832989],[76.38334861032749,10.050002009915405],[76.38587607867326,10.050002009694866],[76.39446276566481,10.050002010318757],[76.40001528044262,10.050002010077833],[76.40001528034315,10.049413224312653]]]}},{"type":"Feature","properties":{"grid":"S12","height":119,"airport":"CIAL"},"geometry":{"type":"Polygon","coordinates":[[[76.41668194965591,10.049413223553035],[76.41668194964218,10.040733986718811],[76.41668194988429,10.033335339645067],[76.41163613767739,10.033335340288064],[76.4030494519287,10.033335340291638],[76.40001527959161,10.033335340196833],[76.40001527996093,10.040733986663982],[76.40001528034315,10.049413224312653],[76.40001528044262,10.050002010077833],[76.40304945223032,10.050002009650242],[76.41163613819892,10.050002010398693],[76.41668194984268,10.050002009857973],[76.41668194965591,10.049413223553035]]]}},{"type":"Feature","properties":{"grid":"S13","height":119,"airport":"CIAL"},"geometry":{"type":"Polygon","coordinates":[[[76.43334861966271,10.049413224231444],[76.43334861999705,10.04073398709846],[76.43334861992754,10.033335340014666],[76.42880951117269,10.033335340137505],[76.420222824457,10.033335340236485],[76.41668194988429,10.033335339645067],[76.41668194964218,10.040733986718811],[76.41668194965591,10.049413223553035],[76.41668194984268,10.050002009857973],[76.42022282428863,10.050002009844485],[76.42880951123706,10.05000200978882],[76.4333486199337,10.0500020101248],[76.43334861966271,10.049413224231444]]]}},{"type":"Feature","properties":{"grid":"S14","height":149,"airport":"CIAL"},"geometry":{"type":"Polygon","coordinates":[[[76.45001528992907,10.04941322360753],[76.45001528968648,10.040733986874931],[76.45001529020686,10.033335340369812],[76.4459828827697,10.033335339788362],[76.43739619672962,10.033335339991853],[76.43334861992754,10.033335340014666],[76.43334861999705,10.04073398709846],[76.43334861966271,10.049413224231444],[76.4333486199337,10.0500020101248],[76.43739619703713,10.050002010236282],[76.44598288332689,10.050002010271543],[76.45001529028912,10.05000200994632],[76.45001528992907,10.04941322360753]]]}},{"type":"Feature","properties":{"grid":"S15","height":149,"airport":"CIAL"},"geometry":{"type":"Polygon","coordinates":[[[76.4666819600444,10.049413224365676],[76.46668196011622,10.040733986916377],[76.4666819602952,10.033335339778267],[76.46315625557297,10.033335340098827],[76.45456957002659,10.033335340423914],[76.45001529020686,10.033335340369812],[76.45001528968648,10.040733986874931],[76.45001528992907,10.04941322360753],[76.45001529028912,10.05000200994632],[76.45456956992375,10.05000200989127],[76.4631562557369,10.050002010000336],[76.46668195957807,10.050002010202595],[76.4666819600444,10.049413224365676]]]}},{"type":"Feature","properties":{"grid":"S16","height":149,"airport":"CIAL"},"geometry":{"type":"Polygon","coordinates":[[[76.48334862957385,10.049413223765015],[76.4833486299512,10.040733987198376],[76.48334862977767,10.033335340020042],[76.48032962811773,10.033335340138033],[76.47174294196692,10.033335339701923],[76.4666819602952,10.033335339778267],[76.46668196011622,10.040733986916377],[76.4666819600444,10.049413224365676],[76.46668195957807,10.050002010202595],[76.47174294240432,10.050002009683187],[76.48032962792296,10.05000200984873],[76.4833486301107,10.05000200994899],[76.48334862957385,10.049413223765015]]]}},{"type":"Feature","properties":{"grid":"S17","height":149,"airport":"CIAL"},"geometry":{"type":"Polygon","coordinates":[[[76.50001529992743,10.049413223576982],[76.50001529967665,10.040733986784037],[76.50001530005167,10.03333534015412],[76.49750300076767,10.033335339870993],[76.48891631474686,10.03333533959139],[76.48334862977767,10.033335340020042],[76.4833486299512,10.040733987198376],[76.48334862957385,10.049413223765015],[76.4833486301107,10.05000200994899],[76.48891631484301,10.050002009577215],[76.49750300116145,10.050002009777549],[76.50001529964379,10.050002010068988],[76.50001529992743,10.049413223576982]]]}},{"type":"Feature","properties":{"grid":"S18","height":149,"airport":"CIAL"},"geometry":{"type":"Polygon","coordinates":[[[76.51668196977015,10.049413223776575],[76.51668196979018,10.0407339874485],[76.51668196978186,10.033335340155567],[76.51467637297831,10.03333534017058],[76.5060896869057,10.033335340065198],[76.50001530005167,10.03333534015412],[76.50001529967665,10.040733986784037],[76.50001529992743,10.049413223576982],[76.50001529964379,10.050002010068988],[76.50608968669577,10.050002010446363],[76.51467637307958,10.050002009763636],[76.51668196957502,10.050002009621217],[76.51668196977015,10.049413223776575]]]}},{"type":"Feature","properties":{"grid":"S19","height":149,"airport":"CIAL"},"geometry":{"type":"Polygon","coordinates":[[[76.53334863959151,10.049413224330252],[76.53334863986049,10.040733987354043],[76.53334864036952,10.033335339986706],[76.5318497460213,10.033335340092632],[76.52326305971512,10.033335340179494],[76.51668196978186,10.033335340155567],[76.51668196979018,10.0407339874485],[76.51668196977015,10.049413223776575],[76.51668196957502,10.050002009621217],[76.52326306014285,10.050002010438313],[76.53184974586586,10.050002009762856],[76.53334864040225,10.050002010380286],[76.53334863959151,10.049413224330252]]]}},{"type":"Feature","properties":{"grid":"S20","height":149,"airport":"CIAL"},"geometry":{"type":"Polygon","coordinates":[[[76.55001530987668,10.049413224299936],[76.55001531038096,10.040733987370874],[76.55001530956707,10.033335339626266],[76.54902311934781,10.033335339605031],[76.54043643171418,10.03333533990656],[76.53334864036952,10.033335339986706],[76.53334863986049,10.040733987354043],[76.53334863959151,10.049413224330252],[76.53334864040225,10.050002010380286],[76.54043643190326,10.050002010437835],[76.54902311897195,10.050002009743016],[76.55001530986542,10.050002009612488],[76.55001530987668,10.049413224299936]]]}},{"type":"Feature","properties":{"grid":"S21","height":149,"airport":"CIAL"},"geometry":{"type":"Polygon","coordinates":[[[76.56668198020267,10.049413223655542],[76.56668198001195,10.040733986569135],[76.56668197969219,10.03333533993567],[76.56619649058901,10.033335339588113],[76.55760980509504,10.033335340105637],[76.55001530956707,10.033335339626266],[76.55001531038096,10.040733987370874],[76.55001530987668,10.049413224299936],[76.55001530986542,10.050002009612488],[76.55760980507767,10.050002010395778],[76.56619649093717,10.050002009675971],[76.56668198029121,10.050002009987475],[76.56668198020267,10.049413223655542]]]}},{"type":"Feature","properties":{"grid":"S22","height":149,"airport":"CIAL"},"geometry":{"type":"Polygon","coordinates":[[[76.58334865015522,10.049413224174934],[76.58334865016344,10.040733986718152],[76.58334865031732,10.033335339980363],[76.57478317656799,10.033335339852831],[76.56668197969219,10.03333533993567],[76.56668198001195,10.040733986569135],[76.56668198020267,10.049413223655542],[76.56668198029121,10.050002009987475],[76.57478317729314,10.05000201028804],[76.58334865033581,10.050002009670823],[76.58334865015522,10.049413224174934]]]}},{"type":"Feature","properties":{"grid":"S23","height":149,"airport":"CIAL"},"geometry":{"type":"Polygon","coordinates":[[[76.60001532021485,10.049413224014872],[76.60001532040799,10.040733986883074],[76.6000153201069,10.033335339734057],[76.59195655014953,10.033335339997743],[76.58336986375716,10.03333533998769],[76.58334865031732,10.033335339980363],[76.58334865016344,10.040733986718152],[76.58334865015522,10.049413224174934],[76.58334865033581,10.050002009670823],[76.58336986395426,10.050002010420144],[76.59195654982568,10.05000201007303],[76.60001531958503,10.05000201044017],[76.60001532021485,10.049413224014872]]]}},{"type":"Feature","properties":{"grid":"T1","height":149,"airport":"CIAL"},"geometry":{"type":"Polygon","coordinates":[[[76.23334858035321,10.03205474877295],[76.2333485797791,10.023375511752773],[76.23334858021681,10.016668669574353],[76.23131572576612,10.016668669950603],[76.22272904023075,10.016668669965847],[76.21668190961755,10.016668669964949],[76.21668191034134,10.02337551180762],[76.21668191037772,10.032054749245715],[76.2166819101436,10.033335340049844],[76.22272903978103,10.033335339902077],[76.23131572556755,10.033335339929863],[76.23334857996639,10.033335340183571],[76.23334858035321,10.03205474877295]]]}},{"type":"Feature","properties":{"grid":"T2","height":149,"airport":"CIAL"},"geometry":{"type":"Polygon","coordinates":[[[76.25001525016137,10.032054748721773],[76.25001524994751,10.023375511907002],[76.25001524971371,10.016668669936813],[76.24848909936817,10.016668670171077],[76.23990241342364,10.016668670316843],[76.23334858021681,10.016668669574353],[76.2333485797791,10.023375511752773],[76.23334858035321,10.03205474877295],[76.23334857996639,10.033335340183571],[76.23990241256956,10.03333533998821],[76.24848909877986,10.033335340081056],[76.25001524962005,10.03333533973208],[76.25001525016137,10.032054748721773]]]}},{"type":"Feature","properties":{"grid":"T3","height":149,"airport":"CIAL"},"geometry":{"type":"Polygon","coordinates":[[[76.26668192029207,10.03205474906457],[76.26668192042395,10.0233755122461],[76.26668192041888,10.01666867011369],[76.26566247086856,10.016668670120323],[76.25707578524516,10.016668670407928],[76.25001524971371,10.016668669936813],[76.25001524994751,10.023375511907002],[76.25001525016137,10.032054748721773],[76.25001524962005,10.03333533973208],[76.25707578492822,10.033335340202166],[76.26566247083215,10.033335340348708],[76.26668191959786,10.033335339572039],[76.26668192029207,10.03205474906457]]]}},{"type":"Feature","properties":{"grid":"T4","height":149,"airport":"CIAL"},"geometry":{"type":"Polygon","coordinates":[[[76.2833485903193,10.032054748872623],[76.28334858986987,10.023375511844861],[76.28334859008491,10.01666867008748],[76.28283584428026,10.016668669754688],[76.2742491578838,10.01666867020264],[76.26668192041888,10.01666867011369],[76.26668192042395,10.0233755122461],[76.26668192029207,10.03205474906457],[76.26668191959786,10.033335339572039],[76.27424915813019,10.03333533960657],[76.2828358439099,10.03333533979181],[76.28334859038964,10.033335339675407],[76.2833485903193,10.032054748872623]]]}},{"type":"Feature","properties":{"grid":"T5","height":149,"airport":"CIAL"},"geometry":{"type":"Polygon","coordinates":[[[76.30001525982402,10.032054749025376],[76.30001525969064,10.02337551157579],[76.3000152601135,10.016668669826405],[76.30000921723389,10.016668669958538],[76.29142252987887,10.016668669677838],[76.28334859008491,10.01666867008748],[76.28334858986987,10.023375511844861],[76.2833485903193,10.032054748872623],[76.28334859038964,10.033335339675407],[76.29142252980986,10.03333533999028],[76.30000921655986,10.03333534019546],[76.30001525974832,10.03333534002441],[76.30001525982402,10.032054749025376]]]}},{"type":"Feature","properties":{"grid":"T6","height":149,"airport":"CIAL"},"geometry":{"type":"Polygon","coordinates":[[[76.31668193020464,10.032054748586345],[76.31668193037942,10.023375512314326],[76.31668193008527,10.016668670209603],[76.30859590342234,10.016668669700215],[76.3000152601135,10.016668669826405],[76.30001525969064,10.02337551157579],[76.30001525982402,10.032054749025376],[76.30001525974832,10.03333534002441],[76.30859590306498,10.033335340407943],[76.31668192998461,10.033335339679072],[76.31668193020464,10.032054748586345]]]}},{"type":"Feature","properties":{"grid":"T7","height":149,"airport":"CIAL"},"geometry":{"type":"Polygon","coordinates":[[[76.33334860013352,10.032054749342102],[76.3333485996816,10.023375512233835],[76.33334859957374,10.016668670307444],[76.32576927522909,10.01666867025315],[76.31718258917752,10.016668669800623],[76.31668193008527,10.016668670209603],[76.31668193037942,10.023375512314326],[76.31668193020464,10.032054748586345],[76.31668192998461,10.033335339679072],[76.31718258913908,10.03333533972055],[76.32576927460688,10.033335339938759],[76.3333485997709,10.033335340425946],[76.33334860013352,10.032054749342102]]]}},{"type":"Feature","properties":{"grid":"T8","height":149,"airport":"CIAL"},"geometry":{"type":"Polygon","coordinates":[[[76.35001527008923,10.032054748550559],[76.35001526991476,10.023375512201866],[76.35001526998035,10.0166686700869],[76.34294264839599,10.016668670390345],[76.33435596230305,10.016668670146903],[76.33334859957374,10.016668670307444],[76.3333485996816,10.023375512233835],[76.33334860013352,10.032054749342102],[76.3333485997709,10.033335340425946],[76.33435596201907,10.033335340144387],[76.3429426484562,10.033335340345293],[76.35001526958949,10.0333353404272],[76.35001527008923,10.032054748550559]]]}},{"type":"Feature","properties":{"grid":"T9","height":149,"airport":"CIAL"},"geometry":{"type":"Polygon","coordinates":[[[76.36668193966018,10.032054748898311],[76.36668193974374,10.02337551219598],[76.36668193997356,10.016668670429723],[76.36011601963773,10.016668670094814],[76.35152933423385,10.016668670072603],[76.35001526998035,10.0166686700869],[76.35001526991476,10.023375512201866],[76.35001527008923,10.032054748550559],[76.35001526958949,10.0333353404272],[76.351529333732,10.03333533963433],[76.36011602040821,10.033335339805708],[76.36668193992985,10.033335339652993],[76.36668193966018,10.032054748898311]]]}},{"type":"Feature","properties":{"grid":"T10","height":149,"airport":"CIAL"},"geometry":{"type":"Polygon","coordinates":[[[76.3833486102445,10.032054749447141],[76.3833486096579,10.023375512186066],[76.38334861003882,10.016668670401613],[76.37728939297065,10.016668670223796],[76.36870270716177,10.016668670442654],[76.36668193997356,10.016668670429723],[76.36668193974374,10.02337551219598],[76.36668193966018,10.032054748898311],[76.36668193992985,10.033335339652993],[76.36870270738628,10.03333533995576],[76.37728939265905,10.033335340088936],[76.38334861037681,10.033335339885232],[76.3833486102445,10.032054749447141]]]}},{"type":"Feature","properties":{"grid":"T11","height":149,"airport":"CIAL"},"geometry":{"type":"Polygon","coordinates":[[[76.40001527959102,10.032054749273728],[76.40001528014646,10.023375512141543],[76.40001527975296,10.01666866997589],[76.39446276601785,10.01666866985172],[76.38587607871001,10.016668670331816],[76.38334861003882,10.016668670401613],[76.3833486096579,10.023375512186066],[76.3833486102445,10.032054749447141],[76.38334861037681,10.033335339885232],[76.38587607878081,10.033335340190812],[76.39446276556897,10.033335340258162],[76.40001527959161,10.033335340196833],[76.40001527959102,10.032054749273728]]]}},{"type":"Feature","properties":{"grid":"T12","height":149,"airport":"CIAL"},"geometry":{"type":"Polygon","coordinates":[[[76.41668195001745,10.032054749243665],[76.41668194987419,10.023375512039205],[76.41668194960891,10.016668670025892],[76.41163613823454,10.016668669853777],[76.40304945197876,10.016668669695992],[76.40001527975296,10.01666866997589],[76.40001528014646,10.023375512141543],[76.40001527959102,10.032054749273728],[76.40001527959161,10.033335340196833],[76.4030494519287,10.033335340291638],[76.41163613767739,10.033335340288064],[76.41668194988429,10.033335339645067],[76.41668195001745,10.032054749243665]]]}},{"type":"Feature","properties":{"grid":"T13","height":149,"airport":"CIAL"},"geometry":{"type":"Polygon","coordinates":[[[76.4333486201887,10.0320547493334],[76.43334862024247,10.023375511843922],[76.43334862009179,10.016668669616108],[76.42880951089646,10.01666867019281],[76.42022282369041,10.016668670325759],[76.41668194960891,10.016668670025892],[76.41668194987419,10.023375512039205],[76.41668195001745,10.032054749243665],[76.41668194988429,10.033335339645067],[76.420222824457,10.033335340236485],[76.42880951117269,10.033335340137505],[76.43334861992754,10.033335340014666],[76.4333486201887,10.0320547493334]]]}},{"type":"Feature","properties":{"grid":"T14","height":149,"airport":"CIAL"},"geometry":{"type":"Polygon","coordinates":[[[76.45001528967782,10.032054748611051],[76.45001528992,10.023375512436075],[76.4500152898701,10.016668669626966],[76.4459828834509,10.016668669934797],[76.43739619693734,10.016668670367592],[76.43334862009179,10.016668669616108],[76.43334862024247,10.023375511843922],[76.4333486201887,10.0320547493334],[76.43334861992754,10.033335340014666],[76.43739619672962,10.033335339991853],[76.4459828827697,10.033335339788362],[76.45001529020686,10.033335340369812],[76.45001528967782,10.032054748611051]]]}},{"type":"Feature","properties":{"grid":"T15","height":149,"airport":"CIAL"},"geometry":{"type":"Polygon","coordinates":[[[76.46668195989436,10.032054748849013],[76.46668196030004,10.023375511971366],[76.46668196034501,10.016668670022526],[76.46315625626521,10.016668669949734],[76.45456957025844,10.016668669795278],[76.4500152898701,10.016668669626966],[76.45001528992,10.023375512436075],[76.45001528967782,10.032054748611051],[76.45001529020686,10.033335340369812],[76.45456957002659,10.033335340423914],[76.46315625557297,10.033335340098827],[76.4666819602952,10.033335339778267],[76.46668195989436,10.032054748849013]]]}},{"type":"Feature","properties":{"grid":"T16","height":149,"airport":"CIAL"},"geometry":{"type":"Polygon","coordinates":[[[76.48334863041133,10.032054749114618],[76.48334863005525,10.023375512233772],[76.483348630177,10.016668669874267],[76.48032962787839,10.016668670211155],[76.47174294220076,10.016668670390853],[76.46668196034501,10.016668670022526],[76.46668196030004,10.023375511971366],[76.46668195989436,10.032054748849013],[76.4666819602952,10.033335339778267],[76.47174294196692,10.033335339701923],[76.48032962811773,10.033335340138033],[76.48334862977767,10.033335340020042],[76.48334863041133,10.032054749114618]]]}},{"type":"Feature","properties":{"grid":"T17","height":149,"airport":"CIAL"},"geometry":{"type":"Polygon","coordinates":[[[76.50001529989342,10.03205474938327],[76.50001529967057,10.023375512286433],[76.50001529985893,10.016668670053688],[76.49750300138616,10.01666866976776],[76.4889163149439,10.016668670303263],[76.483348630177,10.016668669874267],[76.48334863005525,10.023375512233772],[76.48334863041133,10.032054749114618],[76.48334862977767,10.033335340020042],[76.48891631474686,10.03333533959139],[76.49750300076767,10.033335339870993],[76.50001530005167,10.03333534015412],[76.50001529989342,10.03205474938327]]]}},{"type":"Feature","properties":{"grid":"T18","height":149,"airport":"CIAL"},"geometry":{"type":"Polygon","coordinates":[[[76.51668196973777,10.032054748713664],[76.51668196963489,10.023375512096251],[76.51668196987544,10.016668669623556],[76.51467637259913,10.016668670412962],[76.50608968703082,10.016668670409599],[76.50001529985893,10.016668670053688],[76.50001529967057,10.023375512286433],[76.50001529989342,10.03205474938327],[76.50001530005167,10.03333534015412],[76.5060896869057,10.033335340065198],[76.51467637297831,10.03333534017058],[76.51668196978186,10.033335340155567],[76.51668196973777,10.032054748713664]]]}},{"type":"Feature","properties":{"grid":"T19","height":149,"airport":"CIAL"},"geometry":{"type":"Polygon","coordinates":[[[76.53334864044184,10.032054748880482],[76.533348640437,10.023375511629649],[76.53334863981144,10.016668670362796],[76.53184974643301,10.016668670282009],[76.52326305973271,10.01666866976607],[76.51668196987544,10.016668669623556],[76.51668196963489,10.023375512096251],[76.51668196973777,10.032054748713664],[76.51668196978186,10.033335340155567],[76.52326305971512,10.033335340179494],[76.5318497460213,10.033335340092632],[76.53334864036952,10.033335339986706],[76.53334864044184,10.032054748880482]]]}},{"type":"Feature","properties":{"grid":"T20","height":149,"airport":"CIAL"},"geometry":{"type":"Polygon","coordinates":[[[76.55001530975379,10.032054748958307],[76.55001530983346,10.023375511769524],[76.5500153101472,10.016668670429295],[76.54902311869422,10.016668670263664],[76.54043643159676,10.016668670153283],[76.53334863981144,10.016668670362796],[76.533348640437,10.023375511629649],[76.53334864044184,10.032054748880482],[76.53334864036952,10.033335339986706],[76.54043643171418,10.03333533990656],[76.54902311934781,10.033335339605031],[76.55001530956707,10.033335339626266],[76.55001530975379,10.032054748958307]]]}},{"type":"Feature","properties":{"grid":"T21","height":149,"airport":"CIAL"},"geometry":{"type":"Polygon","coordinates":[[[76.566681979987,10.032054748904454],[76.56668198013311,10.02337551156909],[76.56668197954691,10.016668669797365],[76.56619649065802,10.016668670317282],[76.55760980480193,10.016668669718166],[76.5500153101472,10.016668670429295],[76.55001530983346,10.023375511769524],[76.55001530975379,10.032054748958307],[76.55001530956707,10.033335339626266],[76.55760980509504,10.033335340105637],[76.56619649058901,10.033335339588113],[76.56668197969219,10.03333533993567],[76.566681979987,10.032054748904454]]]}},{"type":"Feature","properties":{"grid":"T22","height":149,"airport":"CIAL"},"geometry":{"type":"Polygon","coordinates":[[[76.58334864980596,10.03205474869287],[76.58334865000465,10.023375511906393],[76.58334865033208,10.016668670232075],[76.57478317698333,10.016668670244897],[76.56668197954691,10.016668669797365],[76.56668198013311,10.02337551156909],[76.566681979987,10.032054748904454],[76.56668197969219,10.03333533993567],[76.57478317656799,10.033335339852831],[76.58334865031732,10.033335339980363],[76.58334864980596,10.03205474869287]]]}},{"type":"Feature","properties":{"grid":"T23","height":149,"airport":"CIAL"},"geometry":{"type":"Polygon","coordinates":[[[76.60001531970391,10.032054749192651],[76.6000153199324,10.023375511842405],[76.60001532024609,10.016668669903211],[76.59195655031955,10.01666866987942],[76.58336986359953,10.016668670401511],[76.58334865033208,10.016668670232075],[76.58334865000465,10.023375511906393],[76.58334864980596,10.03205474869287],[76.58334865031732,10.033335339980363],[76.58336986375716,10.03333533998769],[76.59195655014953,10.033335339997743],[76.6000153201069,10.033335339734057],[76.60001531970391,10.032054749192651]]]}},{"type":"Feature","properties":{"grid":"U1","height":149,"airport":"CIAL"},"geometry":{"type":"Polygon","coordinates":[[[76.23334857997452,10.014696274934842],[76.23334858002444,10.00601703742193],[76.23334858023041,10.000002000241224],[76.23131572555333,10.000002000341263],[76.2227290395462,10.000002000391499],[76.21668191018496,10.000002000226294],[76.21668190960834,10.006017036631679],[76.21668190978167,10.014696274570932],[76.21668190961755,10.016668669964949],[76.22272904023075,10.016668669965847],[76.23131572576612,10.016668669950603],[76.23334858021681,10.016668669574353],[76.23334857997452,10.014696274934842]]]}},{"type":"Feature","properties":{"grid":"U2","height":149,"airport":"CIAL"},"geometry":{"type":"Polygon","coordinates":[[[76.25001524997141,10.014696275302153],[76.25001525022688,10.006017037102353],[76.2500152500546,10.000001999628282],[76.24848909916297,10.000001999749845],[76.23990241276128,10.000002000126058],[76.23334858023041,10.000002000241224],[76.23334858002444,10.00601703742193],[76.23334857997452,10.014696274934842],[76.23334858021681,10.016668669574353],[76.23990241342364,10.016668670316843],[76.24848909936817,10.016668670171077],[76.25001524971371,10.016668669936813],[76.25001524997141,10.014696275302153]]]}},{"type":"Feature","properties":{"grid":"U3","height":149,"airport":"CIAL"},"geometry":{"type":"Polygon","coordinates":[[[76.2666819202583,10.014696274741105],[76.26668191979596,10.00601703655317],[76.2666819201535,10.000002000168461],[76.26566247064855,10.000002000304809],[76.25707578457927,10.000002000114076],[76.2500152500546,10.000001999628282],[76.25001525022688,10.006017037102353],[76.25001524997141,10.014696275302153],[76.25001524971371,10.016668669936813],[76.25707578524516,10.016668670407928],[76.26566247086856,10.016668670120323],[76.26668192041888,10.01666867011369],[76.2666819202583,10.014696274741105]]]}},{"type":"Feature","properties":{"grid":"U4","height":149,"airport":"CIAL"},"geometry":{"type":"Polygon","coordinates":[[[76.28334859041928,10.014696275035696],[76.28334859013665,10.006017036647282],[76.28334859009709,10.000002000028843],[76.2828358440156,10.000002000154126],[76.27424915810043,10.000002000315645],[76.2666819201535,10.000002000168461],[76.26668191979596,10.00601703655317],[76.2666819202583,10.014696274741105],[76.26668192041888,10.01666867011369],[76.2742491578838,10.01666867020264],[76.28283584428026,10.016668669754688],[76.28334859008491,10.01666867008748],[76.28334859041928,10.014696275035696]]]}},{"type":"Feature","properties":{"grid":"U5","height":149,"airport":"CIAL"},"geometry":{"type":"Polygon","coordinates":[[[76.30001526002799,10.014696275256963],[76.30001525991376,10.006017037363387],[76.30001526037785,10.000002000085416],[76.30000921689438,10.000002000182176],[76.29142253003586,10.000001999810388],[76.28334859009709,10.000002000028843],[76.28334859013665,10.006017036647282],[76.28334859041928,10.014696275035696],[76.28334859008491,10.01666867008748],[76.29142252987887,10.016668669677838],[76.30000921723389,10.016668669958538],[76.3000152601135,10.016668669826405],[76.30001526002799,10.014696275256963]]]}},{"type":"Feature","properties":{"grid":"U6","height":149,"airport":"CIAL"},"geometry":{"type":"Polygon","coordinates":[[[76.3166819295737,10.01469627537633],[76.31668192960917,10.006017036864478],[76.31668192966036,10.000002000316707],[76.30859590258056,10.000002000369404],[76.30001526037785,10.000002000085416],[76.30001525991376,10.006017037363387],[76.30001526002799,10.014696275256963],[76.3000152601135,10.016668669826405],[76.30859590342234,10.016668669700215],[76.31668193008527,10.016668670209603],[76.3166819295737,10.01469627537633]]]}},{"type":"Feature","properties":{"grid":"U7","height":149,"airport":"CIAL"},"geometry":{"type":"Polygon","coordinates":[[[76.33334859954569,10.014696275364745],[76.3333485997192,10.006017036929979],[76.33334860025433,10.000001999782345],[76.32576927517863,10.000002000156918],[76.3171825887362,10.000002000361986],[76.31668192966036,10.000002000316707],[76.31668192960917,10.006017036864478],[76.3166819295737,10.01469627537633],[76.31668193008527,10.016668670209603],[76.31718258917752,10.016668669800623],[76.32576927522909,10.01666867025315],[76.33334859957374,10.016668670307444],[76.33334859954569,10.014696275364745]]]}},{"type":"Feature","properties":{"grid":"U8","height":149,"airport":"CIAL"},"geometry":{"type":"Polygon","coordinates":[[[76.35001527043313,10.014696275192728],[76.35001526981695,10.006017036629942],[76.35001526991935,10.00000200027226],[76.34294264819692,10.000002000045898],[76.33435596172518,10.00000199975116],[76.33334860025433,10.000001999782345],[76.3333485997192,10.006017036929979],[76.33334859954569,10.014696275364745],[76.33334859957374,10.016668670307444],[76.33435596230305,10.016668670146903],[76.34294264839599,10.016668670390345],[76.35001526998035,10.0166686700869],[76.35001527043313,10.014696275192728]]]}},{"type":"Feature","properties":{"grid":"U9","height":149,"airport":"CIAL"},"geometry":{"type":"Polygon","coordinates":[[[76.36668193998847,10.014696274841627],[76.36668194039514,10.00601703683878],[76.36668194004909,10.000001999944692],[76.36011602017446,10.000002000012051],[76.35152933440757,10.000002000133875],[76.35001526991935,10.00000200027226],[76.35001526981695,10.006017036629942],[76.35001527043313,10.014696275192728],[76.35001526998035,10.0166686700869],[76.35152933423385,10.016668670072603],[76.36011601963773,10.016668670094814],[76.36668193997356,10.016668670429723],[76.36668193998847,10.014696274841627]]]}},{"type":"Feature","properties":{"grid":"U10","height":149,"airport":"CIAL"},"geometry":{"type":"Polygon","coordinates":[[[76.38334860961686,10.014696275181858],[76.38334861011452,10.006017036629688],[76.38334861022385,10.00000199967744],[76.37728939329882,10.000002000015908],[76.36870270713928,10.000001999669871],[76.36668194004909,10.000001999944692],[76.36668194039514,10.00601703683878],[76.36668193998847,10.014696274841627],[76.36668193997356,10.016668670429723],[76.36870270716177,10.016668670442654],[76.37728939297065,10.016668670223796],[76.38334861003882,10.016668670401613],[76.38334860961686,10.014696275181858]]]}},{"type":"Feature","properties":{"grid":"U11","height":149,"airport":"CIAL"},"geometry":{"type":"Polygon","coordinates":[[[76.40001527980363,10.014696275278709],[76.40001528038,10.006017036872656],[76.40001528002405,10.000002000348058],[76.3944627661089,10.000002000032488],[76.38587607937886,10.000002000139103],[76.38334861022385,10.00000199967744],[76.38334861011452,10.006017036629688],[76.38334860961686,10.014696275181858],[76.38334861003882,10.016668670401613],[76.38587607871001,10.016668670331816],[76.39446276601785,10.01666866985172],[76.40001527975296,10.01666866997589],[76.40001527980363,10.014696275278709]]]}},{"type":"Feature","properties":{"grid":"U12","height":149,"airport":"CIAL"},"geometry":{"type":"Polygon","coordinates":[[[76.41668195012552,10.014696275105054],[76.41668194985218,10.00601703664029],[76.41668194993073,10.000002000117345],[76.41163613805564,10.000002000032767],[76.40304945239407,10.000001999696696],[76.40001528002405,10.000002000348058],[76.40001528038,10.006017036872656],[76.40001527980363,10.014696275278709],[76.40001527975296,10.01666866997589],[76.40304945197876,10.016668669695992],[76.41163613823454,10.016668669853777],[76.41668194960891,10.016668670025892],[76.41668195012552,10.014696275105054]]]}},{"type":"Feature","properties":{"grid":"U13","height":149,"airport":"CIAL"},"geometry":{"type":"Polygon","coordinates":[[[76.43334862015926,10.014696274633595],[76.43334861993593,10.006017036801722],[76.43334862043632,10.000001999858254],[76.42880951132649,10.000001999975783],[76.42022282381923,10.000002000129486],[76.41668194993073,10.000002000117345],[76.41668194985218,10.00601703664029],[76.41668195012552,10.014696275105054],[76.41668194960891,10.016668670025892],[76.42022282369041,10.016668670325759],[76.42880951089646,10.01666867019281],[76.43334862009179,10.016668669616108],[76.43334862015926,10.014696274633595]]]}},{"type":"Feature","properties":{"grid":"U14","height":149,"airport":"CIAL"},"geometry":{"type":"Polygon","coordinates":[[[76.45001529039777,10.014696274736856],[76.45001529020783,10.00601703732923],[76.45001529020911,10.000002000451213],[76.44598288263585,10.000001999843478],[76.43739619674609,10.000001999584057],[76.43334862043632,10.000001999858254],[76.43334861993593,10.006017036801722],[76.43334862015926,10.014696274633595],[76.43334862009179,10.016668669616108],[76.43739619693734,10.016668670367592],[76.4459828834509,10.016668669934797],[76.4500152898701,10.016668669626966],[76.45001529039777,10.014696274736856]]]}},{"type":"Feature","properties":{"grid":"U15","height":149,"airport":"CIAL"},"geometry":{"type":"Polygon","coordinates":[[[76.46668196041779,10.01469627538686],[76.4666819602404,10.006017037290643],[76.46668195972968,10.000002000056048],[76.4631562559953,10.00000199958599],[76.45456956972124,10.000001999842572],[76.45001529020911,10.000002000451213],[76.45001529020783,10.00601703732923],[76.45001529039777,10.014696274736856],[76.4500152898701,10.016668669626966],[76.45456957025844,10.016668669795278],[76.46315625626521,10.016668669949734],[76.46668196034501,10.016668670022526],[76.46668196041779,10.01469627538686]]]}},{"type":"Feature","properties":{"grid":"U16","height":149,"airport":"CIAL"},"geometry":{"type":"Polygon","coordinates":[[[76.48334862978786,10.014696274746974],[76.48334862961002,10.006017036657722],[76.48334863040674,10.000002000444704],[76.48032962812326,10.000002000088859],[76.47174294219154,10.00000199997058],[76.46668195972968,10.000002000056048],[76.4666819602404,10.006017037290643],[76.46668196041779,10.01469627538686],[76.46668196034501,10.016668670022526],[76.47174294220076,10.016668670390853],[76.48032962787839,10.016668670211155],[76.483348630177,10.016668669874267],[76.48334862978786,10.014696274746974]]]}},{"type":"Feature","properties":{"grid":"U17","height":149,"airport":"CIAL"},"geometry":{"type":"Polygon","coordinates":[[[76.50001529991702,10.014696274588779],[76.50001529972566,10.006017037202051],[76.50001529998409,10.000001999788331],[76.49750300120286,10.000002000404999],[76.48891631543202,10.000001999929344],[76.48334863040674,10.000002000444704],[76.48334862961002,10.006017036657722],[76.48334862978786,10.014696274746974],[76.483348630177,10.016668669874267],[76.4889163149439,10.016668670303263],[76.49750300138616,10.01666866976776],[76.50001529985893,10.016668670053688],[76.50001529991702,10.014696274588779]]]}},{"type":"Feature","properties":{"grid":"U18","height":149,"airport":"CIAL"},"geometry":{"type":"Polygon","coordinates":[[[76.51668197038192,10.014696274883175],[76.51668197015543,10.006017037086266],[76.5166819698705,10.00000199985818],[76.51467637285629,10.000001999607239],[76.50608968706908,10.000001999696014],[76.50001529998409,10.000001999788331],[76.50001529972566,10.006017037202051],[76.50001529991702,10.014696274588779],[76.50001529985893,10.016668670053688],[76.50608968703082,10.016668670409599],[76.51467637259913,10.016668670412962],[76.51668196987544,10.016668669623556],[76.51668197038192,10.014696274883175]]]}},{"type":"Feature","properties":{"grid":"U19","height":149,"airport":"CIAL"},"geometry":{"type":"Polygon","coordinates":[[[76.5333486398427,10.014696274700915],[76.53334863956773,10.006017037189416],[76.53334863963809,10.000001999720798],[76.53184974619523,10.00000200035987],[76.52326306020609,10.00000200012689],[76.5166819698705,10.00000199985818],[76.51668197015543,10.006017037086266],[76.51668197038192,10.014696274883175],[76.51668196987544,10.016668669623556],[76.52326305973271,10.01666866976607],[76.53184974643301,10.016668670282009],[76.53334863981144,10.016668670362796],[76.5333486398427,10.014696274700915]]]}},{"type":"Feature","properties":{"grid":"U20","height":149,"airport":"CIAL"},"geometry":{"type":"Polygon","coordinates":[[[76.55001530970434,10.01469627490816],[76.55001531027094,10.00601703656521],[76.55001530977934,10.000002000246512],[76.5490231188334,10.0000019999268],[76.54043643155313,10.000002000298563],[76.53334863963809,10.000001999720798],[76.53334863956773,10.006017037189416],[76.5333486398427,10.014696274700915],[76.53334863981144,10.016668670362796],[76.54043643159676,10.016668670153283],[76.54902311869422,10.016668670263664],[76.5500153101472,10.016668670429295],[76.55001530970434,10.01469627490816]]]}},{"type":"Feature","properties":{"grid":"U21","height":149,"airport":"CIAL"},"geometry":{"type":"Polygon","coordinates":[[[76.56668198045115,10.014696274566507],[76.5666819800256,10.006017037000367],[76.56668197986184,10.000001999597142],[76.56619649114195,10.000002000079858],[76.5576098051213,10.00000200015786],[76.55001530977934,10.000002000246512],[76.55001531027094,10.00601703656521],[76.55001530970434,10.01469627490816],[76.5500153101472,10.016668670429295],[76.55760980480193,10.016668669718166],[76.56619649065802,10.016668670317282],[76.56668197954691,10.016668669797365],[76.56668198045115,10.014696274566507]]]}},{"type":"Feature","properties":{"grid":"U22","height":149,"airport":"CIAL"},"geometry":{"type":"Polygon","coordinates":[[[76.5833486498395,10.014696274558371],[76.58334865022358,10.006017036647878],[76.58334865038233,10.0000019995464],[76.57478317671263,10.000001999689264],[76.56668197986184,10.000001999597142],[76.5666819800256,10.006017037000367],[76.56668198045115,10.014696274566507],[76.56668197954691,10.016668669797365],[76.57478317698333,10.016668670244897],[76.58334865033208,10.016668670232075],[76.5833486498395,10.014696274558371]]]}},{"type":"Feature","properties":{"grid":"U23","height":149,"airport":"CIAL"},"geometry":{"type":"Polygon","coordinates":[[[76.60001532018215,10.014696274840192],[76.60001532044973,10.00601703728536],[76.60001532000483,10.000002000068033],[76.59195655034239,10.0000019997426],[76.58336986439124,10.000001999873648],[76.58334865038233,10.0000019995464],[76.58334865022358,10.006017036647878],[76.5833486498395,10.014696274558371],[76.58334865033208,10.016668670232075],[76.58336986359953,10.016668670401511],[76.59195655031955,10.01666866987942],[76.60001532024609,10.016668669903211],[76.60001532018215,10.014696274840192]]]}},{"type":"Feature","properties":{"grid":"V1","height":149,"airport":"CIAL"},"geometry":{"type":"Polygon","coordinates":[[[76.23334857993308,9.997337800121857],[76.2333485796977,9.988658562133931],[76.23334858000553,9.983335330401085],[76.2313157258431,9.983335330219633],[76.22272903955358,9.983335330293498],[76.21668191002294,9.98333532996173],[76.21668191043698,9.988658562276845],[76.21668190982881,9.997337799801958],[76.21668191018496,10.000002000226294],[76.2227290395462,10.000002000391499],[76.23131572555333,10.000002000341263],[76.23334858023041,10.000002000241224],[76.23334857993308,9.997337800121857]]]}},{"type":"Feature","properties":{"grid":"V2","height":149,"airport":"CIAL"},"geometry":{"type":"Polygon","coordinates":[[[76.25001524981278,9.997337800027312],[76.25001524963517,9.988658562268713],[76.25001524973914,9.983335329739552],[76.24848909908519,9.983335329743502],[76.23990241332784,9.983335330335262],[76.23334858000553,9.983335330401085],[76.2333485796977,9.988658562133931],[76.23334857993308,9.997337800121857],[76.23334858023041,10.000002000241224],[76.23990241276128,10.000002000126058],[76.24848909916297,10.000001999749845],[76.2500152500546,10.000001999628282],[76.25001524981278,9.997337800027312]]]}},{"type":"Feature","properties":{"grid":"V3","height":149,"airport":"CIAL"},"geometry":{"type":"Polygon","coordinates":[[[76.26668191996039,9.997337800395105],[76.26668191982256,9.988658561752796],[76.26668191971936,9.983335329758166],[76.26566247108612,9.983335330019802],[76.25707578476374,9.98333533024328],[76.25001524973914,9.983335329739552],[76.25001524963517,9.988658562268713],[76.25001524981278,9.997337800027312],[76.2500152500546,10.000001999628282],[76.25707578457927,10.000002000114076],[76.26566247064855,10.000002000304809],[76.2666819201535,10.000002000168461],[76.26668191996039,9.997337800395105]]]}},{"type":"Feature","properties":{"grid":"V4","height":149,"airport":"CIAL"},"geometry":{"type":"Polygon","coordinates":[[[76.28334858994921,9.997337800296567],[76.28334858984348,9.988658562370238],[76.28334859043498,9.983335330429036],[76.28283584402998,9.983335330107646],[76.27424915787314,9.983335329974386],[76.26668191971936,9.983335329758166],[76.26668191982256,9.988658561752796],[76.26668191996039,9.997337800395105],[76.2666819201535,10.000002000168461],[76.27424915810043,10.000002000315645],[76.2828358440156,10.000002000154126],[76.28334859009709,10.000002000028843],[76.28334858994921,9.997337800296567]]]}},{"type":"Feature","properties":{"grid":"V5","height":149,"airport":"CIAL"},"geometry":{"type":"Polygon","coordinates":[[[76.30001526026815,9.997337799703487],[76.30001526017972,9.98865856228439],[76.30001525963107,9.983335329926025],[76.30000921736763,9.983335329980262],[76.29142253028616,9.983335330413176],[76.28334859043498,9.983335330429036],[76.28334858984348,9.988658562370238],[76.28334858994921,9.997337800296567],[76.28334859009709,10.000002000028843],[76.29142253003586,10.000001999810388],[76.30000921689438,10.000002000182176],[76.30001526037785,10.000002000085416],[76.30001526026815,9.997337799703487]]]}},{"type":"Feature","properties":{"grid":"V6","height":149,"airport":"CIAL"},"geometry":{"type":"Polygon","coordinates":[[[76.31668192958892,9.997337800402818],[76.31668193041133,9.988658562374429],[76.31668192962762,9.983335330021992],[76.30859590327091,9.98333532971731],[76.30001525963107,9.983335329926025],[76.30001526017972,9.98865856228439],[76.30001526026815,9.997337799703487],[76.30001526037785,10.000002000085416],[76.30859590258056,10.000002000369404],[76.31668192966036,10.000002000316707],[76.31668192958892,9.997337800402818]]]}},{"type":"Feature","properties":{"grid":"V7","height":149,"airport":"CIAL"},"geometry":{"type":"Polygon","coordinates":[[[76.33334860021394,9.99733779964573],[76.33334860011114,9.988658561710793],[76.33334859999746,9.98333532978732],[76.32576927537323,9.983335329671599],[76.31718258872557,9.983335329617821],[76.31668192962762,9.983335330021992],[76.31668193041133,9.988658562374429],[76.31668192958892,9.997337800402818],[76.31668192966036,10.000002000316707],[76.3171825887362,10.000002000361986],[76.32576927517863,10.000002000156918],[76.33334860025433,10.000001999782345],[76.33334860021394,9.99733779964573]]]}},{"type":"Feature","properties":{"grid":"V8","height":149,"airport":"CIAL"},"geometry":{"type":"Polygon","coordinates":[[[76.35001526990641,9.997337800126429],[76.35001526977514,9.988658562072656],[76.35001527032061,9.983335330100502],[76.34294264786833,9.983335330241296],[76.33435596211908,9.983335329879214],[76.33334859999746,9.98333532978732],[76.33334860011114,9.988658561710793],[76.33334860021394,9.99733779964573],[76.33334860025433,10.000001999782345],[76.33435596172518,10.00000199975116],[76.34294264819692,10.000002000045898],[76.35001526991935,10.00000200027226],[76.35001526990641,9.997337800126429]]]}},{"type":"Feature","properties":{"grid":"V9","height":149,"airport":"CIAL"},"geometry":{"type":"Polygon","coordinates":[[[76.36668194005993,9.997337800003146],[76.36668193988451,9.988658561621909],[76.3666819401697,9.983335330031373],[76.36011602019954,9.983335329590014],[76.35152933425887,9.983335329843284],[76.35001527032061,9.983335330100502],[76.35001526977514,9.988658562072656],[76.35001526990641,9.997337800126429],[76.35001526991935,10.00000200027226],[76.35152933440757,10.000002000133875],[76.36011602017446,10.000002000012051],[76.36668194004909,10.000001999944692],[76.36668194005993,9.997337800003146]]]}},{"type":"Feature","properties":{"grid":"V10","height":149,"airport":"CIAL"},"geometry":{"type":"Polygon","coordinates":[[[76.38334861025479,9.997337800153666],[76.38334861002319,9.988658562140563],[76.3833486100331,9.983335329549961],[76.37728939274096,9.983335330398358],[76.3687027073358,9.983335330375134],[76.3666819401697,9.983335330031373],[76.36668193988451,9.988658561621909],[76.36668194005993,9.997337800003146],[76.36668194004909,10.000001999944692],[76.36870270713928,10.000001999669871],[76.37728939329882,10.000002000015908],[76.38334861022385,10.00000199967744],[76.38334861025479,9.997337800153666]]]}},{"type":"Feature","properties":{"grid":"V11","height":149,"airport":"CIAL"},"geometry":{"type":"Polygon","coordinates":[[[76.40001528006367,9.997337799647179],[76.40001527975987,9.988658561793605],[76.40001528040682,9.983335330434164],[76.39446276584405,9.983335329921289],[76.38587607896874,9.983335329645355],[76.3833486100331,9.983335329549961],[76.38334861002319,9.988658562140563],[76.38334861025479,9.997337800153666],[76.38334861022385,10.00000199967744],[76.38587607937886,10.000002000139103],[76.3944627661089,10.000002000032488],[76.40001528002405,10.000002000348058],[76.40001528006367,9.997337799647179]]]}},{"type":"Feature","properties":{"grid":"V12","height":149,"airport":"CIAL"},"geometry":{"type":"Polygon","coordinates":[[[76.41668194998293,9.99733780026125],[76.41668194959072,9.988658562358646],[76.41668194994341,9.983335329948321],[76.41163613805489,9.983335329941957],[76.40304945226829,9.983335330322598],[76.40001528040682,9.983335330434164],[76.40001527975987,9.988658561793605],[76.40001528006367,9.997337799647179],[76.40001528002405,10.000002000348058],[76.40304945239407,10.000001999696696],[76.41163613805564,10.000002000032767],[76.41668194993073,10.000002000117345],[76.41668194998293,9.99733780026125]]]}},{"type":"Feature","properties":{"grid":"V13","height":149,"airport":"CIAL"},"geometry":{"type":"Polygon","coordinates":[[[76.43334861958125,9.997337800160217],[76.43334861999635,9.988658561996115],[76.43334862005099,9.983335329865797],[76.42880951064839,9.983335330423387],[76.42022282393714,9.983335329676542],[76.41668194994341,9.983335329948321],[76.41668194959072,9.988658562358646],[76.41668194998293,9.99733780026125],[76.41668194993073,10.000002000117345],[76.42022282381923,10.000002000129486],[76.42880951132649,10.000001999975783],[76.43334862043632,10.000001999858254],[76.43334861958125,9.997337800160217]]]}},{"type":"Feature","properties":{"grid":"V14","height":149,"airport":"CIAL"},"geometry":{"type":"Polygon","coordinates":[[[76.45001529026324,9.99733780021272],[76.45001528964468,9.988658561586501],[76.4500152903057,9.983335330158951],[76.44598288307112,9.983335330431592],[76.43739619708597,9.983335330374747],[76.43334862005099,9.983335329865797],[76.43334861999635,9.988658561996115],[76.43334861958125,9.997337800160217],[76.43334862043632,10.000001999858254],[76.43739619674609,10.000001999584057],[76.44598288263585,10.000001999843478],[76.45001529020911,10.000002000451213],[76.45001529026324,9.99733780021272]]]}},{"type":"Feature","properties":{"grid":"V15","height":149,"airport":"CIAL"},"geometry":{"type":"Polygon","coordinates":[[[76.46668195978091,9.99733780039872],[76.46668195994019,9.988658561998102],[76.4666819602796,9.983335329895676],[76.46315625568565,9.983335329932586],[76.45456957024136,9.983335329678548],[76.4500152903057,9.983335330158951],[76.45001528964468,9.988658561586501],[76.45001529026324,9.99733780021272],[76.45001529020911,10.000002000451213],[76.45456956972124,10.000001999842572],[76.4631562559953,10.00000199958599],[76.46668195972968,10.000002000056048],[76.46668195978091,9.99733780039872]]]}},{"type":"Feature","properties":{"grid":"V16","height":149,"airport":"CIAL"},"geometry":{"type":"Polygon","coordinates":[[[76.48334863044295,9.997337799773769],[76.483348630455,9.98865856229844],[76.48334862955275,9.983335329951949],[76.48032962794636,9.98333532980006],[76.47174294195361,9.983335330274253],[76.4666819602796,9.983335329895676],[76.46668195994019,9.988658561998102],[76.46668195978091,9.99733780039872],[76.46668195972968,10.000002000056048],[76.47174294219154,10.00000199997058],[76.48032962812326,10.000002000088859],[76.48334863040674,10.000002000444704],[76.48334863044295,9.997337799773769]]]}},{"type":"Feature","properties":{"grid":"V17","height":149,"airport":"CIAL"},"geometry":{"type":"Polygon","coordinates":[[[76.50001530000948,9.997337800125653],[76.50001529984897,9.98865856155887],[76.50001530043744,9.983335330287007],[76.49750300112791,9.98333532999511],[76.48891631531353,9.983335330306847],[76.48334862955275,9.983335329951949],[76.483348630455,9.98865856229844],[76.48334863044295,9.997337799773769],[76.48334863040674,10.000002000444704],[76.48891631543202,10.000001999929344],[76.49750300120286,10.000002000404999],[76.50001529998409,10.000001999788331],[76.50001530000948,9.997337800125653]]]}},{"type":"Feature","properties":{"grid":"V18","height":149,"airport":"CIAL"},"geometry":{"type":"Polygon","coordinates":[[[76.51668196987274,9.99733779960898],[76.5166819704426,9.98865856154653],[76.5166819697692,9.98333532998006],[76.5146763728523,9.983335329590584],[76.50608968703509,9.98333532975749],[76.50001530043744,9.983335330287007],[76.50001529984897,9.98865856155887],[76.50001530000948,9.997337800125653],[76.50001529998409,10.000001999788331],[76.50608968706908,10.000001999696014],[76.51467637285629,10.000001999607239],[76.5166819698705,10.00000199985818],[76.51668196987274,9.99733779960898]]]}},{"type":"Feature","properties":{"grid":"V19","height":149,"airport":"CIAL"},"geometry":{"type":"Polygon","coordinates":[[[76.53334863961723,9.997337800002787],[76.53334863998785,9.988658562240374],[76.53334863986426,9.983335329893661],[76.53184974622651,9.983335330346714],[76.52326306022523,9.983335330386748],[76.5166819697692,9.98333532998006],[76.5166819704426,9.98865856154653],[76.51668196987274,9.99733779960898],[76.5166819698705,10.00000199985818],[76.52326306020609,10.00000200012689],[76.53184974619523,10.00000200035987],[76.53334863963809,10.000001999720798],[76.53334863961723,9.997337800002787]]]}},{"type":"Feature","properties":{"grid":"V20","height":149,"airport":"CIAL"},"geometry":{"type":"Polygon","coordinates":[[[76.55001530972703,9.997337800369131],[76.55001530987636,9.98865856179431],[76.5500153102985,9.983335329998212],[76.54902311886822,9.983335330431613],[76.54043643158968,9.983335330367064],[76.53334863986426,9.983335329893661],[76.53334863998785,9.988658562240374],[76.53334863961723,9.997337800002787],[76.53334863963809,10.000001999720798],[76.54043643155313,10.000002000298563],[76.5490231188334,10.0000019999268],[76.55001530977934,10.000002000246512],[76.55001530972703,9.997337800369131]]]}},{"type":"Feature","properties":{"grid":"V21","height":149,"airport":"CIAL"},"geometry":{"type":"Polygon","coordinates":[[[76.56668197977386,9.997337799773971],[76.5666819796925,9.988658561986673],[76.56668197973569,9.983335330268082],[76.56619649113959,9.983335329808883],[76.55760980513888,9.983335329645376],[76.5500153102985,9.983335329998212],[76.55001530987636,9.98865856179431],[76.55001530972703,9.997337800369131],[76.55001530977934,10.000002000246512],[76.5576098051213,10.00000200015786],[76.56619649114195,10.000002000079858],[76.56668197986184,10.000001999597142],[76.56668197977386,9.997337799773971]]]}},{"type":"Feature","properties":{"grid":"V22","height":149,"airport":"CIAL"},"geometry":{"type":"Polygon","coordinates":[[[76.58334865025445,9.997337799990985],[76.58334864991994,9.988658561878827],[76.58334864957135,9.983335329760473],[76.57478317668331,9.983335330014455],[76.56668197973569,9.983335330268082],[76.5666819796925,9.988658561986673],[76.56668197977386,9.997337799773971],[76.56668197986184,10.000001999597142],[76.57478317671263,10.000001999689264],[76.58334865038233,10.0000019995464],[76.58334865025445,9.997337799990985]]]}},{"type":"Feature","properties":{"grid":"V23","height":149,"airport":"CIAL"},"geometry":{"type":"Polygon","coordinates":[[[76.60001531982837,9.997337800089872],[76.60001532013882,9.988658562344318],[76.6000153203019,9.983335330248686],[76.59195655022472,9.983335329611814],[76.58336986432346,9.983335330245573],[76.58334864957135,9.983335329760473],[76.58334864991994,9.988658561878827],[76.58334865025445,9.997337799990985],[76.58334865038233,10.0000019995464],[76.58336986439124,10.000001999873648],[76.59195655034239,10.0000019997426],[76.60001532000483,10.000002000068033],[76.60001531982837,9.997337800089872]]]}},{"type":"Feature","properties":{"grid":"W1","height":149,"airport":"CIAL"},"geometry":{"type":"Polygon","coordinates":[[[76.23334858023807,9.979979325266905],[76.2333485797237,9.971300087722573],[76.2333485795473,9.966668660079304],[76.23131572572836,9.96666865961446],[76.22272904025793,9.966668659697255],[76.21668191005219,9.966668660097582],[76.21668191009283,9.971300087877564],[76.21668190961256,9.97997932497084],[76.21668191002294,9.98333532996173],[76.22272903955358,9.983335330293498],[76.2313157258431,9.983335330219633],[76.23334858000553,9.983335330401085],[76.23334858023807,9.979979325266905]]]}},{"type":"Feature","properties":{"grid":"W2","height":149,"airport":"CIAL"},"geometry":{"type":"Polygon","coordinates":[[[76.25001524969824,9.979979324734366],[76.25001525000613,9.971300088332114],[76.25001524968478,9.966668660292523],[76.24848909913997,9.966668660177435],[76.2399024133006,9.966668660072374],[76.2333485795473,9.966668660079304],[76.2333485797237,9.971300087722573],[76.23334858023807,9.979979325266905],[76.23334858000553,9.983335330401085],[76.23990241332784,9.983335330335262],[76.24848909908519,9.983335329743502],[76.25001524973914,9.983335329739552],[76.25001524969824,9.979979324734366]]]}},{"type":"Feature","properties":{"grid":"W3","height":149,"airport":"CIAL"},"geometry":{"type":"Polygon","coordinates":[[[76.26668192031295,9.979979325147488],[76.26668191959742,9.971300087877033],[76.26668192003736,9.966668659808917],[76.26566247127776,9.96666866019831],[76.25707578488807,9.96666865992011],[76.25001524968478,9.966668660292523],[76.25001525000613,9.971300088332114],[76.25001524969824,9.979979324734366],[76.25001524973914,9.983335329739552],[76.25707578476374,9.98333533024328],[76.26566247108612,9.983335330019802],[76.26668191971936,9.983335329758166],[76.26668192031295,9.979979325147488]]]}},{"type":"Feature","properties":{"grid":"W4","height":149,"airport":"CIAL"},"geometry":{"type":"Polygon","coordinates":[[[76.28334858982736,9.979979324680317],[76.28334858990507,9.97130008813459],[76.28334859018823,9.966668660412632],[76.28283584432869,9.966668659640558],[76.27424915812294,9.966668660104945],[76.26668192003736,9.966668659808917],[76.26668191959742,9.971300087877033],[76.26668192031295,9.979979325147488],[76.26668191971936,9.983335329758166],[76.27424915787314,9.983335329974386],[76.28283584402998,9.983335330107646],[76.28334859043498,9.983335330429036],[76.28334858982736,9.979979324680317]]]}},{"type":"Feature","properties":{"grid":"W5","height":149,"airport":"CIAL"},"geometry":{"type":"Polygon","coordinates":[[[76.30001525964927,9.979979325109676],[76.30001525958969,9.971300088179355],[76.30001525970651,9.966668660270566],[76.30000921683822,9.966668660289415],[76.29142252971589,9.966668659706546],[76.28334859018823,9.966668660412632],[76.28334858990507,9.97130008813459],[76.28334858982736,9.979979324680317],[76.28334859043498,9.983335330429036],[76.29142253028616,9.983335330413176],[76.30000921736763,9.983335329980262],[76.30001525963107,9.983335329926025],[76.30001525964927,9.979979325109676]]]}},{"type":"Feature","properties":{"grid":"W6","height":149,"airport":"CIAL"},"geometry":{"type":"Polygon","coordinates":[[[76.31668193026006,9.979979324598515],[76.31668193005173,9.971300087979266],[76.3166819299961,9.96666866025491],[76.30859590276945,9.96666865958837],[76.30001525970651,9.966668660270566],[76.30001525958969,9.971300088179355],[76.30001525964927,9.979979325109676],[76.30001525963107,9.983335329926025],[76.30859590327091,9.98333532971731],[76.31668192962762,9.983335330021992],[76.31668193026006,9.979979324598515]]]}},{"type":"Feature","properties":{"grid":"W7","height":149,"airport":"CIAL"},"geometry":{"type":"Polygon","coordinates":[[[76.3333486003311,9.979979324933474],[76.33334859995884,9.971300088416767],[76.33334859972092,9.966668660343913],[76.32576927490994,9.966668659730244],[76.31718258916193,9.966668660305986],[76.3166819299961,9.96666866025491],[76.31668193005173,9.971300087979266],[76.31668193026006,9.979979324598515],[76.31668192962762,9.983335330021992],[76.31718258872557,9.983335329617821],[76.32576927537323,9.983335329671599],[76.33334859999746,9.98333532978732],[76.3333486003311,9.979979324933474]]]}},{"type":"Feature","properties":{"grid":"W8","height":149,"airport":"CIAL"},"geometry":{"type":"Polygon","coordinates":[[[76.35001527034728,9.979979325181091],[76.3500152697919,9.971300087654226],[76.35001527027755,9.966668659600478],[76.34294264832418,9.96666866009384],[76.33435596166228,9.966668659659332],[76.33334859972092,9.966668660343913],[76.33334859995884,9.971300088416767],[76.3333486003311,9.979979324933474],[76.33334859999746,9.98333532978732],[76.33435596211908,9.983335329879214],[76.34294264786833,9.983335330241296],[76.35001527032061,9.983335330100502],[76.35001527034728,9.979979325181091]]]}},{"type":"Feature","properties":{"grid":"W9","height":149,"airport":"CIAL"},"geometry":{"type":"Polygon","coordinates":[[[76.36668193988481,9.979979325315421],[76.36668194005026,9.971300088374623],[76.36668194033724,9.9666686598107],[76.36011601972253,9.966668659758001],[76.35152933379709,9.966668660130178],[76.35001527027755,9.966668659600478],[76.3500152697919,9.971300087654226],[76.35001527034728,9.979979325181091],[76.35001527032061,9.983335330100502],[76.35152933425887,9.983335329843284],[76.36011602019954,9.983335329590014],[76.3666819401697,9.983335330031373],[76.36668193988481,9.979979325315421]]]}},{"type":"Feature","properties":{"grid":"W10","height":149,"airport":"CIAL"},"geometry":{"type":"Polygon","coordinates":[[[76.38334861034414,9.97997932530269],[76.38334861029871,9.971300087838992],[76.38334861038442,9.96666866004044],[76.3772893931195,9.96666865958027],[76.36870270683355,9.966668659874648],[76.36668194033724,9.9666686598107],[76.36668194005026,9.971300088374623],[76.36668193988481,9.979979325315421],[76.3666819401697,9.983335330031373],[76.3687027073358,9.983335330375134],[76.37728939274096,9.983335330398358],[76.3833486100331,9.983335329549961],[76.38334861034414,9.97997932530269]]]}},{"type":"Feature","properties":{"grid":"W11","height":149,"airport":"CIAL"},"geometry":{"type":"Polygon","coordinates":[[[76.4000152803893,9.979979325119992],[76.40001528012078,9.971300087829169],[76.40001527999496,9.966668660263087],[76.39446276614511,9.96666866044354],[76.38587607931356,9.96666865977221],[76.38334861038442,9.96666866004044],[76.38334861029871,9.971300087838992],[76.38334861034414,9.97997932530269],[76.3833486100331,9.983335329549961],[76.38587607896874,9.983335329645355],[76.39446276584405,9.983335329921289],[76.40001528040682,9.983335330434164],[76.4000152803893,9.979979325119992]]]}},{"type":"Feature","properties":{"grid":"W12","height":149,"airport":"CIAL"},"geometry":{"type":"Polygon","coordinates":[[[76.4166819495964,9.979979324740468],[76.41668195000463,9.971300088314432],[76.41668194965683,9.966668660447969],[76.41163613823812,9.966668659606375],[76.40304945159959,9.96666865979034],[76.40001527999496,9.966668660263087],[76.40001528012078,9.971300087829169],[76.4000152803893,9.979979325119992],[76.40001528040682,9.983335330434164],[76.40304945226829,9.983335330322598],[76.41163613805489,9.983335329941957],[76.41668194994341,9.983335329948321],[76.4166819495964,9.979979324740468]]]}},{"type":"Feature","properties":{"grid":"W13","height":149,"airport":"CIAL"},"geometry":{"type":"Polygon","coordinates":[[[76.43334862028173,9.97997932502941],[76.43334862043433,9.971300088359461],[76.43334861985393,9.966668659659774],[76.42880951068446,9.966668659744393],[76.42022282405392,9.966668659896097],[76.41668194965683,9.966668660447969],[76.41668195000463,9.971300088314432],[76.4166819495964,9.979979324740468],[76.41668194994341,9.983335329948321],[76.42022282393714,9.983335329676542],[76.42880951064839,9.983335330423387],[76.43334862005099,9.983335329865797],[76.43334862028173,9.97997932502941]]]}},{"type":"Feature","properties":{"grid":"W14","height":149,"airport":"CIAL"},"geometry":{"type":"Polygon","coordinates":[[[76.45001529019328,9.979979325062796],[76.45001529007365,9.971300087940568],[76.45001529016992,9.966668659679236],[76.44598288293044,9.966668659923668],[76.43739619703886,9.96666866005604],[76.43334861985393,9.966668659659774],[76.43334862043433,9.971300088359461],[76.43334862028173,9.97997932502941],[76.43334862005099,9.983335329865797],[76.43739619708597,9.983335330374747],[76.44598288307112,9.983335330431592],[76.4500152903057,9.983335330158951],[76.45001529019328,9.979979325062796]]]}},{"type":"Feature","properties":{"grid":"W15","height":149,"airport":"CIAL"},"geometry":{"type":"Polygon","coordinates":[[[76.46668195981908,9.979979324808808],[76.4666819603265,9.971300087926164],[76.46668196017657,9.966668659574303],[76.46315625625031,9.966668660106258],[76.45456957000455,9.96666866024027],[76.45001529016992,9.966668659679236],[76.45001529007365,9.971300087940568],[76.45001529019328,9.979979325062796],[76.4500152903057,9.983335330158951],[76.45456957024136,9.983335329678548],[76.46315625568565,9.983335329932586],[76.4666819602796,9.983335329895676],[76.46668195981908,9.979979324808808]]]}},{"type":"Feature","properties":{"grid":"W16","height":149,"airport":"CIAL"},"geometry":{"type":"Polygon","coordinates":[[[76.48334862965123,9.979979325139402],[76.48334862985666,9.971300088292026],[76.48334863036571,9.966668660216955],[76.48032962827006,9.966668660269692],[76.47174294240108,9.966668660418563],[76.46668196017657,9.966668659574303],[76.4666819603265,9.971300087926164],[76.46668195981908,9.979979324808808],[76.4666819602796,9.983335329895676],[76.47174294195361,9.983335330274253],[76.48032962794636,9.98333532980006],[76.48334862955275,9.983335329951949],[76.48334862965123,9.979979325139402]]]}},{"type":"Feature","properties":{"grid":"W17","height":149,"airport":"CIAL"},"geometry":{"type":"Polygon","coordinates":[[[76.50001530017367,9.97997932511773],[76.50001530005993,9.97130008809737],[76.50001530030487,9.966668659770319],[76.49750300117583,9.966668660371171],[76.48891631458649,9.966668659652258],[76.48334863036571,9.966668660216955],[76.48334862985666,9.971300088292026],[76.48334862965123,9.979979325139402],[76.48334862955275,9.983335329951949],[76.48891631531353,9.983335330306847],[76.49750300112791,9.98333532999511],[76.50001530043744,9.983335330287007],[76.50001530017367,9.97997932511773]]]}},{"type":"Feature","properties":{"grid":"W18","height":149,"airport":"CIAL"},"geometry":{"type":"Polygon","coordinates":[[[76.5166819700501,9.979979324718983],[76.51668196960405,9.97130008822154],[76.5166819695778,9.96666866001392],[76.51467637259351,9.96666866038776],[76.50608968693092,9.966668659714683],[76.50001530030487,9.966668659770319],[76.50001530005993,9.97130008809737],[76.50001530017367,9.97997932511773],[76.50001530043744,9.983335330287007],[76.50608968703509,9.98333532975749],[76.5146763728523,9.983335329590584],[76.5166819697692,9.98333532998006],[76.5166819700501,9.979979324718983]]]}},{"type":"Feature","properties":{"grid":"W19","height":149,"airport":"CIAL"},"geometry":{"type":"Polygon","coordinates":[[[76.53334863977263,9.97997932481401],[76.53334863988452,9.971300087722975],[76.53334863958001,9.966668660006182],[76.53184974562114,9.966668660271472],[76.52326305979234,9.966668659666212],[76.5166819695778,9.96666866001392],[76.51668196960405,9.97130008822154],[76.5166819700501,9.979979324718983],[76.5166819697692,9.98333532998006],[76.52326306022523,9.983335330386748],[76.53184974622651,9.983335330346714],[76.53334863986426,9.983335329893661],[76.53334863977263,9.97997932481401]]]}},{"type":"Feature","properties":{"grid":"W20","height":149,"airport":"CIAL"},"geometry":{"type":"Polygon","coordinates":[[[76.55001530982913,9.979979325369083],[76.55001530957342,9.971300088384549],[76.55001530988697,9.966668659717522],[76.54902311879654,9.96666865999451],[76.5404364317128,9.966668660383478],[76.53334863958001,9.966668660006182],[76.53334863988452,9.971300087722975],[76.53334863977263,9.97997932481401],[76.53334863986426,9.983335329893661],[76.54043643158968,9.983335330367064],[76.54902311886822,9.983335330431613],[76.5500153102985,9.983335329998212],[76.55001530982913,9.979979325369083]]]}},{"type":"Feature","properties":{"grid":"W21","height":149,"airport":"CIAL"},"geometry":{"type":"Polygon","coordinates":[[[76.56668197979108,9.979979325450177],[76.56668198006187,9.971300088359747],[76.56668198007841,9.966668660022245],[76.5661964906618,9.966668660433069],[76.55760980486977,9.96666866001362],[76.55001530988697,9.966668659717522],[76.55001530957342,9.971300088384549],[76.55001530982913,9.979979325369083],[76.5500153102985,9.983335329998212],[76.55760980513888,9.983335329645376],[76.56619649113959,9.983335329808883],[76.56668197973569,9.983335330268082],[76.56668197979108,9.979979325450177]]]}},{"type":"Feature","properties":{"grid":"W22","height":149,"airport":"CIAL"},"geometry":{"type":"Polygon","coordinates":[[[76.58334865014616,9.97997932502285],[76.58334865001325,9.971300087622645],[76.58334864972547,9.96666865998608],[76.57478317689753,9.966668660340922],[76.56668198007841,9.966668660022245],[76.56668198006187,9.971300088359747],[76.56668197979108,9.979979325450177],[76.56668197973569,9.983335330268082],[76.57478317668331,9.983335330014455],[76.58334864957135,9.983335329760473],[76.58334865014616,9.97997932502285]]]}},{"type":"Feature","properties":{"grid":"W23","height":149,"airport":"CIAL"},"geometry":{"type":"Polygon","coordinates":[[[76.60001531956226,9.979979324965026],[76.60001531992373,9.971300087946712],[76.60001532022748,9.96666865956996],[76.59195654997754,9.966668660415722],[76.58336986430612,9.966668659729285],[76.58334864972547,9.96666865998608],[76.58334865001325,9.971300087622645],[76.58334865014616,9.97997932502285],[76.58334864957135,9.983335329760473],[76.58336986432346,9.983335330245573],[76.59195655022472,9.983335329611814],[76.6000153203019,9.983335330248686],[76.60001531956226,9.979979324965026]]]}},{"type":"Feature","properties":{"grid":"L10010","height":29,"airport":"CIAL"},"geometry":{"type":"Polygon","coordinates":[[[76.37501527490058,10.158335365241896],[76.36668194093144,10.158335365351999],[76.36668194116083,10.16224331017156],[76.36668194118475,10.166668700156983],[76.36870270686504,10.166668700183592],[76.37501527494699,10.166668699792742],[76.37501527490058,10.158335365241896]]]}},{"type":"Feature","properties":{"grid":"L10011","height":29,"airport":"CIAL"},"geometry":{"type":"Polygon","coordinates":[[[76.38334861086194,10.162243309961639],[76.38334861060648,10.158335364680083],[76.37501527490058,10.158335365241896],[76.37501527494699,10.166668699792742],[76.37728939287912,10.16666869992839],[76.3833486113655,10.166668699710506],[76.38334861086194,10.162243309961639]]]}},{"type":"Feature","properties":{"grid":"L11010","height":29,"airport":"CIAL"},"geometry":{"type":"Polygon","coordinates":[[[76.39168194514852,10.158335364579319],[76.38334861060648,10.158335364680083],[76.38334861086194,10.162243309961639],[76.3833486113655,10.166668699710506],[76.3858760788954,10.166668700429897],[76.39168194479787,10.166668699930463],[76.39168194514852,10.158335364579319]]]}},{"type":"Feature","properties":{"grid":"L11011","height":29,"airport":"CIAL"},"geometry":{"type":"Polygon","coordinates":[[[76.40001528229784,10.162243310352212],[76.40001528201064,10.158335364921196],[76.39168194514852,10.158335364579319],[76.39168194479787,10.166668699930463],[76.3944627683744,10.166668699861011],[76.40001528237865,10.166668700418667],[76.40001528229784,10.162243310352212]]]}},{"type":"Feature","properties":{"grid":"L12010","height":29,"airport":"CIAL"},"geometry":{"type":"Polygon","coordinates":[[[76.40834861463397,10.158335364825843],[76.40001528201064,10.158335364921196],[76.40001528229784,10.162243310352212],[76.40001528237865,10.166668700418667],[76.4030494520152,10.166668700065738],[76.40834861481089,10.166668700306944],[76.40834861463397,10.158335364825843]]]}},{"type":"Feature","properties":{"grid":"L12011","height":29,"airport":"CIAL"},"geometry":{"type":"Polygon","coordinates":[[[76.41668194956863,10.162243310435128],[76.41668195015674,10.158335365163266],[76.40834861463397,10.158335364825843],[76.40834861481089,10.166668700306944],[76.4116361396707,10.166668700093826],[76.41668195014171,10.166668699557215],[76.41668194956863,10.162243310435128]]]}},{"type":"Feature","properties":{"grid":"L13010","height":29,"airport":"CIAL"},"geometry":{"type":"Polygon","coordinates":[[[76.42501528475789,10.158335365041943],[76.41668195015674,10.158335365163266],[76.41668194956863,10.162243310435128],[76.41668195014171,10.166668699557215],[76.42022282385757,10.166668699973375],[76.4250152845619,10.16666869999048],[76.42501528475789,10.158335365041943]]]}},{"type":"Feature","properties":{"grid":"L13011","height":39,"airport":"CIAL"},"geometry":{"type":"Polygon","coordinates":[[[76.43334862229285,10.16224331013944],[76.43334862192526,10.158335365347156],[76.42501528475789,10.158335365041943],[76.4250152845619,10.16666869999048],[76.42880951260716,10.166668699665596],[76.43334862154741,10.166668699779496],[76.43334862229285,10.16224331013944]]]}},{"type":"Feature","properties":{"grid":"L14010","height":39,"airport":"CIAL"},"geometry":{"type":"Polygon","coordinates":[[[76.44168195601253,10.158335365195633],[76.43334862192526,10.158335365347156],[76.43334862229285,10.16224331013944],[76.43334862154741,10.166668699779496],[76.43739619661497,10.166668700111018],[76.44168195637249,10.166668699845323],[76.44168195601253,10.158335365195633]]]}},{"type":"Feature","properties":{"grid":"L14011","height":39,"airport":"CIAL"},"geometry":{"type":"Polygon","coordinates":[[[76.45001529001536,10.16224331038487],[76.4500152895909,10.158335364572453],[76.44168195601253,10.158335365195633],[76.44168195637249,10.166668699845323],[76.44598288482095,10.166668700362273],[76.45001528978321,10.16666870018103],[76.45001529001536,10.16224331038487]]]}},{"type":"Feature","properties":{"grid":"L10012","height":0,"airport":"CIAL"},"geometry":{"type":"Polygon","coordinates":[[[76.37501527456905,10.15000203032645],[76.3687027070059,10.150002029888626],[76.36668194113022,10.150002030176394],[76.36668194070263,10.153564072816954],[76.36668194093144,10.158335365351999],[76.37501527490058,10.158335365241896],[76.37501527456905,10.15000203032645]]]}},{"type":"Feature","properties":{"grid":"L10013","height":0,"airport":"CIAL"},"geometry":{"type":"Polygon","coordinates":[[[76.3833486113279,10.153564072850543],[76.38334861065427,10.150002030187594],[76.37728939325008,10.150002030090462],[76.37501527456905,10.15000203032645],[76.37501527490058,10.158335365241896],[76.38334861060648,10.158335364680083],[76.3833486113279,10.153564072850543]]]}},{"type":"Feature","properties":{"grid":"L11012","height":0,"airport":"CIAL"},"geometry":{"type":"Polygon","coordinates":[[[76.39168194465623,10.1500020297761],[76.38587607856978,10.150002029598268],[76.38334861065427,10.150002030187594],[76.3833486113279,10.153564072850543],[76.38334861060648,10.158335364680083],[76.39168194514852,10.158335364579319],[76.39168194465623,10.1500020297761]]]}},{"type":"Feature","properties":{"grid":"L11013","height":0,"airport":"CIAL"},"geometry":{"type":"Polygon","coordinates":[[[76.40001528184641,10.153564073282272],[76.40001528188778,10.150002029969995],[76.39446276826608,10.150002030194026],[76.39168194465623,10.1500020297761],[76.39168194514852,10.158335364579319],[76.40001528201064,10.158335364921196],[76.40001528184641,10.153564073282272]]]}},{"type":"Feature","properties":{"grid":"L12012","height":0,"airport":"CIAL"},"geometry":{"type":"Polygon","coordinates":[[[76.4083486148776,10.15000202989326],[76.40304945211031,10.15000203010879],[76.40001528188778,10.150002029969995],[76.40001528184641,10.153564073282272],[76.40001528201064,10.158335364921196],[76.40834861463397,10.158335364825843],[76.4083486148776,10.15000202989326]]]}},{"type":"Feature","properties":{"grid":"L12013","height":0,"airport":"CIAL"},"geometry":{"type":"Polygon","coordinates":[[[76.41668195000865,10.15356407318853],[76.4166819498512,10.15000203041986],[76.41163613996264,10.150002030200751],[76.4083486148776,10.15000202989326],[76.40834861463397,10.158335364825843],[76.41668195015674,10.158335365163266],[76.41668195000865,10.15356407318853]]]}},{"type":"Feature","properties":{"grid":"L13012","height":0,"airport":"CIAL"},"geometry":{"type":"Polygon","coordinates":[[[76.42501528480878,10.150002029746243],[76.42022282433604,10.150002029593804],[76.4166819498512,10.15000203041986],[76.41668195000865,10.15356407318853],[76.41668195015674,10.158335365163266],[76.42501528475789,10.158335365041943],[76.42501528480878,10.150002029746243]]]}},{"type":"Feature","properties":{"grid":"L13013","height":0,"airport":"CIAL"},"geometry":{"type":"Polygon","coordinates":[[[76.4333486217863,10.15356407341824],[76.43334862232938,10.150002029665794],[76.42880951326946,10.150002030057502],[76.42501528480878,10.150002029746243],[76.42501528475789,10.158335365041943],[76.43334862192526,10.158335365347156],[76.4333486217863,10.15356407341824]]]}},{"type":"Feature","properties":{"grid":"L14012","height":0,"airport":"CIAL"},"geometry":{"type":"Polygon","coordinates":[[[76.44168195585836,10.150002030203389],[76.43739619744676,10.150002029819875],[76.43334862232938,10.150002029665794],[76.4333486217863,10.15356407341824],[76.43334862192526,10.158335365347156],[76.44168195601253,10.158335365195633],[76.44168195585836,10.150002030203389]]]}},{"type":"Feature","properties":{"grid":"L14013","height":0,"airport":"CIAL"},"geometry":{"type":"Polygon","coordinates":[[[76.45001529036664,10.153564073066919],[76.45001528978793,10.150002030431974],[76.44598288490289,10.150002029745961],[76.44168195585836,10.150002030203389],[76.44168195601253,10.158335365195633],[76.4500152895909,10.158335364572453],[76.45001529036664,10.153564073066919]]]}},{"type":"Feature","properties":{"grid":"M10010","height":0,"airport":"CIAL"},"geometry":{"type":"Polygon","coordinates":[[[76.37501527486575,10.141668695045684],[76.36668194086919,10.141668694637085],[76.36668194130992,10.144884835657594],[76.36668194113022,10.150002030176394],[76.3687027070059,10.150002029888626],[76.37501527456905,10.15000203032645],[76.37501527486575,10.141668695045684]]]}},{"type":"Feature","properties":{"grid":"M10011","height":0,"airport":"CIAL"},"geometry":{"type":"Polygon","coordinates":[[[76.38334861141472,10.144884835947098],[76.38334861059312,10.141668695335836],[76.37501527486575,10.141668695045684],[76.37501527456905,10.15000203032645],[76.37728939325008,10.150002030090462],[76.38334861065427,10.150002030187594],[76.38334861141472,10.144884835947098]]]}},{"type":"Feature","properties":{"grid":"M11010","height":0,"airport":"CIAL"},"geometry":{"type":"Polygon","coordinates":[[[76.39168194514299,10.14166869461195],[76.38334861059312,10.141668695335836],[76.38334861141472,10.144884835947098],[76.38334861065427,10.150002030187594],[76.38587607856978,10.150002029598268],[76.39168194465623,10.1500020297761],[76.39168194514299,10.14166869461195]]]}},{"type":"Feature","properties":{"grid":"M11011","height":0,"airport":"CIAL"},"geometry":{"type":"Polygon","coordinates":[[[76.40001528230911,10.14488483642096],[76.4000152820068,10.141668694663979],[76.39168194514299,10.14166869461195],[76.39168194465623,10.1500020297761],[76.39446276826608,10.150002030194026],[76.40001528188778,10.150002029969995],[76.40001528230911,10.14488483642096]]]}},{"type":"Feature","properties":{"grid":"M12010","height":0,"airport":"CIAL"},"geometry":{"type":"Polygon","coordinates":[[[76.408348614626,10.141668694612044],[76.4000152820068,10.141668694663979],[76.40001528230911,10.14488483642096],[76.40001528188778,10.150002029969995],[76.40304945211031,10.15000203010879],[76.4083486148776,10.15000202989326],[76.408348614626,10.141668694612044]]]}},{"type":"Feature","properties":{"grid":"M12011","height":0,"airport":"CIAL"},"geometry":{"type":"Polygon","coordinates":[[[76.41668194991824,10.144884836163264],[76.41668195013844,10.141668695326164],[76.408348614626,10.141668694612044],[76.4083486148776,10.15000202989326],[76.41163613996264,10.150002030200751],[76.4166819498512,10.15000203041986],[76.41668194991824,10.144884836163264]]]}},{"type":"Feature","properties":{"grid":"M13010","height":0,"airport":"CIAL"},"geometry":{"type":"Polygon","coordinates":[[[76.42501528471928,10.141668695010647],[76.41668195013844,10.141668695326164],[76.41668194991824,10.144884836163264],[76.4166819498512,10.15000203041986],[76.42022282433604,10.150002029593804],[76.42501528480878,10.150002029746243],[76.42501528471928,10.141668695010647]]]}},{"type":"Feature","properties":{"grid":"M13011","height":0,"airport":"CIAL"},"geometry":{"type":"Polygon","coordinates":[[[76.43334862203854,10.1448848360152],[76.43334862185603,10.141668694550836],[76.42501528471928,10.141668695010647],[76.42501528480878,10.150002029746243],[76.42880951326946,10.150002030057502],[76.43334862232938,10.150002029665794],[76.43334862203854,10.1448848360152]]]}},{"type":"Feature","properties":{"grid":"M14010","height":0,"airport":"CIAL"},"geometry":{"type":"Polygon","coordinates":[[[76.4416819559107,10.141668694871704],[76.43334862185603,10.141668694550836],[76.43334862203854,10.1448848360152],[76.43334862232938,10.150002029665794],[76.43739619744676,10.150002029819875],[76.44168195585836,10.150002030203389],[76.4416819559107,10.141668694871704]]]}},{"type":"Feature","properties":{"grid":"M14011","height":0,"airport":"CIAL"},"geometry":{"type":"Polygon","coordinates":[[[76.4500152900362,10.144884835984373],[76.45001529036284,10.141668695050178],[76.4416819559107,10.141668694871704],[76.44168195585836,10.150002030203389],[76.44598288490289,10.150002029745961],[76.45001528978793,10.150002030431974],[76.4500152900362,10.144884835984373]]]}},{"type":"Feature","properties":{"grid":"M10012","height":29,"airport":"CIAL"},"geometry":{"type":"Polygon","coordinates":[[[76.37501527488264,10.133335360310744],[76.36870270731055,10.133335359941793],[76.36668194106548,10.133335359637597],[76.36668194115447,10.136205597800394],[76.36668194086919,10.141668694637085],[76.37501527486575,10.141668695045684],[76.37501527488264,10.133335360310744]]]}},{"type":"Feature","properties":{"grid":"M10013","height":29,"airport":"CIAL"},"geometry":{"type":"Polygon","coordinates":[[[76.38334861111942,10.136205598350669],[76.38334861133629,10.133335360124113],[76.37728939267885,10.133335359713197],[76.37501527488264,10.133335360310744],[76.37501527486575,10.141668695045684],[76.38334861059312,10.141668695335836],[76.38334861111942,10.136205598350669]]]}},{"type":"Feature","properties":{"grid":"M11012","height":29,"airport":"CIAL"},"geometry":{"type":"Polygon","coordinates":[[[76.39168194478829,10.133335360001956],[76.38587607894543,10.133335360040974],[76.38334861133629,10.133335360124113],[76.38334861111942,10.136205598350669],[76.38334861059312,10.141668695335836],[76.39168194514299,10.14166869461195],[76.39168194478829,10.133335360001956]]]}},{"type":"Feature","properties":{"grid":"M11013","height":29,"airport":"CIAL"},"geometry":{"type":"Polygon","coordinates":[[[76.40001528185374,10.136205597971228],[76.40001528237238,10.133335359910483],[76.39446276774919,10.133335360009958],[76.39168194478829,10.133335360001956],[76.39168194514299,10.14166869461195],[76.4000152820068,10.141668694663979],[76.40001528185374,10.136205597971228]]]}},{"type":"Feature","properties":{"grid":"M12012","height":29,"airport":"CIAL"},"geometry":{"type":"Polygon","coordinates":[[[76.40834861479642,10.133335359885569],[76.40304945160734,10.133335359647932],[76.40001528237238,10.133335359910483],[76.40001528185374,10.136205597971228],[76.4000152820068,10.141668694663979],[76.408348614626,10.141668694612044],[76.40834861479642,10.133335359885569]]]}},{"type":"Feature","properties":{"grid":"M12013","height":29,"airport":"CIAL"},"geometry":{"type":"Polygon","coordinates":[[[76.41668195020284,10.136205597550624],[76.41668195010664,10.13333535988923],[76.41163614037951,10.133335359813096],[76.40834861479642,10.133335359885569],[76.408348614626,10.141668694612044],[76.41668195013844,10.141668695326164],[76.41668195020284,10.136205597550624]]]}},{"type":"Feature","properties":{"grid":"M13012","height":29,"airport":"CIAL"},"geometry":{"type":"Polygon","coordinates":[[[76.42501528539873,10.133335359930165],[76.42022282384146,10.133335359641057],[76.41668195010664,10.13333535988923],[76.41668195020284,10.136205597550624],[76.41668195013844,10.141668695326164],[76.42501528471928,10.141668695010647],[76.42501528539873,10.133335359930165]]]}},{"type":"Feature","properties":{"grid":"M13013","height":39,"airport":"CIAL"},"geometry":{"type":"Polygon","coordinates":[[[76.4333486221378,10.136205597937881],[76.43334862233108,10.133335359997385],[76.42880951276524,10.13333535998551],[76.42501528539873,10.133335359930165],[76.42501528471928,10.141668695010647],[76.43334862185603,10.141668694550836],[76.4333486221378,10.136205597937881]]]}},{"type":"Feature","properties":{"grid":"M14012","height":39,"airport":"CIAL"},"geometry":{"type":"Polygon","coordinates":[[[76.44168195617435,10.133335360107816],[76.43739619692664,10.133335359982524],[76.43334862233108,10.133335359997385],[76.4333486221378,10.136205597937881],[76.43334862185603,10.141668694550836],[76.4416819559107,10.141668694871704],[76.44168195617435,10.133335360107816]]]}},{"type":"Feature","properties":{"grid":"M14013","height":39,"airport":"CIAL"},"geometry":{"type":"Polygon","coordinates":[[[76.45001528993346,10.136205598232538],[76.450015290412,10.133335360242562],[76.44598288526862,10.133335359588985],[76.44168195617435,10.133335360107816],[76.4416819559107,10.141668694871704],[76.45001529036284,10.141668695050178],[76.45001528993346,10.136205598232538]]]}}]}